DIGI:pdigi_valid,L1TrackTrigger,L1,L1P2GT,DIGI2RAW,HLT:@relvalRun4,ENDJOB
We have determined that this is simulation (if not, rerun cmsDriver.py with --data)
entry file:step1.root
Step: DIGI Spec: ['pdigi_valid']
Step: L1TrackTrigger Spec: 
Step: L1 Spec: 
Step: L1P2GT Spec: 
Loading P2GT menu from L1Trigger.Configuration.Phase2GTMenus.step1_2024
Step: DIGI2RAW Spec: 
Step: HLT Spec: ['@relvalRun4']
Step: ENDJOB Spec: 
customising the process with customizeHLTforMC from HLTrigger/Configuration/customizeHLTforMC
Starting  cmsRun  step2_DIGI_L1TrackTrigger_L1_L1P2GT_DIGI2RAW_HLT.py
%MSG-i ThreadStreamSetup:  (NoModuleName) 08-Sep-2026 16:49:44 CEST pre-events
setting # threads 16
setting # streams 16
%MSG
%MSG-i AlpakaService:  (NoModuleName) 08-Sep-2026 16:49:45 CEST pre-events
AlpakaServiceSerialSync succesfully initialised.
Found 1 device:
  - 11th Gen Intel(R) Core(TM) i7-11700 @ 2.50GHz
%MSG
08-Sep-2026 16:49:47 CEST  Initiating request to open file file:step1.root
08-Sep-2026 16:49:48 CEST  Successfully opened file file:step1.root
constructing InputMakerPhase2
 using Phase2 DT trigger primitives
%MSG-e HLTConfigProvider:  HLTrigReport:hltTrigReport@beginRun  08-Sep-2026 16:50:08 CEST Run: 1
Falling back to ProcessName-only init using ProcessName 'HLTX' !
%MSG
%MSG-e HLTConfigProvider:  HLTrigReport:hltTrigReport@beginRun  08-Sep-2026 16:50:08 CEST Run: 1
 Process name 'HLTX' not found in registry!
%MSG
YAWED detId=438045701 signRow=0 signCol=0 flipped=1 sinTilt=0
YAWED detId=438045705 signRow=1 signCol=0 flipped=0 sinTilt=0
YAWED detId=438045709 signRow=0 signCol=0 flipped=1 sinTilt=0
YAWED detId=438045713 signRow=1 signCol=0 flipped=0 sinTilt=5.00677e-17
YAWED detId=438045717 signRow=0 signCol=0 flipped=1 sinTilt=0
YAWED detId=438045721 signRow=1 signCol=0 flipped=0 sinTilt=0
YAWED detId=438045725 signRow=0 signCol=0 flipped=1 sinTilt=0
YAWED detId=438046725 signRow=0 signCol=0 flipped=1 sinTilt=0
YAWED detId=438046729 signRow=1 signCol=0 flipped=0 sinTilt=0
YAWED detId=438046733 signRow=0 signCol=0 flipped=1 sinTilt=0
YAWED detId=438046737 signRow=1 signCol=0 flipped=0 sinTilt=3.45005e-17
YAWED detId=438046741 signRow=0 signCol=0 flipped=1 sinTilt=0
YAWED detId=438046745 signRow=1 signCol=0 flipped=0 sinTilt=0
YAWED detId=438046749 signRow=0 signCol=0 flipped=1 sinTilt=0
YAWED detId=438049797 signRow=0 signCol=0 flipped=1 sinTilt=0
YAWED detId=438049801 signRow=1 signCol=0 flipped=0 sinTilt=0
YAWED detId=438049805 signRow=0 signCol=0 flipped=1 sinTilt=0
YAWED detId=438049809 signRow=1 signCol=0 flipped=0 sinTilt=-1.0737e-16
YAWED detId=438049813 signRow=0 signCol=0 flipped=1 sinTilt=0
YAWED detId=438049817 signRow=1 signCol=0 flipped=0 sinTilt=0
YAWED detId=438049821 signRow=0 signCol=0 flipped=1 sinTilt=0
YAWED detId=438050821 signRow=0 signCol=0 flipped=1 sinTilt=0
YAWED detId=438050825 signRow=1 signCol=0 flipped=0 sinTilt=0
YAWED detId=438050829 signRow=0 signCol=0 flipped=1 sinTilt=0
YAWED detId=438050833 signRow=1 signCol=0 flipped=0 sinTilt=-1.67291e-16
YAWED detId=438050837 signRow=0 signCol=0 flipped=1 sinTilt=0
YAWED detId=438050841 signRow=1 signCol=0 flipped=0 sinTilt=0
YAWED detId=438050845 signRow=0 signCol=0 flipped=1 sinTilt=0
YAWED detId=438053893 signRow=0 signCol=0 flipped=1 sinTilt=0
YAWED detId=438053897 signRow=1 signCol=0 flipped=0 sinTilt=0
YAWED detId=438053901 signRow=0 signCol=0 flipped=1 sinTilt=0
YAWED detId=438053905 signRow=1 signCol=0 flipped=0 sinTilt=-2.89755e-16
YAWED detId=438053909 signRow=0 signCol=0 flipped=1 sinTilt=0
YAWED detId=438053913 signRow=1 signCol=0 flipped=0 sinTilt=0
YAWED detId=438053917 signRow=0 signCol=0 flipped=1 sinTilt=0
YAWED detId=438054917 signRow=0 signCol=0 flipped=1 sinTilt=0
YAWED detId=438054921 signRow=1 signCol=0 flipped=0 sinTilt=0
YAWED detId=438054925 signRow=0 signCol=0 flipped=1 sinTilt=0
YAWED detId=438054929 signRow=1 signCol=0 flipped=0 sinTilt=-2.94995e-16
YAWED detId=438054933 signRow=0 signCol=0 flipped=1 sinTilt=0
YAWED detId=438054937 signRow=1 signCol=0 flipped=0 sinTilt=0
YAWED detId=438054941 signRow=0 signCol=0 flipped=1 sinTilt=0
YAWED detId=438057989 signRow=0 signCol=0 flipped=1 sinTilt=0
YAWED detId=438057993 signRow=1 signCol=0 flipped=0 sinTilt=0
YAWED detId=438057997 signRow=0 signCol=0 flipped=1 sinTilt=0
YAWED detId=438058001 signRow=1 signCol=0 flipped=0 sinTilt=-1.95658e-16
YAWED detId=438058005 signRow=0 signCol=0 flipped=1 sinTilt=0
YAWED detId=438058009 signRow=1 signCol=0 flipped=0 sinTilt=0
YAWED detId=438058013 signRow=0 signCol=0 flipped=1 sinTilt=0
YAWED detId=438059013 signRow=0 signCol=0 flipped=1 sinTilt=0
YAWED detId=438059017 signRow=1 signCol=0 flipped=0 sinTilt=0
YAWED detId=438059021 signRow=0 signCol=0 flipped=1 sinTilt=0
YAWED detId=438059025 signRow=1 signCol=0 flipped=0 sinTilt=-1.37559e-16
YAWED detId=438059029 signRow=0 signCol=0 flipped=1 sinTilt=0
YAWED detId=438059033 signRow=1 signCol=0 flipped=0 sinTilt=0
YAWED detId=438059037 signRow=0 signCol=0 flipped=1 sinTilt=0
YAWED detId=437781509 signRow=1 signCol=0 flipped=0 sinTilt=-0.731351
YAWED detId=437781513 signRow=0 signCol=0 flipped=1 sinTilt=-0.731354
YAWED detId=437781517 signRow=1 signCol=0 flipped=0 sinTilt=-0.731351
YAWED detId=437781521 signRow=0 signCol=0 flipped=1 sinTilt=-0.731351
YAWED detId=437781525 signRow=1 signCol=0 flipped=0 sinTilt=-0.731354
YAWED detId=437781529 signRow=0 signCol=0 flipped=1 sinTilt=-0.731351
YAWED detId=437781533 signRow=1 signCol=0 flipped=0 sinTilt=-0.731351
YAWED detId=437781537 signRow=0 signCol=0 flipped=1 sinTilt=-0.731354
YAWED detId=437781541 signRow=1 signCol=0 flipped=0 sinTilt=-0.731351
YAWED detId=437781545 signRow=0 signCol=0 flipped=1 sinTilt=-0.731354
YAWED detId=437781549 signRow=1 signCol=0 flipped=0 sinTilt=-0.731358
YAWED detId=437781553 signRow=0 signCol=0 flipped=1 sinTilt=-0.731354
YAWED detId=437781557 signRow=1 signCol=0 flipped=0 sinTilt=-0.731351
YAWED detId=437781561 signRow=0 signCol=0 flipped=1 sinTilt=-0.731351
YAWED detId=437781565 signRow=1 signCol=0 flipped=0 sinTilt=-0.731351
YAWED detId=437781569 signRow=0 signCol=0 flipped=1 sinTilt=-0.731354
YAWED detId=437781573 signRow=1 signCol=0 flipped=0 sinTilt=-0.731358
YAWED detId=437781577 signRow=0 signCol=0 flipped=1 sinTilt=-0.731354
YAWED detId=437782533 signRow=1 signCol=0 flipped=0 sinTilt=-0.731351
YAWED detId=437782537 signRow=0 signCol=0 flipped=1 sinTilt=-0.731354
YAWED detId=437782541 signRow=1 signCol=0 flipped=0 sinTilt=-0.731351
YAWED detId=437782545 signRow=0 signCol=0 flipped=1 sinTilt=-0.731351
YAWED detId=437782549 signRow=1 signCol=0 flipped=0 sinTilt=-0.731354
YAWED detId=437782553 signRow=0 signCol=0 flipped=1 sinTilt=-0.731351
YAWED detId=437782557 signRow=1 signCol=0 flipped=0 sinTilt=-0.731351
YAWED detId=437782561 signRow=0 signCol=0 flipped=1 sinTilt=-0.731354
YAWED detId=437782565 signRow=1 signCol=0 flipped=0 sinTilt=-0.731351
YAWED detId=437782569 signRow=0 signCol=0 flipped=1 sinTilt=-0.731354
YAWED detId=437782573 signRow=1 signCol=0 flipped=0 sinTilt=-0.731358
YAWED detId=437782577 signRow=0 signCol=0 flipped=1 sinTilt=-0.731354
YAWED detId=437782581 signRow=1 signCol=0 flipped=0 sinTilt=-0.731351
YAWED detId=437782585 signRow=0 signCol=0 flipped=1 sinTilt=-0.731351
YAWED detId=437782589 signRow=1 signCol=0 flipped=0 sinTilt=-0.731351
YAWED detId=437782593 signRow=0 signCol=0 flipped=1 sinTilt=-0.731354
YAWED detId=437782597 signRow=1 signCol=0 flipped=0 sinTilt=-0.731358
YAWED detId=437782601 signRow=0 signCol=0 flipped=1 sinTilt=-0.731354
YAWED detId=437783557 signRow=1 signCol=0 flipped=0 sinTilt=-0.731351
YAWED detId=437783561 signRow=0 signCol=0 flipped=1 sinTilt=-0.731354
YAWED detId=437783565 signRow=1 signCol=0 flipped=0 sinTilt=-0.731351
YAWED detId=437783569 signRow=0 signCol=0 flipped=1 sinTilt=-0.731351
YAWED detId=437783573 signRow=1 signCol=0 flipped=0 sinTilt=-0.731354
YAWED detId=437783577 signRow=0 signCol=0 flipped=1 sinTilt=-0.731351
YAWED detId=437783581 signRow=1 signCol=0 flipped=0 sinTilt=-0.731351
YAWED detId=437783585 signRow=0 signCol=0 flipped=1 sinTilt=-0.731354
YAWED detId=437783589 signRow=1 signCol=0 flipped=0 sinTilt=-0.731351
YAWED detId=437783593 signRow=0 signCol=0 flipped=1 sinTilt=-0.731354
YAWED detId=437783597 signRow=1 signCol=0 flipped=0 sinTilt=-0.731358
YAWED detId=437783601 signRow=0 signCol=0 flipped=1 sinTilt=-0.731354
YAWED detId=437783605 signRow=1 signCol=0 flipped=0 sinTilt=-0.731351
YAWED detId=437783609 signRow=0 signCol=0 flipped=1 sinTilt=-0.731351
YAWED detId=437783613 signRow=1 signCol=0 flipped=0 sinTilt=-0.731351
YAWED detId=437783617 signRow=0 signCol=0 flipped=1 sinTilt=-0.731354
YAWED detId=437783621 signRow=1 signCol=0 flipped=0 sinTilt=-0.731358
YAWED detId=437783625 signRow=0 signCol=0 flipped=1 sinTilt=-0.731354
YAWED detId=437784581 signRow=1 signCol=0 flipped=0 sinTilt=-0.866024
YAWED detId=437784585 signRow=0 signCol=0 flipped=1 sinTilt=-0.866027
YAWED detId=437784589 signRow=1 signCol=0 flipped=0 sinTilt=-0.866024
YAWED detId=437784593 signRow=0 signCol=0 flipped=1 sinTilt=-0.866027
YAWED detId=437784597 signRow=1 signCol=0 flipped=0 sinTilt=-0.866024
YAWED detId=437784601 signRow=0 signCol=0 flipped=1 sinTilt=-0.866027
YAWED detId=437784605 signRow=1 signCol=0 flipped=0 sinTilt=-0.866024
YAWED detId=437784609 signRow=0 signCol=0 flipped=1 sinTilt=-0.866027
YAWED detId=437784613 signRow=1 signCol=0 flipped=0 sinTilt=-0.866024
YAWED detId=437784617 signRow=0 signCol=0 flipped=1 sinTilt=-0.866027
YAWED detId=437784621 signRow=1 signCol=0 flipped=0 sinTilt=-0.866026
YAWED detId=437784625 signRow=0 signCol=0 flipped=1 sinTilt=-0.866025
YAWED detId=437784629 signRow=1 signCol=0 flipped=0 sinTilt=-0.866026
YAWED detId=437784633 signRow=0 signCol=0 flipped=1 sinTilt=-0.866025
YAWED detId=437784637 signRow=1 signCol=0 flipped=0 sinTilt=-0.866026
YAWED detId=437784641 signRow=0 signCol=0 flipped=1 sinTilt=-0.866025
YAWED detId=437784645 signRow=1 signCol=0 flipped=0 sinTilt=-0.866026
YAWED detId=437784649 signRow=0 signCol=0 flipped=1 sinTilt=-0.866027
YAWED detId=437785605 signRow=1 signCol=0 flipped=0 sinTilt=-0.866024
YAWED detId=437785609 signRow=0 signCol=0 flipped=1 sinTilt=-0.866028
YAWED detId=437785613 signRow=1 signCol=0 flipped=0 sinTilt=-0.866024
YAWED detId=437785617 signRow=0 signCol=0 flipped=1 sinTilt=-0.866028
YAWED detId=437785621 signRow=1 signCol=0 flipped=0 sinTilt=-0.866024
YAWED detId=437785625 signRow=0 signCol=0 flipped=1 sinTilt=-0.866028
YAWED detId=437785629 signRow=1 signCol=0 flipped=0 sinTilt=-0.866024
YAWED detId=437785633 signRow=0 signCol=0 flipped=1 sinTilt=-0.866028
YAWED detId=437785637 signRow=1 signCol=0 flipped=0 sinTilt=-0.866024
YAWED detId=437785641 signRow=0 signCol=0 flipped=1 sinTilt=-0.866028
YAWED detId=437785645 signRow=1 signCol=0 flipped=0 sinTilt=-0.866026
YAWED detId=437785649 signRow=0 signCol=0 flipped=1 sinTilt=-0.866026
YAWED detId=437785653 signRow=1 signCol=0 flipped=0 sinTilt=-0.866026
YAWED detId=437785657 signRow=0 signCol=0 flipped=1 sinTilt=-0.866026
YAWED detId=437785661 signRow=1 signCol=0 flipped=0 sinTilt=-0.866026
YAWED detId=437785665 signRow=0 signCol=0 flipped=1 sinTilt=-0.866026
YAWED detId=437785669 signRow=1 signCol=0 flipped=0 sinTilt=-0.866026
YAWED detId=437785673 signRow=0 signCol=0 flipped=1 sinTilt=-0.866028
YAWED detId=437786629 signRow=1 signCol=0 flipped=0 sinTilt=-0.866024
YAWED detId=437786633 signRow=0 signCol=0 flipped=1 sinTilt=-0.866026
YAWED detId=437786637 signRow=1 signCol=0 flipped=0 sinTilt=-0.866024
YAWED detId=437786641 signRow=0 signCol=0 flipped=1 sinTilt=-0.866026
YAWED detId=437786645 signRow=1 signCol=0 flipped=0 sinTilt=-0.866024
YAWED detId=437786649 signRow=0 signCol=0 flipped=1 sinTilt=-0.866026
YAWED detId=437786653 signRow=1 signCol=0 flipped=0 sinTilt=-0.866024
YAWED detId=437786657 signRow=0 signCol=0 flipped=1 sinTilt=-0.866026
YAWED detId=437786661 signRow=1 signCol=0 flipped=0 sinTilt=-0.866024
YAWED detId=437786665 signRow=0 signCol=0 flipped=1 sinTilt=-0.866026
YAWED detId=437786669 signRow=1 signCol=0 flipped=0 sinTilt=-0.866026
YAWED detId=437786673 signRow=0 signCol=0 flipped=1 sinTilt=-0.866024
YAWED detId=437786677 signRow=1 signCol=0 flipped=0 sinTilt=-0.866026
YAWED detId=437786681 signRow=0 signCol=0 flipped=1 sinTilt=-0.866024
YAWED detId=437786685 signRow=1 signCol=0 flipped=0 sinTilt=-0.866026
YAWED detId=437786689 signRow=0 signCol=0 flipped=1 sinTilt=-0.866024
YAWED detId=437786693 signRow=1 signCol=0 flipped=0 sinTilt=-0.866026
YAWED detId=437786697 signRow=0 signCol=0 flipped=1 sinTilt=-0.866026
YAWED detId=437787653 signRow=1 signCol=0 flipped=0 sinTilt=-0.866026
YAWED detId=437787657 signRow=0 signCol=0 flipped=1 sinTilt=-0.866028
YAWED detId=437787661 signRow=1 signCol=0 flipped=0 sinTilt=-0.866026
YAWED detId=437787665 signRow=0 signCol=0 flipped=1 sinTilt=-0.866028
YAWED detId=437787669 signRow=1 signCol=0 flipped=0 sinTilt=-0.866026
YAWED detId=437787673 signRow=0 signCol=0 flipped=1 sinTilt=-0.866028
YAWED detId=437787677 signRow=1 signCol=0 flipped=0 sinTilt=-0.866026
YAWED detId=437787681 signRow=0 signCol=0 flipped=1 sinTilt=-0.866028
YAWED detId=437787685 signRow=1 signCol=0 flipped=0 sinTilt=-0.866026
YAWED detId=437787689 signRow=0 signCol=0 flipped=1 sinTilt=-0.866028
YAWED detId=437787693 signRow=1 signCol=0 flipped=0 sinTilt=-0.866028
YAWED detId=437787697 signRow=0 signCol=0 flipped=1 sinTilt=-0.866026
YAWED detId=437787701 signRow=1 signCol=0 flipped=0 sinTilt=-0.866028
YAWED detId=437787705 signRow=0 signCol=0 flipped=1 sinTilt=-0.866026
YAWED detId=437787709 signRow=1 signCol=0 flipped=0 sinTilt=-0.866028
YAWED detId=437787713 signRow=0 signCol=0 flipped=1 sinTilt=-0.866026
YAWED detId=437787717 signRow=1 signCol=0 flipped=0 sinTilt=-0.866028
YAWED detId=437787721 signRow=0 signCol=0 flipped=1 sinTilt=-0.866028
YAWED detId=437788677 signRow=1 signCol=0 flipped=0 sinTilt=-0.951058
YAWED detId=437788681 signRow=0 signCol=0 flipped=1 sinTilt=-0.951057
YAWED detId=437788685 signRow=1 signCol=0 flipped=0 sinTilt=-0.951056
YAWED detId=437788689 signRow=0 signCol=0 flipped=1 sinTilt=-0.951055
YAWED detId=437788693 signRow=1 signCol=0 flipped=0 sinTilt=-0.951056
YAWED detId=437788697 signRow=0 signCol=0 flipped=1 sinTilt=-0.951055
YAWED detId=437788701 signRow=1 signCol=0 flipped=0 sinTilt=-0.951056
YAWED detId=437788705 signRow=0 signCol=0 flipped=1 sinTilt=-0.951057
YAWED detId=437788709 signRow=1 signCol=0 flipped=0 sinTilt=-0.951058
YAWED detId=437788713 signRow=0 signCol=0 flipped=1 sinTilt=-0.951055
YAWED detId=437788717 signRow=1 signCol=0 flipped=0 sinTilt=-0.951055
YAWED detId=437788721 signRow=0 signCol=0 flipped=1 sinTilt=-0.951055
YAWED detId=437788725 signRow=1 signCol=0 flipped=0 sinTilt=-0.951056
YAWED detId=437788729 signRow=0 signCol=0 flipped=1 sinTilt=-0.951057
YAWED detId=437788733 signRow=1 signCol=0 flipped=0 sinTilt=-0.951056
YAWED detId=437788737 signRow=0 signCol=0 flipped=1 sinTilt=-0.951055
YAWED detId=437788741 signRow=1 signCol=0 flipped=0 sinTilt=-0.951055
YAWED detId=437788745 signRow=0 signCol=0 flipped=1 sinTilt=-0.951055
YAWED detId=437789701 signRow=1 signCol=0 flipped=0 sinTilt=-0.951058
YAWED detId=437789705 signRow=0 signCol=0 flipped=1 sinTilt=-0.951056
YAWED detId=437789709 signRow=1 signCol=0 flipped=0 sinTilt=-0.951056
YAWED detId=437789713 signRow=0 signCol=0 flipped=1 sinTilt=-0.951055
YAWED detId=437789717 signRow=1 signCol=0 flipped=0 sinTilt=-0.951056
YAWED detId=437789721 signRow=0 signCol=0 flipped=1 sinTilt=-0.951055
YAWED detId=437789725 signRow=1 signCol=0 flipped=0 sinTilt=-0.951056
YAWED detId=437789729 signRow=0 signCol=0 flipped=1 sinTilt=-0.951056
YAWED detId=437789733 signRow=1 signCol=0 flipped=0 sinTilt=-0.951058
YAWED detId=437789737 signRow=0 signCol=0 flipped=1 sinTilt=-0.951055
YAWED detId=437789741 signRow=1 signCol=0 flipped=0 sinTilt=-0.951055
YAWED detId=437789745 signRow=0 signCol=0 flipped=1 sinTilt=-0.951055
YAWED detId=437789749 signRow=1 signCol=0 flipped=0 sinTilt=-0.951056
YAWED detId=437789753 signRow=0 signCol=0 flipped=1 sinTilt=-0.951056
YAWED detId=437789757 signRow=1 signCol=0 flipped=0 sinTilt=-0.951056
YAWED detId=437789761 signRow=0 signCol=0 flipped=1 sinTilt=-0.951055
YAWED detId=437789765 signRow=1 signCol=0 flipped=0 sinTilt=-0.951055
YAWED detId=437789769 signRow=0 signCol=0 flipped=1 sinTilt=-0.951055
YAWED detId=437790725 signRow=1 signCol=0 flipped=0 sinTilt=-0.951058
YAWED detId=437790729 signRow=0 signCol=0 flipped=1 sinTilt=-0.951058
YAWED detId=437790733 signRow=1 signCol=0 flipped=0 sinTilt=-0.951056
YAWED detId=437790737 signRow=0 signCol=0 flipped=1 sinTilt=-0.951056
YAWED detId=437790741 signRow=1 signCol=0 flipped=0 sinTilt=-0.951056
YAWED detId=437790745 signRow=0 signCol=0 flipped=1 sinTilt=-0.951056
YAWED detId=437790749 signRow=1 signCol=0 flipped=0 sinTilt=-0.951056
YAWED detId=437790753 signRow=0 signCol=0 flipped=1 sinTilt=-0.951058
YAWED detId=437790757 signRow=1 signCol=0 flipped=0 sinTilt=-0.951058
YAWED detId=437790761 signRow=0 signCol=0 flipped=1 sinTilt=-0.951056
YAWED detId=437790765 signRow=1 signCol=0 flipped=0 sinTilt=-0.951055
YAWED detId=437790769 signRow=0 signCol=0 flipped=1 sinTilt=-0.951056
YAWED detId=437790773 signRow=1 signCol=0 flipped=0 sinTilt=-0.951056
YAWED detId=437790777 signRow=0 signCol=0 flipped=1 sinTilt=-0.951058
YAWED detId=437790781 signRow=1 signCol=0 flipped=0 sinTilt=-0.951056
YAWED detId=437790785 signRow=0 signCol=0 flipped=1 sinTilt=-0.951056
YAWED detId=437790789 signRow=1 signCol=0 flipped=0 sinTilt=-0.951055
YAWED detId=437790793 signRow=0 signCol=0 flipped=1 sinTilt=-0.951056
YAWED detId=437791749 signRow=1 signCol=0 flipped=0 sinTilt=-0.951056
YAWED detId=437791753 signRow=0 signCol=0 flipped=1 sinTilt=-0.951058
YAWED detId=437791757 signRow=1 signCol=0 flipped=0 sinTilt=-0.951055
YAWED detId=437791761 signRow=0 signCol=0 flipped=1 sinTilt=-0.951056
YAWED detId=437791765 signRow=1 signCol=0 flipped=0 sinTilt=-0.951055
YAWED detId=437791769 signRow=0 signCol=0 flipped=1 sinTilt=-0.951056
YAWED detId=437791773 signRow=1 signCol=0 flipped=0 sinTilt=-0.951055
YAWED detId=437791777 signRow=0 signCol=0 flipped=1 sinTilt=-0.951058
YAWED detId=437791781 signRow=1 signCol=0 flipped=0 sinTilt=-0.951056
YAWED detId=437791785 signRow=0 signCol=0 flipped=1 sinTilt=-0.951056
YAWED detId=437791789 signRow=1 signCol=0 flipped=0 sinTilt=-0.951053
YAWED detId=437791793 signRow=0 signCol=0 flipped=1 sinTilt=-0.951056
YAWED detId=437791797 signRow=1 signCol=0 flipped=0 sinTilt=-0.951055
YAWED detId=437791801 signRow=0 signCol=0 flipped=1 sinTilt=-0.951058
YAWED detId=437791805 signRow=1 signCol=0 flipped=0 sinTilt=-0.951055
YAWED detId=437791809 signRow=0 signCol=0 flipped=1 sinTilt=-0.951056
YAWED detId=437791813 signRow=1 signCol=0 flipped=0 sinTilt=-0.951053
YAWED detId=437791817 signRow=0 signCol=0 flipped=1 sinTilt=-0.951056
YAWED detId=437792773 signRow=1 signCol=0 flipped=0 sinTilt=-0.951058
YAWED detId=437792777 signRow=0 signCol=0 flipped=1 sinTilt=-0.951058
YAWED detId=437792781 signRow=1 signCol=0 flipped=0 sinTilt=-0.951056
YAWED detId=437792785 signRow=0 signCol=0 flipped=1 sinTilt=-0.951056
YAWED detId=437792789 signRow=1 signCol=0 flipped=0 sinTilt=-0.951056
YAWED detId=437792793 signRow=0 signCol=0 flipped=1 sinTilt=-0.951056
YAWED detId=437792797 signRow=1 signCol=0 flipped=0 sinTilt=-0.951056
YAWED detId=437792801 signRow=0 signCol=0 flipped=1 sinTilt=-0.951058
YAWED detId=437792805 signRow=1 signCol=0 flipped=0 sinTilt=-0.951058
YAWED detId=437792809 signRow=0 signCol=0 flipped=1 sinTilt=-0.951056
YAWED detId=437792813 signRow=1 signCol=0 flipped=0 sinTilt=-0.951055
YAWED detId=437792817 signRow=0 signCol=0 flipped=1 sinTilt=-0.951056
YAWED detId=437792821 signRow=1 signCol=0 flipped=0 sinTilt=-0.951056
YAWED detId=437792825 signRow=0 signCol=0 flipped=1 sinTilt=-0.951058
YAWED detId=437792829 signRow=1 signCol=0 flipped=0 sinTilt=-0.951056
YAWED detId=437792833 signRow=0 signCol=0 flipped=1 sinTilt=-0.951056
YAWED detId=437792837 signRow=1 signCol=0 flipped=0 sinTilt=-0.951055
YAWED detId=437792841 signRow=0 signCol=0 flipped=1 sinTilt=-0.951056
YAWED detId=439092229 signRow=0 signCol=0 flipped=1 sinTilt=0
YAWED detId=439092233 signRow=1 signCol=0 flipped=0 sinTilt=0
YAWED detId=439092237 signRow=0 signCol=0 flipped=1 sinTilt=0
YAWED detId=439092241 signRow=1 signCol=0 flipped=0 sinTilt=0
YAWED detId=439092245 signRow=0 signCol=0 flipped=1 sinTilt=0
YAWED detId=439092249 signRow=1 signCol=0 flipped=0 sinTilt=1.38705e-17
YAWED detId=439092253 signRow=0 signCol=0 flipped=1 sinTilt=0
YAWED detId=439092257 signRow=1 signCol=0 flipped=0 sinTilt=0
YAWED detId=439092261 signRow=0 signCol=0 flipped=1 sinTilt=0
YAWED detId=439092265 signRow=1 signCol=0 flipped=0 sinTilt=0
YAWED detId=439092269 signRow=0 signCol=0 flipped=1 sinTilt=0
YAWED detId=439093253 signRow=0 signCol=0 flipped=1 sinTilt=0
YAWED detId=439093257 signRow=1 signCol=0 flipped=0 sinTilt=0
YAWED detId=439093261 signRow=0 signCol=0 flipped=1 sinTilt=0
YAWED detId=439093265 signRow=1 signCol=0 flipped=0 sinTilt=0
YAWED detId=439093269 signRow=0 signCol=0 flipped=1 sinTilt=0
YAWED detId=439093273 signRow=1 signCol=0 flipped=0 sinTilt=3.54695e-17
YAWED detId=439093277 signRow=0 signCol=0 flipped=1 sinTilt=0
YAWED detId=439093281 signRow=1 signCol=0 flipped=0 sinTilt=0
YAWED detId=439093285 signRow=0 signCol=0 flipped=1 sinTilt=0
YAWED detId=439093289 signRow=1 signCol=0 flipped=0 sinTilt=0
YAWED detId=439093293 signRow=0 signCol=0 flipped=1 sinTilt=0
YAWED detId=439096325 signRow=0 signCol=0 flipped=1 sinTilt=0
YAWED detId=439096329 signRow=1 signCol=0 flipped=0 sinTilt=0
YAWED detId=439096333 signRow=0 signCol=0 flipped=1 sinTilt=0
YAWED detId=439096337 signRow=1 signCol=0 flipped=0 sinTilt=0
YAWED detId=439096341 signRow=0 signCol=0 flipped=1 sinTilt=0
YAWED detId=439096345 signRow=1 signCol=0 flipped=0 sinTilt=4.28837e-17
YAWED detId=439096349 signRow=0 signCol=0 flipped=1 sinTilt=0
YAWED detId=439096353 signRow=1 signCol=0 flipped=0 sinTilt=0
YAWED detId=439096357 signRow=0 signCol=0 flipped=1 sinTilt=0
YAWED detId=439096361 signRow=1 signCol=0 flipped=0 sinTilt=0
YAWED detId=439096365 signRow=0 signCol=0 flipped=1 sinTilt=0
YAWED detId=439097349 signRow=0 signCol=0 flipped=1 sinTilt=0
YAWED detId=439097353 signRow=1 signCol=0 flipped=0 sinTilt=0
YAWED detId=439097357 signRow=0 signCol=0 flipped=1 sinTilt=0
YAWED detId=439097361 signRow=1 signCol=0 flipped=0 sinTilt=0
YAWED detId=439097365 signRow=0 signCol=0 flipped=1 sinTilt=0
YAWED detId=439097369 signRow=1 signCol=0 flipped=0 sinTilt=2.57492e-17
YAWED detId=439097373 signRow=0 signCol=0 flipped=1 sinTilt=0
YAWED detId=439097377 signRow=1 signCol=0 flipped=0 sinTilt=0
YAWED detId=439097381 signRow=0 signCol=0 flipped=1 sinTilt=0
YAWED detId=439097385 signRow=1 signCol=0 flipped=0 sinTilt=0
YAWED detId=439097389 signRow=0 signCol=0 flipped=1 sinTilt=0
YAWED detId=439100421 signRow=0 signCol=0 flipped=1 sinTilt=0
YAWED detId=439100425 signRow=1 signCol=0 flipped=0 sinTilt=0
YAWED detId=439100429 signRow=0 signCol=0 flipped=1 sinTilt=0
YAWED detId=439100433 signRow=1 signCol=0 flipped=0 sinTilt=0
YAWED detId=439100437 signRow=0 signCol=0 flipped=1 sinTilt=0
YAWED detId=439100441 signRow=1 signCol=0 flipped=0 sinTilt=-7.09378e-17
YAWED detId=439100445 signRow=0 signCol=0 flipped=1 sinTilt=0
YAWED detId=439100449 signRow=1 signCol=0 flipped=0 sinTilt=0
YAWED detId=439100453 signRow=0 signCol=0 flipped=1 sinTilt=0
YAWED detId=439100457 signRow=1 signCol=0 flipped=0 sinTilt=0
YAWED detId=439100461 signRow=0 signCol=0 flipped=1 sinTilt=0
YAWED detId=439101445 signRow=0 signCol=0 flipped=1 sinTilt=0
YAWED detId=439101449 signRow=1 signCol=0 flipped=0 sinTilt=0
YAWED detId=439101453 signRow=0 signCol=0 flipped=1 sinTilt=0
YAWED detId=439101457 signRow=1 signCol=0 flipped=0 sinTilt=0
YAWED detId=439101461 signRow=0 signCol=0 flipped=1 sinTilt=0
YAWED detId=439101465 signRow=1 signCol=0 flipped=0 sinTilt=-1.12004e-16
YAWED detId=439101469 signRow=0 signCol=0 flipped=1 sinTilt=0
YAWED detId=439101473 signRow=1 signCol=0 flipped=0 sinTilt=0
YAWED detId=439101477 signRow=0 signCol=0 flipped=1 sinTilt=0
YAWED detId=439101481 signRow=1 signCol=0 flipped=0 sinTilt=0
YAWED detId=439101485 signRow=0 signCol=0 flipped=1 sinTilt=0
YAWED detId=439104517 signRow=0 signCol=0 flipped=1 sinTilt=0
YAWED detId=439104521 signRow=1 signCol=0 flipped=0 sinTilt=0
YAWED detId=439104525 signRow=0 signCol=0 flipped=1 sinTilt=0
YAWED detId=439104529 signRow=1 signCol=0 flipped=0 sinTilt=0
YAWED detId=439104533 signRow=0 signCol=0 flipped=1 sinTilt=0
YAWED detId=439104537 signRow=1 signCol=0 flipped=0 sinTilt=-2.29282e-16
YAWED detId=439104541 signRow=0 signCol=0 flipped=1 sinTilt=0
YAWED detId=439104545 signRow=1 signCol=0 flipped=0 sinTilt=0
YAWED detId=439104549 signRow=0 signCol=0 flipped=1 sinTilt=0
YAWED detId=439104553 signRow=1 signCol=0 flipped=0 sinTilt=0
YAWED detId=439104557 signRow=0 signCol=0 flipped=1 sinTilt=0
YAWED detId=439105541 signRow=0 signCol=0 flipped=1 sinTilt=0
YAWED detId=439105545 signRow=1 signCol=0 flipped=0 sinTilt=0
YAWED detId=439105549 signRow=0 signCol=0 flipped=1 sinTilt=0
YAWED detId=439105553 signRow=1 signCol=0 flipped=0 sinTilt=0
YAWED detId=439105557 signRow=0 signCol=0 flipped=1 sinTilt=0
YAWED detId=439105561 signRow=1 signCol=0 flipped=0 sinTilt=-2.58804e-16
YAWED detId=439105565 signRow=0 signCol=0 flipped=1 sinTilt=0
YAWED detId=439105569 signRow=1 signCol=0 flipped=0 sinTilt=0
YAWED detId=439105573 signRow=0 signCol=0 flipped=1 sinTilt=0
YAWED detId=439105577 signRow=1 signCol=0 flipped=0 sinTilt=0
YAWED detId=439105581 signRow=0 signCol=0 flipped=1 sinTilt=0
YAWED detId=439108613 signRow=0 signCol=0 flipped=1 sinTilt=0
YAWED detId=439108617 signRow=1 signCol=0 flipped=0 sinTilt=0
YAWED detId=439108621 signRow=0 signCol=0 flipped=1 sinTilt=0
YAWED detId=439108625 signRow=1 signCol=0 flipped=0 sinTilt=0
YAWED detId=439108629 signRow=0 signCol=0 flipped=1 sinTilt=0
YAWED detId=439108633 signRow=1 signCol=0 flipped=0 sinTilt=-2.9534e-16
YAWED detId=439108637 signRow=0 signCol=0 flipped=1 sinTilt=0
YAWED detId=439108641 signRow=1 signCol=0 flipped=0 sinTilt=0
YAWED detId=439108645 signRow=0 signCol=0 flipped=1 sinTilt=0
YAWED detId=439108649 signRow=1 signCol=0 flipped=0 sinTilt=0
YAWED detId=439108653 signRow=0 signCol=0 flipped=1 sinTilt=0
YAWED detId=439109637 signRow=0 signCol=0 flipped=1 sinTilt=0
YAWED detId=439109641 signRow=1 signCol=0 flipped=0 sinTilt=0
YAWED detId=439109645 signRow=0 signCol=0 flipped=1 sinTilt=0
YAWED detId=439109649 signRow=1 signCol=0 flipped=0 sinTilt=0
YAWED detId=439109653 signRow=0 signCol=0 flipped=1 sinTilt=0
YAWED detId=439109657 signRow=1 signCol=0 flipped=0 sinTilt=-2.87814e-16
YAWED detId=439109661 signRow=0 signCol=0 flipped=1 sinTilt=0
YAWED detId=439109665 signRow=1 signCol=0 flipped=0 sinTilt=0
YAWED detId=439109669 signRow=0 signCol=0 flipped=1 sinTilt=0
YAWED detId=439109673 signRow=1 signCol=0 flipped=0 sinTilt=0
YAWED detId=439109677 signRow=0 signCol=0 flipped=1 sinTilt=0
YAWED detId=439112709 signRow=0 signCol=0 flipped=1 sinTilt=0
YAWED detId=439112713 signRow=1 signCol=0 flipped=0 sinTilt=0
YAWED detId=439112717 signRow=0 signCol=0 flipped=1 sinTilt=0
YAWED detId=439112721 signRow=1 signCol=0 flipped=0 sinTilt=0
YAWED detId=439112725 signRow=0 signCol=0 flipped=1 sinTilt=0
YAWED detId=439112729 signRow=1 signCol=0 flipped=0 sinTilt=-2.12062e-16
YAWED detId=439112733 signRow=0 signCol=0 flipped=1 sinTilt=0
YAWED detId=439112737 signRow=1 signCol=0 flipped=0 sinTilt=0
YAWED detId=439112741 signRow=0 signCol=0 flipped=1 sinTilt=0
YAWED detId=439112745 signRow=1 signCol=0 flipped=0 sinTilt=0
YAWED detId=439112749 signRow=0 signCol=0 flipped=1 sinTilt=0
YAWED detId=439113733 signRow=0 signCol=0 flipped=1 sinTilt=0
YAWED detId=439113737 signRow=1 signCol=0 flipped=0 sinTilt=0
YAWED detId=439113741 signRow=0 signCol=0 flipped=1 sinTilt=0
YAWED detId=439113745 signRow=1 signCol=0 flipped=0 sinTilt=0
YAWED detId=439113749 signRow=0 signCol=0 flipped=1 sinTilt=0
YAWED detId=439113753 signRow=1 signCol=0 flipped=0 sinTilt=-1.73987e-16
YAWED detId=439113757 signRow=0 signCol=0 flipped=1 sinTilt=0
YAWED detId=439113761 signRow=1 signCol=0 flipped=0 sinTilt=0
YAWED detId=439113765 signRow=0 signCol=0 flipped=1 sinTilt=0
YAWED detId=439113769 signRow=1 signCol=0 flipped=0 sinTilt=0
YAWED detId=439113773 signRow=0 signCol=0 flipped=1 sinTilt=0
YAWED detId=439116805 signRow=0 signCol=0 flipped=1 sinTilt=0
YAWED detId=439116809 signRow=1 signCol=0 flipped=0 sinTilt=0
YAWED detId=439116813 signRow=0 signCol=0 flipped=1 sinTilt=0
YAWED detId=439116817 signRow=1 signCol=0 flipped=0 sinTilt=0
YAWED detId=439116821 signRow=0 signCol=0 flipped=1 sinTilt=0
YAWED detId=439116825 signRow=1 signCol=0 flipped=0 sinTilt=-5.13858e-17
YAWED detId=439116829 signRow=0 signCol=0 flipped=1 sinTilt=0
YAWED detId=439116833 signRow=1 signCol=0 flipped=0 sinTilt=0
YAWED detId=439116837 signRow=0 signCol=0 flipped=1 sinTilt=0
YAWED detId=439116841 signRow=1 signCol=0 flipped=0 sinTilt=0
YAWED detId=439116845 signRow=0 signCol=0 flipped=1 sinTilt=0
YAWED detId=439117829 signRow=0 signCol=0 flipped=1 sinTilt=0
YAWED detId=439117833 signRow=1 signCol=0 flipped=0 sinTilt=0
YAWED detId=439117837 signRow=0 signCol=0 flipped=1 sinTilt=0
YAWED detId=439117841 signRow=1 signCol=0 flipped=0 sinTilt=0
YAWED detId=439117845 signRow=0 signCol=0 flipped=1 sinTilt=0
YAWED detId=439117849 signRow=1 signCol=0 flipped=0 sinTilt=-1.56546e-17
YAWED detId=439117853 signRow=0 signCol=0 flipped=1 sinTilt=0
YAWED detId=439117857 signRow=1 signCol=0 flipped=0 sinTilt=0
YAWED detId=439117861 signRow=0 signCol=0 flipped=1 sinTilt=0
YAWED detId=439117865 signRow=1 signCol=0 flipped=0 sinTilt=0
YAWED detId=439117869 signRow=0 signCol=0 flipped=1 sinTilt=0
YAWED detId=438830085 signRow=1 signCol=0 flipped=0 sinTilt=-0.642787
YAWED detId=438830089 signRow=0 signCol=0 flipped=1 sinTilt=-0.64279
YAWED detId=438830093 signRow=1 signCol=0 flipped=0 sinTilt=-0.642787
YAWED detId=438830097 signRow=0 signCol=0 flipped=1 sinTilt=-0.642783
YAWED detId=438830101 signRow=1 signCol=0 flipped=0 sinTilt=-0.642787
YAWED detId=438830105 signRow=0 signCol=0 flipped=1 sinTilt=-0.642783
YAWED detId=438830109 signRow=1 signCol=0 flipped=0 sinTilt=-0.642787
YAWED detId=438830113 signRow=0 signCol=0 flipped=1 sinTilt=-0.642783
YAWED detId=438830117 signRow=1 signCol=0 flipped=0 sinTilt=-0.642787
YAWED detId=438830121 signRow=0 signCol=0 flipped=1 sinTilt=-0.642783
YAWED detId=438830125 signRow=1 signCol=0 flipped=0 sinTilt=-0.642787
YAWED detId=438830129 signRow=0 signCol=0 flipped=1 sinTilt=-0.64279
YAWED detId=438830133 signRow=1 signCol=0 flipped=0 sinTilt=-0.642787
YAWED detId=438830137 signRow=0 signCol=0 flipped=1 sinTilt=-0.642783
YAWED detId=438830141 signRow=1 signCol=0 flipped=0 sinTilt=-0.642787
YAWED detId=438830145 signRow=0 signCol=0 flipped=1 sinTilt=-0.642783
YAWED detId=438830149 signRow=1 signCol=0 flipped=0 sinTilt=-0.642794
YAWED detId=438830153 signRow=0 signCol=0 flipped=1 sinTilt=-0.64279
YAWED detId=438830157 signRow=1 signCol=0 flipped=0 sinTilt=-0.64278
YAWED detId=438830161 signRow=0 signCol=0 flipped=1 sinTilt=-0.64279
YAWED detId=438830165 signRow=1 signCol=0 flipped=0 sinTilt=-0.64278
YAWED detId=438830169 signRow=0 signCol=0 flipped=1 sinTilt=-0.642783
YAWED detId=438830173 signRow=1 signCol=0 flipped=0 sinTilt=-0.642794
YAWED detId=438830177 signRow=0 signCol=0 flipped=1 sinTilt=-0.642783
YAWED detId=438830181 signRow=1 signCol=0 flipped=0 sinTilt=-0.642787
YAWED detId=438830185 signRow=0 signCol=0 flipped=1 sinTilt=-0.642783
YAWED detId=438831109 signRow=1 signCol=0 flipped=0 sinTilt=-0.642787
YAWED detId=438831113 signRow=0 signCol=0 flipped=1 sinTilt=-0.642794
YAWED detId=438831117 signRow=1 signCol=0 flipped=0 sinTilt=-0.642787
YAWED detId=438831121 signRow=0 signCol=0 flipped=1 sinTilt=-0.642787
YAWED detId=438831125 signRow=1 signCol=0 flipped=0 sinTilt=-0.642787
YAWED detId=438831129 signRow=0 signCol=0 flipped=1 sinTilt=-0.642787
YAWED detId=438831133 signRow=1 signCol=0 flipped=0 sinTilt=-0.642787
YAWED detId=438831137 signRow=0 signCol=0 flipped=1 sinTilt=-0.642787
YAWED detId=438831141 signRow=1 signCol=0 flipped=0 sinTilt=-0.642787
YAWED detId=438831145 signRow=0 signCol=0 flipped=1 sinTilt=-0.642787
YAWED detId=438831149 signRow=1 signCol=0 flipped=0 sinTilt=-0.642787
YAWED detId=438831153 signRow=0 signCol=0 flipped=1 sinTilt=-0.642794
YAWED detId=438831157 signRow=1 signCol=0 flipped=0 sinTilt=-0.642787
YAWED detId=438831161 signRow=0 signCol=0 flipped=1 sinTilt=-0.642787
YAWED detId=438831165 signRow=1 signCol=0 flipped=0 sinTilt=-0.642787
YAWED detId=438831169 signRow=0 signCol=0 flipped=1 sinTilt=-0.642787
YAWED detId=438831173 signRow=1 signCol=0 flipped=0 sinTilt=-0.642794
YAWED detId=438831177 signRow=0 signCol=0 flipped=1 sinTilt=-0.642794
YAWED detId=438831181 signRow=1 signCol=0 flipped=0 sinTilt=-0.64278
YAWED detId=438831185 signRow=0 signCol=0 flipped=1 sinTilt=-0.642794
YAWED detId=438831189 signRow=1 signCol=0 flipped=0 sinTilt=-0.64278
YAWED detId=438831193 signRow=0 signCol=0 flipped=1 sinTilt=-0.642787
YAWED detId=438831197 signRow=1 signCol=0 flipped=0 sinTilt=-0.642794
YAWED detId=438831201 signRow=0 signCol=0 flipped=1 sinTilt=-0.642787
YAWED detId=438831205 signRow=1 signCol=0 flipped=0 sinTilt=-0.642787
YAWED detId=438831209 signRow=0 signCol=0 flipped=1 sinTilt=-0.642787
YAWED detId=438832133 signRow=1 signCol=0 flipped=0 sinTilt=-0.642787
YAWED detId=438832137 signRow=0 signCol=0 flipped=1 sinTilt=-0.642794
YAWED detId=438832141 signRow=1 signCol=0 flipped=0 sinTilt=-0.642787
YAWED detId=438832145 signRow=0 signCol=0 flipped=1 sinTilt=-0.642787
YAWED detId=438832149 signRow=1 signCol=0 flipped=0 sinTilt=-0.642787
YAWED detId=438832153 signRow=0 signCol=0 flipped=1 sinTilt=-0.642787
YAWED detId=438832157 signRow=1 signCol=0 flipped=0 sinTilt=-0.642787
YAWED detId=438832161 signRow=0 signCol=0 flipped=1 sinTilt=-0.642787
YAWED detId=438832165 signRow=1 signCol=0 flipped=0 sinTilt=-0.642787
YAWED detId=438832169 signRow=0 signCol=0 flipped=1 sinTilt=-0.642787
YAWED detId=438832173 signRow=1 signCol=0 flipped=0 sinTilt=-0.642787
YAWED detId=438832177 signRow=0 signCol=0 flipped=1 sinTilt=-0.642794
YAWED detId=438832181 signRow=1 signCol=0 flipped=0 sinTilt=-0.642787
YAWED detId=438832185 signRow=0 signCol=0 flipped=1 sinTilt=-0.642787
YAWED detId=438832189 signRow=1 signCol=0 flipped=0 sinTilt=-0.642787
YAWED detId=438832193 signRow=0 signCol=0 flipped=1 sinTilt=-0.642787
YAWED detId=438832197 signRow=1 signCol=0 flipped=0 sinTilt=-0.642794
YAWED detId=438832201 signRow=0 signCol=0 flipped=1 sinTilt=-0.642794
YAWED detId=438832205 signRow=1 signCol=0 flipped=0 sinTilt=-0.64278
YAWED detId=438832209 signRow=0 signCol=0 flipped=1 sinTilt=-0.642794
YAWED detId=438832213 signRow=1 signCol=0 flipped=0 sinTilt=-0.64278
YAWED detId=438832217 signRow=0 signCol=0 flipped=1 sinTilt=-0.642787
YAWED detId=438832221 signRow=1 signCol=0 flipped=0 sinTilt=-0.642794
YAWED detId=438832225 signRow=0 signCol=0 flipped=1 sinTilt=-0.642787
YAWED detId=438832229 signRow=1 signCol=0 flipped=0 sinTilt=-0.642787
YAWED detId=438832233 signRow=0 signCol=0 flipped=1 sinTilt=-0.642787
YAWED detId=438833157 signRow=1 signCol=0 flipped=0 sinTilt=-0.819154
YAWED detId=438833161 signRow=0 signCol=0 flipped=1 sinTilt=-0.819147
YAWED detId=438833165 signRow=1 signCol=0 flipped=0 sinTilt=-0.819154
YAWED detId=438833169 signRow=0 signCol=0 flipped=1 sinTilt=-0.819154
YAWED detId=438833173 signRow=1 signCol=0 flipped=0 sinTilt=-0.819147
YAWED detId=438833177 signRow=0 signCol=0 flipped=1 sinTilt=-0.819147
YAWED detId=438833181 signRow=1 signCol=0 flipped=0 sinTilt=-0.819154
YAWED detId=438833185 signRow=0 signCol=0 flipped=1 sinTilt=-0.819147
YAWED detId=438833189 signRow=1 signCol=0 flipped=0 sinTilt=-0.819147
YAWED detId=438833193 signRow=0 signCol=0 flipped=1 sinTilt=-0.819154
YAWED detId=438833197 signRow=1 signCol=0 flipped=0 sinTilt=-0.819154
YAWED detId=438833201 signRow=0 signCol=0 flipped=1 sinTilt=-0.819147
YAWED detId=438833205 signRow=1 signCol=0 flipped=0 sinTilt=-0.819154
YAWED detId=438833209 signRow=0 signCol=0 flipped=1 sinTilt=-0.819147
YAWED detId=438833213 signRow=1 signCol=0 flipped=0 sinTilt=-0.819147
YAWED detId=438833217 signRow=0 signCol=0 flipped=1 sinTilt=-0.819147
YAWED detId=438833221 signRow=1 signCol=0 flipped=0 sinTilt=-0.819147
YAWED detId=438833225 signRow=0 signCol=0 flipped=1 sinTilt=-0.819147
YAWED detId=438833229 signRow=1 signCol=0 flipped=0 sinTilt=-0.819147
YAWED detId=438833233 signRow=0 signCol=0 flipped=1 sinTilt=-0.819147
YAWED detId=438833237 signRow=1 signCol=0 flipped=0 sinTilt=-0.819147
YAWED detId=438833241 signRow=0 signCol=0 flipped=1 sinTilt=-0.819147
YAWED detId=438833245 signRow=1 signCol=0 flipped=0 sinTilt=-0.819147
YAWED detId=438833249 signRow=0 signCol=0 flipped=1 sinTilt=-0.819154
YAWED detId=438833253 signRow=1 signCol=0 flipped=0 sinTilt=-0.819147
YAWED detId=438833257 signRow=0 signCol=0 flipped=1 sinTilt=-0.819147
YAWED detId=438834181 signRow=1 signCol=0 flipped=0 sinTilt=-0.819154
YAWED detId=438834185 signRow=0 signCol=0 flipped=1 sinTilt=-0.819147
YAWED detId=438834189 signRow=1 signCol=0 flipped=0 sinTilt=-0.819154
YAWED detId=438834193 signRow=0 signCol=0 flipped=1 sinTilt=-0.819154
YAWED detId=438834197 signRow=1 signCol=0 flipped=0 sinTilt=-0.819147
YAWED detId=438834201 signRow=0 signCol=0 flipped=1 sinTilt=-0.819147
YAWED detId=438834205 signRow=1 signCol=0 flipped=0 sinTilt=-0.819154
YAWED detId=438834209 signRow=0 signCol=0 flipped=1 sinTilt=-0.819147
YAWED detId=438834213 signRow=1 signCol=0 flipped=0 sinTilt=-0.819147
YAWED detId=438834217 signRow=0 signCol=0 flipped=1 sinTilt=-0.819154
YAWED detId=438834221 signRow=1 signCol=0 flipped=0 sinTilt=-0.819154
YAWED detId=438834225 signRow=0 signCol=0 flipped=1 sinTilt=-0.819147
YAWED detId=438834229 signRow=1 signCol=0 flipped=0 sinTilt=-0.819154
YAWED detId=438834233 signRow=0 signCol=0 flipped=1 sinTilt=-0.819147
YAWED detId=438834237 signRow=1 signCol=0 flipped=0 sinTilt=-0.819147
YAWED detId=438834241 signRow=0 signCol=0 flipped=1 sinTilt=-0.819147
YAWED detId=438834245 signRow=1 signCol=0 flipped=0 sinTilt=-0.819147
YAWED detId=438834249 signRow=0 signCol=0 flipped=1 sinTilt=-0.819147
YAWED detId=438834253 signRow=1 signCol=0 flipped=0 sinTilt=-0.819147
YAWED detId=438834257 signRow=0 signCol=0 flipped=1 sinTilt=-0.819147
YAWED detId=438834261 signRow=1 signCol=0 flipped=0 sinTilt=-0.819147
YAWED detId=438834265 signRow=0 signCol=0 flipped=1 sinTilt=-0.819147
YAWED detId=438834269 signRow=1 signCol=0 flipped=0 sinTilt=-0.819147
YAWED detId=438834273 signRow=0 signCol=0 flipped=1 sinTilt=-0.819154
YAWED detId=438834277 signRow=1 signCol=0 flipped=0 sinTilt=-0.819147
YAWED detId=438834281 signRow=0 signCol=0 flipped=1 sinTilt=-0.819147
YAWED detId=438835205 signRow=1 signCol=0 flipped=0 sinTilt=-0.819154
YAWED detId=438835209 signRow=0 signCol=0 flipped=1 sinTilt=-0.819152
YAWED detId=438835213 signRow=1 signCol=0 flipped=0 sinTilt=-0.819154
YAWED detId=438835217 signRow=0 signCol=0 flipped=1 sinTilt=-0.819159
YAWED detId=438835221 signRow=1 signCol=0 flipped=0 sinTilt=-0.819147
YAWED detId=438835225 signRow=0 signCol=0 flipped=1 sinTilt=-0.819152
YAWED detId=438835229 signRow=1 signCol=0 flipped=0 sinTilt=-0.819154
YAWED detId=438835233 signRow=0 signCol=0 flipped=1 sinTilt=-0.819152
YAWED detId=438835237 signRow=1 signCol=0 flipped=0 sinTilt=-0.819147
YAWED detId=438835241 signRow=0 signCol=0 flipped=1 sinTilt=-0.819159
YAWED detId=438835245 signRow=1 signCol=0 flipped=0 sinTilt=-0.819154
YAWED detId=438835249 signRow=0 signCol=0 flipped=1 sinTilt=-0.819152
YAWED detId=438835253 signRow=1 signCol=0 flipped=0 sinTilt=-0.819154
YAWED detId=438835257 signRow=0 signCol=0 flipped=1 sinTilt=-0.819152
YAWED detId=438835261 signRow=1 signCol=0 flipped=0 sinTilt=-0.819147
YAWED detId=438835265 signRow=0 signCol=0 flipped=1 sinTilt=-0.819152
YAWED detId=438835269 signRow=1 signCol=0 flipped=0 sinTilt=-0.819147
YAWED detId=438835273 signRow=0 signCol=0 flipped=1 sinTilt=-0.819152
YAWED detId=438835277 signRow=1 signCol=0 flipped=0 sinTilt=-0.819147
YAWED detId=438835281 signRow=0 signCol=0 flipped=1 sinTilt=-0.819152
YAWED detId=438835285 signRow=1 signCol=0 flipped=0 sinTilt=-0.819147
YAWED detId=438835289 signRow=0 signCol=0 flipped=1 sinTilt=-0.819152
YAWED detId=438835293 signRow=1 signCol=0 flipped=0 sinTilt=-0.819147
YAWED detId=438835297 signRow=0 signCol=0 flipped=1 sinTilt=-0.819159
YAWED detId=438835301 signRow=1 signCol=0 flipped=0 sinTilt=-0.819147
YAWED detId=438835305 signRow=0 signCol=0 flipped=1 sinTilt=-0.819152
YAWED detId=438836229 signRow=1 signCol=0 flipped=0 sinTilt=-0.819149
YAWED detId=438836233 signRow=0 signCol=0 flipped=1 sinTilt=-0.819152
YAWED detId=438836237 signRow=1 signCol=0 flipped=0 sinTilt=-0.819149
YAWED detId=438836241 signRow=0 signCol=0 flipped=1 sinTilt=-0.819159
YAWED detId=438836245 signRow=1 signCol=0 flipped=0 sinTilt=-0.819142
YAWED detId=438836249 signRow=0 signCol=0 flipped=1 sinTilt=-0.819152
YAWED detId=438836253 signRow=1 signCol=0 flipped=0 sinTilt=-0.819149
YAWED detId=438836257 signRow=0 signCol=0 flipped=1 sinTilt=-0.819152
YAWED detId=438836261 signRow=1 signCol=0 flipped=0 sinTilt=-0.819142
YAWED detId=438836265 signRow=0 signCol=0 flipped=1 sinTilt=-0.819159
YAWED detId=438836269 signRow=1 signCol=0 flipped=0 sinTilt=-0.819149
YAWED detId=438836273 signRow=0 signCol=0 flipped=1 sinTilt=-0.819152
YAWED detId=438836277 signRow=1 signCol=0 flipped=0 sinTilt=-0.819149
YAWED detId=438836281 signRow=0 signCol=0 flipped=1 sinTilt=-0.819152
YAWED detId=438836285 signRow=1 signCol=0 flipped=0 sinTilt=-0.819142
YAWED detId=438836289 signRow=0 signCol=0 flipped=1 sinTilt=-0.819152
YAWED detId=438836293 signRow=1 signCol=0 flipped=0 sinTilt=-0.819142
YAWED detId=438836297 signRow=0 signCol=0 flipped=1 sinTilt=-0.819152
YAWED detId=438836301 signRow=1 signCol=0 flipped=0 sinTilt=-0.819142
YAWED detId=438836305 signRow=0 signCol=0 flipped=1 sinTilt=-0.819152
YAWED detId=438836309 signRow=1 signCol=0 flipped=0 sinTilt=-0.819142
YAWED detId=438836313 signRow=0 signCol=0 flipped=1 sinTilt=-0.819152
YAWED detId=438836317 signRow=1 signCol=0 flipped=0 sinTilt=-0.819142
YAWED detId=438836321 signRow=0 signCol=0 flipped=1 sinTilt=-0.819159
YAWED detId=438836325 signRow=1 signCol=0 flipped=0 sinTilt=-0.819142
YAWED detId=438836329 signRow=0 signCol=0 flipped=1 sinTilt=-0.819152
YAWED detId=438837253 signRow=1 signCol=0 flipped=0 sinTilt=-0.927181
YAWED detId=438837257 signRow=0 signCol=0 flipped=1 sinTilt=-0.927185
YAWED detId=438837261 signRow=1 signCol=0 flipped=0 sinTilt=-0.927181
YAWED detId=438837265 signRow=0 signCol=0 flipped=1 sinTilt=-0.927185
YAWED detId=438837269 signRow=1 signCol=0 flipped=0 sinTilt=-0.927181
YAWED detId=438837273 signRow=0 signCol=0 flipped=1 sinTilt=-0.927181
YAWED detId=438837277 signRow=1 signCol=0 flipped=0 sinTilt=-0.927185
YAWED detId=438837281 signRow=0 signCol=0 flipped=1 sinTilt=-0.927181
YAWED detId=438837285 signRow=1 signCol=0 flipped=0 sinTilt=-0.927181
YAWED detId=438837289 signRow=0 signCol=0 flipped=1 sinTilt=-0.927185
YAWED detId=438837293 signRow=1 signCol=0 flipped=0 sinTilt=-0.927185
YAWED detId=438837297 signRow=0 signCol=0 flipped=1 sinTilt=-0.927185
YAWED detId=438837301 signRow=1 signCol=0 flipped=0 sinTilt=-0.927181
YAWED detId=438837305 signRow=0 signCol=0 flipped=1 sinTilt=-0.927185
YAWED detId=438837309 signRow=1 signCol=0 flipped=0 sinTilt=-0.927181
YAWED detId=438837313 signRow=0 signCol=0 flipped=1 sinTilt=-0.927185
YAWED detId=438837317 signRow=1 signCol=0 flipped=0 sinTilt=-0.927188
YAWED detId=438837321 signRow=0 signCol=0 flipped=1 sinTilt=-0.927181
YAWED detId=438837325 signRow=1 signCol=0 flipped=0 sinTilt=-0.927181
YAWED detId=438837329 signRow=0 signCol=0 flipped=1 sinTilt=-0.927181
YAWED detId=438837333 signRow=1 signCol=0 flipped=0 sinTilt=-0.927181
YAWED detId=438837337 signRow=0 signCol=0 flipped=1 sinTilt=-0.927181
YAWED detId=438837341 signRow=1 signCol=0 flipped=0 sinTilt=-0.927188
YAWED detId=438837345 signRow=0 signCol=0 flipped=1 sinTilt=-0.927181
YAWED detId=438837349 signRow=1 signCol=0 flipped=0 sinTilt=-0.927181
YAWED detId=438837353 signRow=0 signCol=0 flipped=1 sinTilt=-0.927185
YAWED detId=438838277 signRow=1 signCol=0 flipped=0 sinTilt=-0.927181
YAWED detId=438838281 signRow=0 signCol=0 flipped=1 sinTilt=-0.927185
YAWED detId=438838285 signRow=1 signCol=0 flipped=0 sinTilt=-0.927181
YAWED detId=438838289 signRow=0 signCol=0 flipped=1 sinTilt=-0.927185
YAWED detId=438838293 signRow=1 signCol=0 flipped=0 sinTilt=-0.927181
YAWED detId=438838297 signRow=0 signCol=0 flipped=1 sinTilt=-0.927181
YAWED detId=438838301 signRow=1 signCol=0 flipped=0 sinTilt=-0.927185
YAWED detId=438838305 signRow=0 signCol=0 flipped=1 sinTilt=-0.927181
YAWED detId=438838309 signRow=1 signCol=0 flipped=0 sinTilt=-0.927181
YAWED detId=438838313 signRow=0 signCol=0 flipped=1 sinTilt=-0.927185
YAWED detId=438838317 signRow=1 signCol=0 flipped=0 sinTilt=-0.927185
YAWED detId=438838321 signRow=0 signCol=0 flipped=1 sinTilt=-0.927185
YAWED detId=438838325 signRow=1 signCol=0 flipped=0 sinTilt=-0.927181
YAWED detId=438838329 signRow=0 signCol=0 flipped=1 sinTilt=-0.927185
YAWED detId=438838333 signRow=1 signCol=0 flipped=0 sinTilt=-0.927181
YAWED detId=438838337 signRow=0 signCol=0 flipped=1 sinTilt=-0.927185
YAWED detId=438838341 signRow=1 signCol=0 flipped=0 sinTilt=-0.927188
YAWED detId=438838345 signRow=0 signCol=0 flipped=1 sinTilt=-0.927181
YAWED detId=438838349 signRow=1 signCol=0 flipped=0 sinTilt=-0.927181
YAWED detId=438838353 signRow=0 signCol=0 flipped=1 sinTilt=-0.927181
YAWED detId=438838357 signRow=1 signCol=0 flipped=0 sinTilt=-0.927181
YAWED detId=438838361 signRow=0 signCol=0 flipped=1 sinTilt=-0.927181
YAWED detId=438838365 signRow=1 signCol=0 flipped=0 sinTilt=-0.927188
YAWED detId=438838369 signRow=0 signCol=0 flipped=1 sinTilt=-0.927181
YAWED detId=438838373 signRow=1 signCol=0 flipped=0 sinTilt=-0.927181
YAWED detId=438838377 signRow=0 signCol=0 flipped=1 sinTilt=-0.927185
YAWED detId=438839301 signRow=1 signCol=0 flipped=0 sinTilt=-0.927181
YAWED detId=438839305 signRow=0 signCol=0 flipped=1 sinTilt=-0.927187
YAWED detId=438839309 signRow=1 signCol=0 flipped=0 sinTilt=-0.927181
YAWED detId=438839313 signRow=0 signCol=0 flipped=1 sinTilt=-0.927187
YAWED detId=438839317 signRow=1 signCol=0 flipped=0 sinTilt=-0.927181
YAWED detId=438839321 signRow=0 signCol=0 flipped=1 sinTilt=-0.927184
YAWED detId=438839325 signRow=1 signCol=0 flipped=0 sinTilt=-0.927185
YAWED detId=438839329 signRow=0 signCol=0 flipped=1 sinTilt=-0.927184
YAWED detId=438839333 signRow=1 signCol=0 flipped=0 sinTilt=-0.927181
YAWED detId=438839337 signRow=0 signCol=0 flipped=1 sinTilt=-0.927187
YAWED detId=438839341 signRow=1 signCol=0 flipped=0 sinTilt=-0.927185
YAWED detId=438839345 signRow=0 signCol=0 flipped=1 sinTilt=-0.927187
YAWED detId=438839349 signRow=1 signCol=0 flipped=0 sinTilt=-0.927181
YAWED detId=438839353 signRow=0 signCol=0 flipped=1 sinTilt=-0.927187
YAWED detId=438839357 signRow=1 signCol=0 flipped=0 sinTilt=-0.927181
YAWED detId=438839361 signRow=0 signCol=0 flipped=1 sinTilt=-0.927187
YAWED detId=438839365 signRow=1 signCol=0 flipped=0 sinTilt=-0.927188
YAWED detId=438839369 signRow=0 signCol=0 flipped=1 sinTilt=-0.927184
YAWED detId=438839373 signRow=1 signCol=0 flipped=0 sinTilt=-0.927181
YAWED detId=438839377 signRow=0 signCol=0 flipped=1 sinTilt=-0.927184
YAWED detId=438839381 signRow=1 signCol=0 flipped=0 sinTilt=-0.927181
YAWED detId=438839385 signRow=0 signCol=0 flipped=1 sinTilt=-0.927184
YAWED detId=438839389 signRow=1 signCol=0 flipped=0 sinTilt=-0.927188
YAWED detId=438839393 signRow=0 signCol=0 flipped=1 sinTilt=-0.927184
YAWED detId=438839397 signRow=1 signCol=0 flipped=0 sinTilt=-0.927181
YAWED detId=438839401 signRow=0 signCol=0 flipped=1 sinTilt=-0.927187
YAWED detId=438840325 signRow=1 signCol=0 flipped=0 sinTilt=-0.927181
YAWED detId=438840329 signRow=0 signCol=0 flipped=1 sinTilt=-0.927185
YAWED detId=438840333 signRow=1 signCol=0 flipped=0 sinTilt=-0.927181
YAWED detId=438840337 signRow=0 signCol=0 flipped=1 sinTilt=-0.927185
YAWED detId=438840341 signRow=1 signCol=0 flipped=0 sinTilt=-0.927181
YAWED detId=438840345 signRow=0 signCol=0 flipped=1 sinTilt=-0.927181
YAWED detId=438840349 signRow=1 signCol=0 flipped=0 sinTilt=-0.927185
YAWED detId=438840353 signRow=0 signCol=0 flipped=1 sinTilt=-0.927181
YAWED detId=438840357 signRow=1 signCol=0 flipped=0 sinTilt=-0.927181
YAWED detId=438840361 signRow=0 signCol=0 flipped=1 sinTilt=-0.927185
YAWED detId=438840365 signRow=1 signCol=0 flipped=0 sinTilt=-0.927185
YAWED detId=438840369 signRow=0 signCol=0 flipped=1 sinTilt=-0.927185
YAWED detId=438840373 signRow=1 signCol=0 flipped=0 sinTilt=-0.927181
YAWED detId=438840377 signRow=0 signCol=0 flipped=1 sinTilt=-0.927185
YAWED detId=438840381 signRow=1 signCol=0 flipped=0 sinTilt=-0.927181
YAWED detId=438840385 signRow=0 signCol=0 flipped=1 sinTilt=-0.927185
YAWED detId=438840389 signRow=1 signCol=0 flipped=0 sinTilt=-0.927188
YAWED detId=438840393 signRow=0 signCol=0 flipped=1 sinTilt=-0.927181
YAWED detId=438840397 signRow=1 signCol=0 flipped=0 sinTilt=-0.927181
YAWED detId=438840401 signRow=0 signCol=0 flipped=1 sinTilt=-0.927181
YAWED detId=438840405 signRow=1 signCol=0 flipped=0 sinTilt=-0.927181
YAWED detId=438840409 signRow=0 signCol=0 flipped=1 sinTilt=-0.927181
YAWED detId=438840413 signRow=1 signCol=0 flipped=0 sinTilt=-0.927188
YAWED detId=438840417 signRow=0 signCol=0 flipped=1 sinTilt=-0.927181
YAWED detId=438840421 signRow=1 signCol=0 flipped=0 sinTilt=-0.927181
YAWED detId=438840425 signRow=0 signCol=0 flipped=1 sinTilt=-0.927185
YAWED detId=438841349 signRow=1 signCol=0 flipped=0 sinTilt=-0.927184
YAWED detId=438841353 signRow=0 signCol=0 flipped=1 sinTilt=-0.927185
YAWED detId=438841357 signRow=1 signCol=0 flipped=0 sinTilt=-0.927184
YAWED detId=438841361 signRow=0 signCol=0 flipped=1 sinTilt=-0.927185
YAWED detId=438841365 signRow=1 signCol=0 flipped=0 sinTilt=-0.927184
YAWED detId=438841369 signRow=0 signCol=0 flipped=1 sinTilt=-0.927181
YAWED detId=438841373 signRow=1 signCol=0 flipped=0 sinTilt=-0.927187
YAWED detId=438841377 signRow=0 signCol=0 flipped=1 sinTilt=-0.927181
YAWED detId=438841381 signRow=1 signCol=0 flipped=0 sinTilt=-0.927184
YAWED detId=438841385 signRow=0 signCol=0 flipped=1 sinTilt=-0.927185
YAWED detId=438841389 signRow=1 signCol=0 flipped=0 sinTilt=-0.927187
YAWED detId=438841393 signRow=0 signCol=0 flipped=1 sinTilt=-0.927185
YAWED detId=438841397 signRow=1 signCol=0 flipped=0 sinTilt=-0.927184
YAWED detId=438841401 signRow=0 signCol=0 flipped=1 sinTilt=-0.927185
YAWED detId=438841405 signRow=1 signCol=0 flipped=0 sinTilt=-0.927184
YAWED detId=438841409 signRow=0 signCol=0 flipped=1 sinTilt=-0.927185
YAWED detId=438841413 signRow=1 signCol=0 flipped=0 sinTilt=-0.927191
YAWED detId=438841417 signRow=0 signCol=0 flipped=1 sinTilt=-0.927181
YAWED detId=438841421 signRow=1 signCol=0 flipped=0 sinTilt=-0.927184
YAWED detId=438841425 signRow=0 signCol=0 flipped=1 sinTilt=-0.927181
YAWED detId=438841429 signRow=1 signCol=0 flipped=0 sinTilt=-0.927184
YAWED detId=438841433 signRow=0 signCol=0 flipped=1 sinTilt=-0.927181
YAWED detId=438841437 signRow=1 signCol=0 flipped=0 sinTilt=-0.927191
YAWED detId=438841441 signRow=0 signCol=0 flipped=1 sinTilt=-0.927181
YAWED detId=438841445 signRow=1 signCol=0 flipped=0 sinTilt=-0.927184
YAWED detId=438841449 signRow=0 signCol=0 flipped=1 sinTilt=-0.927185
YAWED detId=440140805 signRow=0 signCol=0 flipped=1 sinTilt=0
YAWED detId=440140809 signRow=1 signCol=0 flipped=0 sinTilt=0
YAWED detId=440140813 signRow=0 signCol=0 flipped=1 sinTilt=0
YAWED detId=440140817 signRow=1 signCol=0 flipped=0 sinTilt=0
YAWED detId=440140821 signRow=0 signCol=0 flipped=1 sinTilt=0
YAWED detId=440140825 signRow=1 signCol=0 flipped=0 sinTilt=0
YAWED detId=440140829 signRow=0 signCol=0 flipped=1 sinTilt=0
YAWED detId=440140833 signRow=1 signCol=0 flipped=0 sinTilt=0
YAWED detId=440140837 signRow=0 signCol=0 flipped=1 sinTilt=0
YAWED detId=440140841 signRow=1 signCol=0 flipped=0 sinTilt=0
YAWED detId=440140845 signRow=0 signCol=0 flipped=1 sinTilt=0
YAWED detId=440140849 signRow=1 signCol=0 flipped=0 sinTilt=0
YAWED detId=440140853 signRow=0 signCol=0 flipped=1 sinTilt=0
YAWED detId=440140857 signRow=1 signCol=0 flipped=0 sinTilt=0
YAWED detId=440140861 signRow=0 signCol=0 flipped=1 sinTilt=0
YAWED detId=440143877 signRow=0 signCol=0 flipped=1 sinTilt=0
YAWED detId=440143881 signRow=1 signCol=0 flipped=0 sinTilt=0
YAWED detId=440143885 signRow=0 signCol=0 flipped=1 sinTilt=0
YAWED detId=440143889 signRow=1 signCol=0 flipped=0 sinTilt=0
YAWED detId=440143893 signRow=0 signCol=0 flipped=1 sinTilt=0
YAWED detId=440143897 signRow=1 signCol=0 flipped=0 sinTilt=0
YAWED detId=440143901 signRow=0 signCol=0 flipped=1 sinTilt=0
YAWED detId=440143905 signRow=1 signCol=0 flipped=0 sinTilt=4.48229e-17
YAWED detId=440143909 signRow=0 signCol=0 flipped=1 sinTilt=0
YAWED detId=440143913 signRow=1 signCol=0 flipped=0 sinTilt=0
YAWED detId=440143917 signRow=0 signCol=0 flipped=1 sinTilt=0
YAWED detId=440143921 signRow=1 signCol=0 flipped=0 sinTilt=0
YAWED detId=440143925 signRow=0 signCol=0 flipped=1 sinTilt=0
YAWED detId=440143929 signRow=1 signCol=0 flipped=0 sinTilt=0
YAWED detId=440143933 signRow=0 signCol=0 flipped=1 sinTilt=0
YAWED detId=440144901 signRow=0 signCol=0 flipped=1 sinTilt=0
YAWED detId=440144905 signRow=1 signCol=0 flipped=0 sinTilt=0
YAWED detId=440144909 signRow=0 signCol=0 flipped=1 sinTilt=0
YAWED detId=440144913 signRow=1 signCol=0 flipped=0 sinTilt=0
YAWED detId=440144917 signRow=0 signCol=0 flipped=1 sinTilt=0
YAWED detId=440144921 signRow=1 signCol=0 flipped=0 sinTilt=0
YAWED detId=440144925 signRow=0 signCol=0 flipped=1 sinTilt=0
YAWED detId=440144929 signRow=1 signCol=0 flipped=0 sinTilt=5.00703e-17
YAWED detId=440144933 signRow=0 signCol=0 flipped=1 sinTilt=0
YAWED detId=440144937 signRow=1 signCol=0 flipped=0 sinTilt=0
YAWED detId=440144941 signRow=0 signCol=0 flipped=1 sinTilt=0
YAWED detId=440144945 signRow=1 signCol=0 flipped=0 sinTilt=0
YAWED detId=440144949 signRow=0 signCol=0 flipped=1 sinTilt=0
YAWED detId=440144953 signRow=1 signCol=0 flipped=0 sinTilt=0
YAWED detId=440144957 signRow=0 signCol=0 flipped=1 sinTilt=0
YAWED detId=440147973 signRow=0 signCol=0 flipped=1 sinTilt=0
YAWED detId=440147977 signRow=1 signCol=0 flipped=0 sinTilt=0
YAWED detId=440147981 signRow=0 signCol=0 flipped=1 sinTilt=0
YAWED detId=440147985 signRow=1 signCol=0 flipped=0 sinTilt=0
YAWED detId=440147989 signRow=0 signCol=0 flipped=1 sinTilt=0
YAWED detId=440147993 signRow=1 signCol=0 flipped=0 sinTilt=0
YAWED detId=440147997 signRow=0 signCol=0 flipped=1 sinTilt=0
YAWED detId=440148001 signRow=1 signCol=0 flipped=0 sinTilt=3.45016e-17
YAWED detId=440148005 signRow=0 signCol=0 flipped=1 sinTilt=0
YAWED detId=440148009 signRow=1 signCol=0 flipped=0 sinTilt=0
YAWED detId=440148013 signRow=0 signCol=0 flipped=1 sinTilt=0
YAWED detId=440148017 signRow=1 signCol=0 flipped=0 sinTilt=0
YAWED detId=440148021 signRow=0 signCol=0 flipped=1 sinTilt=0
YAWED detId=440148025 signRow=1 signCol=0 flipped=0 sinTilt=0
YAWED detId=440148029 signRow=0 signCol=0 flipped=1 sinTilt=0
YAWED detId=440148997 signRow=0 signCol=0 flipped=1 sinTilt=0
YAWED detId=440149001 signRow=1 signCol=0 flipped=0 sinTilt=0
YAWED detId=440149005 signRow=0 signCol=0 flipped=1 sinTilt=0
YAWED detId=440149009 signRow=1 signCol=0 flipped=0 sinTilt=0
YAWED detId=440149013 signRow=0 signCol=0 flipped=1 sinTilt=0
YAWED detId=440149017 signRow=1 signCol=0 flipped=0 sinTilt=0
YAWED detId=440149021 signRow=0 signCol=0 flipped=1 sinTilt=0
YAWED detId=440149025 signRow=1 signCol=0 flipped=0 sinTilt=1.94072e-17
YAWED detId=440149029 signRow=0 signCol=0 flipped=1 sinTilt=0
YAWED detId=440149033 signRow=1 signCol=0 flipped=0 sinTilt=0
YAWED detId=440149037 signRow=0 signCol=0 flipped=1 sinTilt=0
YAWED detId=440149041 signRow=1 signCol=0 flipped=0 sinTilt=0
YAWED detId=440149045 signRow=0 signCol=0 flipped=1 sinTilt=0
YAWED detId=440149049 signRow=1 signCol=0 flipped=0 sinTilt=0
YAWED detId=440149053 signRow=0 signCol=0 flipped=1 sinTilt=0
YAWED detId=440152069 signRow=0 signCol=0 flipped=1 sinTilt=0
YAWED detId=440152073 signRow=1 signCol=0 flipped=0 sinTilt=0
YAWED detId=440152077 signRow=0 signCol=0 flipped=1 sinTilt=0
YAWED detId=440152081 signRow=1 signCol=0 flipped=0 sinTilt=0
YAWED detId=440152085 signRow=0 signCol=0 flipped=1 sinTilt=0
YAWED detId=440152089 signRow=1 signCol=0 flipped=0 sinTilt=0
YAWED detId=440152093 signRow=0 signCol=0 flipped=1 sinTilt=0
YAWED detId=440152097 signRow=1 signCol=0 flipped=0 sinTilt=-4.92721e-17
YAWED detId=440152101 signRow=0 signCol=0 flipped=1 sinTilt=0
YAWED detId=440152105 signRow=1 signCol=0 flipped=0 sinTilt=0
YAWED detId=440152109 signRow=0 signCol=0 flipped=1 sinTilt=0
YAWED detId=440152113 signRow=1 signCol=0 flipped=0 sinTilt=0
YAWED detId=440152117 signRow=0 signCol=0 flipped=1 sinTilt=0
YAWED detId=440152121 signRow=1 signCol=0 flipped=0 sinTilt=0
YAWED detId=440152125 signRow=0 signCol=0 flipped=1 sinTilt=0
YAWED detId=440153093 signRow=0 signCol=0 flipped=1 sinTilt=0
YAWED detId=440153097 signRow=1 signCol=0 flipped=0 sinTilt=0
YAWED detId=440153101 signRow=0 signCol=0 flipped=1 sinTilt=0
YAWED detId=440153105 signRow=1 signCol=0 flipped=0 sinTilt=0
YAWED detId=440153109 signRow=0 signCol=0 flipped=1 sinTilt=0
YAWED detId=440153113 signRow=1 signCol=0 flipped=0 sinTilt=0
YAWED detId=440153117 signRow=0 signCol=0 flipped=1 sinTilt=0
YAWED detId=440153121 signRow=1 signCol=0 flipped=0 sinTilt=-7.76381e-17
YAWED detId=440153125 signRow=0 signCol=0 flipped=1 sinTilt=0
YAWED detId=440153129 signRow=1 signCol=0 flipped=0 sinTilt=0
YAWED detId=440153133 signRow=0 signCol=0 flipped=1 sinTilt=0
YAWED detId=440153137 signRow=1 signCol=0 flipped=0 sinTilt=0
YAWED detId=440153141 signRow=0 signCol=0 flipped=1 sinTilt=0
YAWED detId=440153145 signRow=1 signCol=0 flipped=0 sinTilt=0
YAWED detId=440153149 signRow=0 signCol=0 flipped=1 sinTilt=0
YAWED detId=440156165 signRow=0 signCol=0 flipped=1 sinTilt=0
YAWED detId=440156169 signRow=1 signCol=0 flipped=0 sinTilt=0
YAWED detId=440156173 signRow=0 signCol=0 flipped=1 sinTilt=0
YAWED detId=440156177 signRow=1 signCol=0 flipped=0 sinTilt=0
YAWED detId=440156181 signRow=0 signCol=0 flipped=1 sinTilt=0
YAWED detId=440156185 signRow=1 signCol=0 flipped=0 sinTilt=0
YAWED detId=440156189 signRow=0 signCol=0 flipped=1 sinTilt=0
YAWED detId=440156193 signRow=1 signCol=0 flipped=0 sinTilt=-1.67287e-16
YAWED detId=440156197 signRow=0 signCol=0 flipped=1 sinTilt=0
YAWED detId=440156201 signRow=1 signCol=0 flipped=0 sinTilt=0
YAWED detId=440156205 signRow=0 signCol=0 flipped=1 sinTilt=0
YAWED detId=440156209 signRow=1 signCol=0 flipped=0 sinTilt=0
YAWED detId=440156213 signRow=0 signCol=0 flipped=1 sinTilt=0
YAWED detId=440156217 signRow=1 signCol=0 flipped=0 sinTilt=0
YAWED detId=440156221 signRow=0 signCol=0 flipped=1 sinTilt=0
YAWED detId=440157189 signRow=0 signCol=0 flipped=1 sinTilt=0
YAWED detId=440157193 signRow=1 signCol=0 flipped=0 sinTilt=0
YAWED detId=440157197 signRow=0 signCol=0 flipped=1 sinTilt=0
YAWED detId=440157201 signRow=1 signCol=0 flipped=0 sinTilt=0
YAWED detId=440157205 signRow=0 signCol=0 flipped=1 sinTilt=0
YAWED detId=440157209 signRow=1 signCol=0 flipped=0 sinTilt=0
YAWED detId=440157213 signRow=0 signCol=0 flipped=1 sinTilt=0
YAWED detId=440157217 signRow=1 signCol=0 flipped=0 sinTilt=-1.9566e-16
YAWED detId=440157221 signRow=0 signCol=0 flipped=1 sinTilt=0
YAWED detId=440157225 signRow=1 signCol=0 flipped=0 sinTilt=0
YAWED detId=440157229 signRow=0 signCol=0 flipped=1 sinTilt=0
YAWED detId=440157233 signRow=1 signCol=0 flipped=0 sinTilt=0
YAWED detId=440157237 signRow=0 signCol=0 flipped=1 sinTilt=0
YAWED detId=440157241 signRow=1 signCol=0 flipped=0 sinTilt=0
YAWED detId=440157245 signRow=0 signCol=0 flipped=1 sinTilt=0
YAWED detId=440160261 signRow=0 signCol=0 flipped=1 sinTilt=0
YAWED detId=440160265 signRow=1 signCol=0 flipped=0 sinTilt=0
YAWED detId=440160269 signRow=0 signCol=0 flipped=1 sinTilt=0
YAWED detId=440160273 signRow=1 signCol=0 flipped=0 sinTilt=0
YAWED detId=440160277 signRow=0 signCol=0 flipped=1 sinTilt=0
YAWED detId=440160281 signRow=1 signCol=0 flipped=0 sinTilt=0
YAWED detId=440160285 signRow=0 signCol=0 flipped=1 sinTilt=0
YAWED detId=440160289 signRow=1 signCol=0 flipped=0 sinTilt=-2.64338e-16
YAWED detId=440160293 signRow=0 signCol=0 flipped=1 sinTilt=0
YAWED detId=440160297 signRow=1 signCol=0 flipped=0 sinTilt=0
YAWED detId=440160301 signRow=0 signCol=0 flipped=1 sinTilt=0
YAWED detId=440160305 signRow=1 signCol=0 flipped=0 sinTilt=0
YAWED detId=440160309 signRow=0 signCol=0 flipped=1 sinTilt=0
YAWED detId=440160313 signRow=1 signCol=0 flipped=0 sinTilt=0
YAWED detId=440160317 signRow=0 signCol=0 flipped=1 sinTilt=0
YAWED detId=440161285 signRow=0 signCol=0 flipped=1 sinTilt=0
YAWED detId=440161289 signRow=1 signCol=0 flipped=0 sinTilt=0
YAWED detId=440161293 signRow=0 signCol=0 flipped=1 sinTilt=0
YAWED detId=440161297 signRow=1 signCol=0 flipped=0 sinTilt=0
YAWED detId=440161301 signRow=0 signCol=0 flipped=1 sinTilt=0
YAWED detId=440161305 signRow=1 signCol=0 flipped=0 sinTilt=0
YAWED detId=440161309 signRow=0 signCol=0 flipped=1 sinTilt=0
YAWED detId=440161313 signRow=1 signCol=0 flipped=0 sinTilt=-2.79426e-16
YAWED detId=440161317 signRow=0 signCol=0 flipped=1 sinTilt=0
YAWED detId=440161321 signRow=1 signCol=0 flipped=0 sinTilt=0
YAWED detId=440161325 signRow=0 signCol=0 flipped=1 sinTilt=0
YAWED detId=440161329 signRow=1 signCol=0 flipped=0 sinTilt=0
YAWED detId=440161333 signRow=0 signCol=0 flipped=1 sinTilt=0
YAWED detId=440161337 signRow=1 signCol=0 flipped=0 sinTilt=0
YAWED detId=440161341 signRow=0 signCol=0 flipped=1 sinTilt=0
YAWED detId=440164357 signRow=0 signCol=0 flipped=1 sinTilt=0
YAWED detId=440164361 signRow=1 signCol=0 flipped=0 sinTilt=0
YAWED detId=440164365 signRow=0 signCol=0 flipped=1 sinTilt=0
YAWED detId=440164369 signRow=1 signCol=0 flipped=0 sinTilt=0
YAWED detId=440164373 signRow=0 signCol=0 flipped=1 sinTilt=0
YAWED detId=440164377 signRow=1 signCol=0 flipped=0 sinTilt=0
YAWED detId=440164381 signRow=0 signCol=0 flipped=1 sinTilt=0
YAWED detId=440164385 signRow=1 signCol=0 flipped=0 sinTilt=-2.94988e-16
YAWED detId=440164389 signRow=0 signCol=0 flipped=1 sinTilt=0
YAWED detId=440164393 signRow=1 signCol=0 flipped=0 sinTilt=0
YAWED detId=440164397 signRow=0 signCol=0 flipped=1 sinTilt=0
YAWED detId=440164401 signRow=1 signCol=0 flipped=0 sinTilt=0
YAWED detId=440164405 signRow=0 signCol=0 flipped=1 sinTilt=0
YAWED detId=440164409 signRow=1 signCol=0 flipped=0 sinTilt=0
YAWED detId=440164413 signRow=0 signCol=0 flipped=1 sinTilt=0
YAWED detId=440165381 signRow=0 signCol=0 flipped=1 sinTilt=0
YAWED detId=440165385 signRow=1 signCol=0 flipped=0 sinTilt=0
YAWED detId=440165389 signRow=0 signCol=0 flipped=1 sinTilt=0
YAWED detId=440165393 signRow=1 signCol=0 flipped=0 sinTilt=0
YAWED detId=440165397 signRow=0 signCol=0 flipped=1 sinTilt=0
YAWED detId=440165401 signRow=1 signCol=0 flipped=0 sinTilt=0
YAWED detId=440165405 signRow=0 signCol=0 flipped=1 sinTilt=0
YAWED detId=440165409 signRow=1 signCol=0 flipped=0 sinTilt=-2.89747e-16
YAWED detId=440165413 signRow=0 signCol=0 flipped=1 sinTilt=0
YAWED detId=440165417 signRow=1 signCol=0 flipped=0 sinTilt=0
YAWED detId=440165421 signRow=0 signCol=0 flipped=1 sinTilt=0
YAWED detId=440165425 signRow=1 signCol=0 flipped=0 sinTilt=0
YAWED detId=440165429 signRow=0 signCol=0 flipped=1 sinTilt=0
YAWED detId=440165433 signRow=1 signCol=0 flipped=0 sinTilt=0
YAWED detId=440165437 signRow=0 signCol=0 flipped=1 sinTilt=0
YAWED detId=440168453 signRow=0 signCol=0 flipped=1 sinTilt=0
YAWED detId=440168457 signRow=1 signCol=0 flipped=0 sinTilt=0
YAWED detId=440168461 signRow=0 signCol=0 flipped=1 sinTilt=0
YAWED detId=440168465 signRow=1 signCol=0 flipped=0 sinTilt=0
YAWED detId=440168469 signRow=0 signCol=0 flipped=1 sinTilt=0
YAWED detId=440168473 signRow=1 signCol=0 flipped=0 sinTilt=0
YAWED detId=440168477 signRow=0 signCol=0 flipped=1 sinTilt=0
YAWED detId=440168481 signRow=1 signCol=0 flipped=0 sinTilt=-2.44928e-16
YAWED detId=440168485 signRow=0 signCol=0 flipped=1 sinTilt=0
YAWED detId=440168489 signRow=1 signCol=0 flipped=0 sinTilt=0
YAWED detId=440168493 signRow=0 signCol=0 flipped=1 sinTilt=0
YAWED detId=440168497 signRow=1 signCol=0 flipped=0 sinTilt=0
YAWED detId=440168501 signRow=0 signCol=0 flipped=1 sinTilt=0
YAWED detId=440168505 signRow=1 signCol=0 flipped=0 sinTilt=0
YAWED detId=440168509 signRow=0 signCol=0 flipped=1 sinTilt=0
YAWED detId=440169477 signRow=0 signCol=0 flipped=1 sinTilt=0
YAWED detId=440169481 signRow=1 signCol=0 flipped=0 sinTilt=0
YAWED detId=440169485 signRow=0 signCol=0 flipped=1 sinTilt=0
YAWED detId=440169489 signRow=1 signCol=0 flipped=0 sinTilt=0
YAWED detId=440169493 signRow=0 signCol=0 flipped=1 sinTilt=0
YAWED detId=440169497 signRow=1 signCol=0 flipped=0 sinTilt=0
YAWED detId=440169501 signRow=0 signCol=0 flipped=1 sinTilt=0
YAWED detId=440169505 signRow=1 signCol=0 flipped=0 sinTilt=-2.21798e-16
YAWED detId=440169509 signRow=0 signCol=0 flipped=1 sinTilt=0
YAWED detId=440169513 signRow=1 signCol=0 flipped=0 sinTilt=0
YAWED detId=440169517 signRow=0 signCol=0 flipped=1 sinTilt=0
YAWED detId=440169521 signRow=1 signCol=0 flipped=0 sinTilt=0
YAWED detId=440169525 signRow=0 signCol=0 flipped=1 sinTilt=0
YAWED detId=440169529 signRow=1 signCol=0 flipped=0 sinTilt=0
YAWED detId=440169533 signRow=0 signCol=0 flipped=1 sinTilt=0
YAWED detId=440172549 signRow=0 signCol=0 flipped=1 sinTilt=0
YAWED detId=440172553 signRow=1 signCol=0 flipped=0 sinTilt=0
YAWED detId=440172557 signRow=0 signCol=0 flipped=1 sinTilt=0
YAWED detId=440172561 signRow=1 signCol=0 flipped=0 sinTilt=0
YAWED detId=440172565 signRow=0 signCol=0 flipped=1 sinTilt=0
YAWED detId=440172569 signRow=1 signCol=0 flipped=0 sinTilt=0
YAWED detId=440172573 signRow=0 signCol=0 flipped=1 sinTilt=0
YAWED detId=440172577 signRow=1 signCol=0 flipped=0 sinTilt=-1.37556e-16
YAWED detId=440172581 signRow=0 signCol=0 flipped=1 sinTilt=0
YAWED detId=440172585 signRow=1 signCol=0 flipped=0 sinTilt=0
YAWED detId=440172589 signRow=0 signCol=0 flipped=1 sinTilt=0
YAWED detId=440172593 signRow=1 signCol=0 flipped=0 sinTilt=0
YAWED detId=440172597 signRow=0 signCol=0 flipped=1 sinTilt=0
YAWED detId=440172601 signRow=1 signCol=0 flipped=0 sinTilt=0
YAWED detId=440172605 signRow=0 signCol=0 flipped=1 sinTilt=0
YAWED detId=440173573 signRow=0 signCol=0 flipped=1 sinTilt=0
YAWED detId=440173577 signRow=1 signCol=0 flipped=0 sinTilt=0
YAWED detId=440173581 signRow=0 signCol=0 flipped=1 sinTilt=0
YAWED detId=440173585 signRow=1 signCol=0 flipped=0 sinTilt=0
YAWED detId=440173589 signRow=0 signCol=0 flipped=1 sinTilt=0
YAWED detId=440173593 signRow=1 signCol=0 flipped=0 sinTilt=0
YAWED detId=440173597 signRow=0 signCol=0 flipped=1 sinTilt=0
YAWED detId=440173601 signRow=1 signCol=0 flipped=0 sinTilt=-1.0737e-16
YAWED detId=440173605 signRow=0 signCol=0 flipped=1 sinTilt=0
YAWED detId=440173609 signRow=1 signCol=0 flipped=0 sinTilt=0
YAWED detId=440173613 signRow=0 signCol=0 flipped=1 sinTilt=0
YAWED detId=440173617 signRow=1 signCol=0 flipped=0 sinTilt=0
YAWED detId=440173621 signRow=0 signCol=0 flipped=1 sinTilt=0
YAWED detId=440173625 signRow=1 signCol=0 flipped=0 sinTilt=0
YAWED detId=440173629 signRow=0 signCol=0 flipped=1 sinTilt=0
YAWED detId=440176645 signRow=0 signCol=0 flipped=1 sinTilt=0
YAWED detId=440176649 signRow=1 signCol=0 flipped=0 sinTilt=0
YAWED detId=440176653 signRow=0 signCol=0 flipped=1 sinTilt=0
YAWED detId=440176657 signRow=1 signCol=0 flipped=0 sinTilt=0
YAWED detId=440176661 signRow=0 signCol=0 flipped=1 sinTilt=0
YAWED detId=440176665 signRow=1 signCol=0 flipped=0 sinTilt=0
YAWED detId=440176669 signRow=0 signCol=0 flipped=1 sinTilt=0
YAWED detId=440176673 signRow=1 signCol=0 flipped=0 sinTilt=-2.31267e-17
YAWED detId=440176677 signRow=0 signCol=0 flipped=1 sinTilt=0
YAWED detId=440176681 signRow=1 signCol=0 flipped=0 sinTilt=0
YAWED detId=440176685 signRow=0 signCol=0 flipped=1 sinTilt=0
YAWED detId=440176689 signRow=1 signCol=0 flipped=0 sinTilt=0
YAWED detId=440176693 signRow=0 signCol=0 flipped=1 sinTilt=0
YAWED detId=440176697 signRow=1 signCol=0 flipped=0 sinTilt=0
YAWED detId=440176701 signRow=0 signCol=0 flipped=1 sinTilt=0
YAWED detId=439878661 signRow=0 signCol=0 flipped=1 sinTilt=-0.69466
YAWED detId=439878665 signRow=1 signCol=0 flipped=0 sinTilt=-0.694653
YAWED detId=439878669 signRow=0 signCol=0 flipped=1 sinTilt=-0.694653
YAWED detId=439878673 signRow=1 signCol=0 flipped=0 sinTilt=-0.694653
YAWED detId=439878677 signRow=0 signCol=0 flipped=1 sinTilt=-0.69466
YAWED detId=439878681 signRow=1 signCol=0 flipped=0 sinTilt=-0.69466
YAWED detId=439878685 signRow=0 signCol=0 flipped=1 sinTilt=-0.694653
YAWED detId=439878689 signRow=1 signCol=0 flipped=0 sinTilt=-0.69466
YAWED detId=439878693 signRow=0 signCol=0 flipped=1 sinTilt=-0.694667
YAWED detId=439878697 signRow=1 signCol=0 flipped=0 sinTilt=-0.694653
YAWED detId=439878701 signRow=0 signCol=0 flipped=1 sinTilt=-0.694667
YAWED detId=439878705 signRow=1 signCol=0 flipped=0 sinTilt=-0.69466
YAWED detId=439878709 signRow=0 signCol=0 flipped=1 sinTilt=-0.694653
YAWED detId=439878713 signRow=1 signCol=0 flipped=0 sinTilt=-0.69466
YAWED detId=439878717 signRow=0 signCol=0 flipped=1 sinTilt=-0.69466
YAWED detId=439878721 signRow=1 signCol=0 flipped=0 sinTilt=-0.694653
YAWED detId=439878725 signRow=0 signCol=0 flipped=1 sinTilt=-0.694653
YAWED detId=439878729 signRow=1 signCol=0 flipped=0 sinTilt=-0.694653
YAWED detId=439878733 signRow=0 signCol=0 flipped=1 sinTilt=-0.69466
YAWED detId=439878737 signRow=1 signCol=0 flipped=0 sinTilt=-0.694653
YAWED detId=439878741 signRow=0 signCol=0 flipped=1 sinTilt=-0.694653
YAWED detId=439878745 signRow=1 signCol=0 flipped=0 sinTilt=-0.694653
YAWED detId=439878749 signRow=0 signCol=0 flipped=1 sinTilt=-0.69466
YAWED detId=439878753 signRow=1 signCol=0 flipped=0 sinTilt=-0.69466
YAWED detId=439878757 signRow=0 signCol=0 flipped=1 sinTilt=-0.694653
YAWED detId=439878761 signRow=1 signCol=0 flipped=0 sinTilt=-0.69466
YAWED detId=439878765 signRow=0 signCol=0 flipped=1 sinTilt=-0.694667
YAWED detId=439878769 signRow=1 signCol=0 flipped=0 sinTilt=-0.694653
YAWED detId=439878773 signRow=0 signCol=0 flipped=1 sinTilt=-0.694667
YAWED detId=439878777 signRow=1 signCol=0 flipped=0 sinTilt=-0.69466
YAWED detId=439878781 signRow=0 signCol=0 flipped=1 sinTilt=-0.694653
YAWED detId=439878785 signRow=1 signCol=0 flipped=0 sinTilt=-0.69466
YAWED detId=439878789 signRow=0 signCol=0 flipped=1 sinTilt=-0.69466
YAWED detId=439878793 signRow=1 signCol=0 flipped=0 sinTilt=-0.694653
YAWED detId=439878797 signRow=0 signCol=0 flipped=1 sinTilt=-0.694653
YAWED detId=439878801 signRow=1 signCol=0 flipped=0 sinTilt=-0.694653
YAWED detId=439879685 signRow=0 signCol=0 flipped=1 sinTilt=-0.69466
YAWED detId=439879689 signRow=1 signCol=0 flipped=0 sinTilt=-0.694653
YAWED detId=439879693 signRow=0 signCol=0 flipped=1 sinTilt=-0.694653
YAWED detId=439879697 signRow=1 signCol=0 flipped=0 sinTilt=-0.694653
YAWED detId=439879701 signRow=0 signCol=0 flipped=1 sinTilt=-0.69466
YAWED detId=439879705 signRow=1 signCol=0 flipped=0 sinTilt=-0.69466
YAWED detId=439879709 signRow=0 signCol=0 flipped=1 sinTilt=-0.694653
YAWED detId=439879713 signRow=1 signCol=0 flipped=0 sinTilt=-0.69466
YAWED detId=439879717 signRow=0 signCol=0 flipped=1 sinTilt=-0.694667
YAWED detId=439879721 signRow=1 signCol=0 flipped=0 sinTilt=-0.694653
YAWED detId=439879725 signRow=0 signCol=0 flipped=1 sinTilt=-0.694667
YAWED detId=439879729 signRow=1 signCol=0 flipped=0 sinTilt=-0.69466
YAWED detId=439879733 signRow=0 signCol=0 flipped=1 sinTilt=-0.694653
YAWED detId=439879737 signRow=1 signCol=0 flipped=0 sinTilt=-0.69466
YAWED detId=439879741 signRow=0 signCol=0 flipped=1 sinTilt=-0.69466
YAWED detId=439879745 signRow=1 signCol=0 flipped=0 sinTilt=-0.694653
YAWED detId=439879749 signRow=0 signCol=0 flipped=1 sinTilt=-0.694653
YAWED detId=439879753 signRow=1 signCol=0 flipped=0 sinTilt=-0.694653
YAWED detId=439879757 signRow=0 signCol=0 flipped=1 sinTilt=-0.69466
YAWED detId=439879761 signRow=1 signCol=0 flipped=0 sinTilt=-0.694653
YAWED detId=439879765 signRow=0 signCol=0 flipped=1 sinTilt=-0.694653
YAWED detId=439879769 signRow=1 signCol=0 flipped=0 sinTilt=-0.694653
YAWED detId=439879773 signRow=0 signCol=0 flipped=1 sinTilt=-0.69466
YAWED detId=439879777 signRow=1 signCol=0 flipped=0 sinTilt=-0.69466
YAWED detId=439879781 signRow=0 signCol=0 flipped=1 sinTilt=-0.694653
YAWED detId=439879785 signRow=1 signCol=0 flipped=0 sinTilt=-0.69466
YAWED detId=439879789 signRow=0 signCol=0 flipped=1 sinTilt=-0.694667
YAWED detId=439879793 signRow=1 signCol=0 flipped=0 sinTilt=-0.694653
YAWED detId=439879797 signRow=0 signCol=0 flipped=1 sinTilt=-0.694667
YAWED detId=439879801 signRow=1 signCol=0 flipped=0 sinTilt=-0.69466
YAWED detId=439879805 signRow=0 signCol=0 flipped=1 sinTilt=-0.694653
YAWED detId=439879809 signRow=1 signCol=0 flipped=0 sinTilt=-0.69466
YAWED detId=439879813 signRow=0 signCol=0 flipped=1 sinTilt=-0.69466
YAWED detId=439879817 signRow=1 signCol=0 flipped=0 sinTilt=-0.694653
YAWED detId=439879821 signRow=0 signCol=0 flipped=1 sinTilt=-0.694653
YAWED detId=439879825 signRow=1 signCol=0 flipped=0 sinTilt=-0.694653
YAWED detId=439880709 signRow=0 signCol=0 flipped=1 sinTilt=-0.69466
YAWED detId=439880713 signRow=1 signCol=0 flipped=0 sinTilt=-0.694653
YAWED detId=439880717 signRow=0 signCol=0 flipped=1 sinTilt=-0.694653
YAWED detId=439880721 signRow=1 signCol=0 flipped=0 sinTilt=-0.694653
YAWED detId=439880725 signRow=0 signCol=0 flipped=1 sinTilt=-0.69466
YAWED detId=439880729 signRow=1 signCol=0 flipped=0 sinTilt=-0.69466
YAWED detId=439880733 signRow=0 signCol=0 flipped=1 sinTilt=-0.694653
YAWED detId=439880737 signRow=1 signCol=0 flipped=0 sinTilt=-0.69466
YAWED detId=439880741 signRow=0 signCol=0 flipped=1 sinTilt=-0.694667
YAWED detId=439880745 signRow=1 signCol=0 flipped=0 sinTilt=-0.694653
YAWED detId=439880749 signRow=0 signCol=0 flipped=1 sinTilt=-0.694667
YAWED detId=439880753 signRow=1 signCol=0 flipped=0 sinTilt=-0.69466
YAWED detId=439880757 signRow=0 signCol=0 flipped=1 sinTilt=-0.694653
YAWED detId=439880761 signRow=1 signCol=0 flipped=0 sinTilt=-0.69466
YAWED detId=439880765 signRow=0 signCol=0 flipped=1 sinTilt=-0.69466
YAWED detId=439880769 signRow=1 signCol=0 flipped=0 sinTilt=-0.694653
YAWED detId=439880773 signRow=0 signCol=0 flipped=1 sinTilt=-0.694653
YAWED detId=439880777 signRow=1 signCol=0 flipped=0 sinTilt=-0.694653
YAWED detId=439880781 signRow=0 signCol=0 flipped=1 sinTilt=-0.69466
YAWED detId=439880785 signRow=1 signCol=0 flipped=0 sinTilt=-0.694653
YAWED detId=439880789 signRow=0 signCol=0 flipped=1 sinTilt=-0.694653
YAWED detId=439880793 signRow=1 signCol=0 flipped=0 sinTilt=-0.694653
YAWED detId=439880797 signRow=0 signCol=0 flipped=1 sinTilt=-0.69466
YAWED detId=439880801 signRow=1 signCol=0 flipped=0 sinTilt=-0.69466
YAWED detId=439880805 signRow=0 signCol=0 flipped=1 sinTilt=-0.694653
YAWED detId=439880809 signRow=1 signCol=0 flipped=0 sinTilt=-0.69466
YAWED detId=439880813 signRow=0 signCol=0 flipped=1 sinTilt=-0.694667
YAWED detId=439880817 signRow=1 signCol=0 flipped=0 sinTilt=-0.694653
YAWED detId=439880821 signRow=0 signCol=0 flipped=1 sinTilt=-0.694667
YAWED detId=439880825 signRow=1 signCol=0 flipped=0 sinTilt=-0.69466
YAWED detId=439880829 signRow=0 signCol=0 flipped=1 sinTilt=-0.694653
YAWED detId=439880833 signRow=1 signCol=0 flipped=0 sinTilt=-0.69466
YAWED detId=439880837 signRow=0 signCol=0 flipped=1 sinTilt=-0.69466
YAWED detId=439880841 signRow=1 signCol=0 flipped=0 sinTilt=-0.694653
YAWED detId=439880845 signRow=0 signCol=0 flipped=1 sinTilt=-0.694653
YAWED detId=439880849 signRow=1 signCol=0 flipped=0 sinTilt=-0.694653
YAWED detId=439881733 signRow=0 signCol=0 flipped=1 sinTilt=-0.69466
YAWED detId=439881737 signRow=1 signCol=0 flipped=0 sinTilt=-0.694653
YAWED detId=439881741 signRow=0 signCol=0 flipped=1 sinTilt=-0.694653
YAWED detId=439881745 signRow=1 signCol=0 flipped=0 sinTilt=-0.694653
YAWED detId=439881749 signRow=0 signCol=0 flipped=1 sinTilt=-0.69466
YAWED detId=439881753 signRow=1 signCol=0 flipped=0 sinTilt=-0.69466
YAWED detId=439881757 signRow=0 signCol=0 flipped=1 sinTilt=-0.694653
YAWED detId=439881761 signRow=1 signCol=0 flipped=0 sinTilt=-0.69466
YAWED detId=439881765 signRow=0 signCol=0 flipped=1 sinTilt=-0.694667
YAWED detId=439881769 signRow=1 signCol=0 flipped=0 sinTilt=-0.694653
YAWED detId=439881773 signRow=0 signCol=0 flipped=1 sinTilt=-0.694667
YAWED detId=439881777 signRow=1 signCol=0 flipped=0 sinTilt=-0.69466
YAWED detId=439881781 signRow=0 signCol=0 flipped=1 sinTilt=-0.694653
YAWED detId=439881785 signRow=1 signCol=0 flipped=0 sinTilt=-0.69466
YAWED detId=439881789 signRow=0 signCol=0 flipped=1 sinTilt=-0.69466
YAWED detId=439881793 signRow=1 signCol=0 flipped=0 sinTilt=-0.694653
YAWED detId=439881797 signRow=0 signCol=0 flipped=1 sinTilt=-0.694653
YAWED detId=439881801 signRow=1 signCol=0 flipped=0 sinTilt=-0.694653
YAWED detId=439881805 signRow=0 signCol=0 flipped=1 sinTilt=-0.69466
YAWED detId=439881809 signRow=1 signCol=0 flipped=0 sinTilt=-0.694653
YAWED detId=439881813 signRow=0 signCol=0 flipped=1 sinTilt=-0.694653
YAWED detId=439881817 signRow=1 signCol=0 flipped=0 sinTilt=-0.694653
YAWED detId=439881821 signRow=0 signCol=0 flipped=1 sinTilt=-0.69466
YAWED detId=439881825 signRow=1 signCol=0 flipped=0 sinTilt=-0.69466
YAWED detId=439881829 signRow=0 signCol=0 flipped=1 sinTilt=-0.694653
YAWED detId=439881833 signRow=1 signCol=0 flipped=0 sinTilt=-0.69466
YAWED detId=439881837 signRow=0 signCol=0 flipped=1 sinTilt=-0.694667
YAWED detId=439881841 signRow=1 signCol=0 flipped=0 sinTilt=-0.694653
YAWED detId=439881845 signRow=0 signCol=0 flipped=1 sinTilt=-0.694667
YAWED detId=439881849 signRow=1 signCol=0 flipped=0 sinTilt=-0.69466
YAWED detId=439881853 signRow=0 signCol=0 flipped=1 sinTilt=-0.694653
YAWED detId=439881857 signRow=1 signCol=0 flipped=0 sinTilt=-0.69466
YAWED detId=439881861 signRow=0 signCol=0 flipped=1 sinTilt=-0.69466
YAWED detId=439881865 signRow=1 signCol=0 flipped=0 sinTilt=-0.694653
YAWED detId=439881869 signRow=0 signCol=0 flipped=1 sinTilt=-0.694653
YAWED detId=439881873 signRow=1 signCol=0 flipped=0 sinTilt=-0.694653
YAWED detId=439882757 signRow=0 signCol=0 flipped=1 sinTilt=-0.69466
YAWED detId=439882761 signRow=1 signCol=0 flipped=0 sinTilt=-0.694653
YAWED detId=439882765 signRow=0 signCol=0 flipped=1 sinTilt=-0.694653
YAWED detId=439882769 signRow=1 signCol=0 flipped=0 sinTilt=-0.694653
YAWED detId=439882773 signRow=0 signCol=0 flipped=1 sinTilt=-0.69466
YAWED detId=439882777 signRow=1 signCol=0 flipped=0 sinTilt=-0.69466
YAWED detId=439882781 signRow=0 signCol=0 flipped=1 sinTilt=-0.694653
YAWED detId=439882785 signRow=1 signCol=0 flipped=0 sinTilt=-0.69466
YAWED detId=439882789 signRow=0 signCol=0 flipped=1 sinTilt=-0.694667
YAWED detId=439882793 signRow=1 signCol=0 flipped=0 sinTilt=-0.694653
YAWED detId=439882797 signRow=0 signCol=0 flipped=1 sinTilt=-0.694667
YAWED detId=439882801 signRow=1 signCol=0 flipped=0 sinTilt=-0.69466
YAWED detId=439882805 signRow=0 signCol=0 flipped=1 sinTilt=-0.694653
YAWED detId=439882809 signRow=1 signCol=0 flipped=0 sinTilt=-0.69466
YAWED detId=439882813 signRow=0 signCol=0 flipped=1 sinTilt=-0.69466
YAWED detId=439882817 signRow=1 signCol=0 flipped=0 sinTilt=-0.694653
YAWED detId=439882821 signRow=0 signCol=0 flipped=1 sinTilt=-0.694653
YAWED detId=439882825 signRow=1 signCol=0 flipped=0 sinTilt=-0.694653
YAWED detId=439882829 signRow=0 signCol=0 flipped=1 sinTilt=-0.69466
YAWED detId=439882833 signRow=1 signCol=0 flipped=0 sinTilt=-0.694653
YAWED detId=439882837 signRow=0 signCol=0 flipped=1 sinTilt=-0.694653
YAWED detId=439882841 signRow=1 signCol=0 flipped=0 sinTilt=-0.694653
YAWED detId=439882845 signRow=0 signCol=0 flipped=1 sinTilt=-0.69466
YAWED detId=439882849 signRow=1 signCol=0 flipped=0 sinTilt=-0.69466
YAWED detId=439882853 signRow=0 signCol=0 flipped=1 sinTilt=-0.694653
YAWED detId=439882857 signRow=1 signCol=0 flipped=0 sinTilt=-0.69466
YAWED detId=439882861 signRow=0 signCol=0 flipped=1 sinTilt=-0.694667
YAWED detId=439882865 signRow=1 signCol=0 flipped=0 sinTilt=-0.694653
YAWED detId=439882869 signRow=0 signCol=0 flipped=1 sinTilt=-0.694667
YAWED detId=439882873 signRow=1 signCol=0 flipped=0 sinTilt=-0.69466
YAWED detId=439882877 signRow=0 signCol=0 flipped=1 sinTilt=-0.694653
YAWED detId=439882881 signRow=1 signCol=0 flipped=0 sinTilt=-0.69466
YAWED detId=439882885 signRow=0 signCol=0 flipped=1 sinTilt=-0.69466
YAWED detId=439882889 signRow=1 signCol=0 flipped=0 sinTilt=-0.694653
YAWED detId=439882893 signRow=0 signCol=0 flipped=1 sinTilt=-0.694653
YAWED detId=439882897 signRow=1 signCol=0 flipped=0 sinTilt=-0.694653
YAWED detId=439883781 signRow=0 signCol=0 flipped=1 sinTilt=-0.694675
YAWED detId=439883785 signRow=1 signCol=0 flipped=0 sinTilt=-0.694668
YAWED detId=439883789 signRow=0 signCol=0 flipped=1 sinTilt=-0.694668
YAWED detId=439883793 signRow=1 signCol=0 flipped=0 sinTilt=-0.694668
YAWED detId=439883797 signRow=0 signCol=0 flipped=1 sinTilt=-0.694675
YAWED detId=439883801 signRow=1 signCol=0 flipped=0 sinTilt=-0.694675
YAWED detId=439883805 signRow=0 signCol=0 flipped=1 sinTilt=-0.694668
YAWED detId=439883809 signRow=1 signCol=0 flipped=0 sinTilt=-0.694675
YAWED detId=439883813 signRow=0 signCol=0 flipped=1 sinTilt=-0.694682
YAWED detId=439883817 signRow=1 signCol=0 flipped=0 sinTilt=-0.694668
YAWED detId=439883821 signRow=0 signCol=0 flipped=1 sinTilt=-0.694682
YAWED detId=439883825 signRow=1 signCol=0 flipped=0 sinTilt=-0.694675
YAWED detId=439883829 signRow=0 signCol=0 flipped=1 sinTilt=-0.694668
YAWED detId=439883833 signRow=1 signCol=0 flipped=0 sinTilt=-0.694675
YAWED detId=439883837 signRow=0 signCol=0 flipped=1 sinTilt=-0.694675
YAWED detId=439883841 signRow=1 signCol=0 flipped=0 sinTilt=-0.694668
YAWED detId=439883845 signRow=0 signCol=0 flipped=1 sinTilt=-0.694668
YAWED detId=439883849 signRow=1 signCol=0 flipped=0 sinTilt=-0.694668
YAWED detId=439883853 signRow=0 signCol=0 flipped=1 sinTilt=-0.694675
YAWED detId=439883857 signRow=1 signCol=0 flipped=0 sinTilt=-0.694668
YAWED detId=439883861 signRow=0 signCol=0 flipped=1 sinTilt=-0.694668
YAWED detId=439883865 signRow=1 signCol=0 flipped=0 sinTilt=-0.694668
YAWED detId=439883869 signRow=0 signCol=0 flipped=1 sinTilt=-0.694675
YAWED detId=439883873 signRow=1 signCol=0 flipped=0 sinTilt=-0.694675
YAWED detId=439883877 signRow=0 signCol=0 flipped=1 sinTilt=-0.694668
YAWED detId=439883881 signRow=1 signCol=0 flipped=0 sinTilt=-0.694675
YAWED detId=439883885 signRow=0 signCol=0 flipped=1 sinTilt=-0.694682
YAWED detId=439883889 signRow=1 signCol=0 flipped=0 sinTilt=-0.694668
YAWED detId=439883893 signRow=0 signCol=0 flipped=1 sinTilt=-0.694682
YAWED detId=439883897 signRow=1 signCol=0 flipped=0 sinTilt=-0.694675
YAWED detId=439883901 signRow=0 signCol=0 flipped=1 sinTilt=-0.694668
YAWED detId=439883905 signRow=1 signCol=0 flipped=0 sinTilt=-0.694675
YAWED detId=439883909 signRow=0 signCol=0 flipped=1 sinTilt=-0.694675
YAWED detId=439883913 signRow=1 signCol=0 flipped=0 sinTilt=-0.694668
YAWED detId=439883917 signRow=0 signCol=0 flipped=1 sinTilt=-0.694668
YAWED detId=439883921 signRow=1 signCol=0 flipped=0 sinTilt=-0.694668
YAWED detId=439884805 signRow=0 signCol=0 flipped=1 sinTilt=-0.86603
YAWED detId=439884809 signRow=1 signCol=0 flipped=0 sinTilt=-0.866031
YAWED detId=439884813 signRow=0 signCol=0 flipped=1 sinTilt=-0.866023
YAWED detId=439884817 signRow=1 signCol=0 flipped=0 sinTilt=-0.866037
YAWED detId=439884821 signRow=0 signCol=0 flipped=1 sinTilt=-0.86603
YAWED detId=439884825 signRow=1 signCol=0 flipped=0 sinTilt=-0.866031
YAWED detId=439884829 signRow=0 signCol=0 flipped=1 sinTilt=-0.866023
YAWED detId=439884833 signRow=1 signCol=0 flipped=0 sinTilt=-0.866024
YAWED detId=439884837 signRow=0 signCol=0 flipped=1 sinTilt=-0.866017
YAWED detId=439884841 signRow=1 signCol=0 flipped=0 sinTilt=-0.866031
YAWED detId=439884845 signRow=0 signCol=0 flipped=1 sinTilt=-0.866017
YAWED detId=439884849 signRow=1 signCol=0 flipped=0 sinTilt=-0.866024
YAWED detId=439884853 signRow=0 signCol=0 flipped=1 sinTilt=-0.866023
YAWED detId=439884857 signRow=1 signCol=0 flipped=0 sinTilt=-0.866031
YAWED detId=439884861 signRow=0 signCol=0 flipped=1 sinTilt=-0.86603
YAWED detId=439884865 signRow=1 signCol=0 flipped=0 sinTilt=-0.866037
YAWED detId=439884869 signRow=0 signCol=0 flipped=1 sinTilt=-0.866023
YAWED detId=439884873 signRow=1 signCol=0 flipped=0 sinTilt=-0.866031
YAWED detId=439884877 signRow=0 signCol=0 flipped=1 sinTilt=-0.86603
YAWED detId=439884881 signRow=1 signCol=0 flipped=0 sinTilt=-0.866031
YAWED detId=439884885 signRow=0 signCol=0 flipped=1 sinTilt=-0.866023
YAWED detId=439884889 signRow=1 signCol=0 flipped=0 sinTilt=-0.866037
YAWED detId=439884893 signRow=0 signCol=0 flipped=1 sinTilt=-0.86603
YAWED detId=439884897 signRow=1 signCol=0 flipped=0 sinTilt=-0.866031
YAWED detId=439884901 signRow=0 signCol=0 flipped=1 sinTilt=-0.866023
YAWED detId=439884905 signRow=1 signCol=0 flipped=0 sinTilt=-0.866024
YAWED detId=439884909 signRow=0 signCol=0 flipped=1 sinTilt=-0.866017
YAWED detId=439884913 signRow=1 signCol=0 flipped=0 sinTilt=-0.866031
YAWED detId=439884917 signRow=0 signCol=0 flipped=1 sinTilt=-0.866017
YAWED detId=439884921 signRow=1 signCol=0 flipped=0 sinTilt=-0.866024
YAWED detId=439884925 signRow=0 signCol=0 flipped=1 sinTilt=-0.866023
YAWED detId=439884929 signRow=1 signCol=0 flipped=0 sinTilt=-0.866031
YAWED detId=439884933 signRow=0 signCol=0 flipped=1 sinTilt=-0.86603
YAWED detId=439884937 signRow=1 signCol=0 flipped=0 sinTilt=-0.866037
YAWED detId=439884941 signRow=0 signCol=0 flipped=1 sinTilt=-0.866023
YAWED detId=439884945 signRow=1 signCol=0 flipped=0 sinTilt=-0.866031
YAWED detId=439885829 signRow=0 signCol=0 flipped=1 sinTilt=-0.86603
YAWED detId=439885833 signRow=1 signCol=0 flipped=0 sinTilt=-0.866023
YAWED detId=439885837 signRow=0 signCol=0 flipped=1 sinTilt=-0.866023
YAWED detId=439885841 signRow=1 signCol=0 flipped=0 sinTilt=-0.86603
YAWED detId=439885845 signRow=0 signCol=0 flipped=1 sinTilt=-0.86603
YAWED detId=439885849 signRow=1 signCol=0 flipped=0 sinTilt=-0.866023
YAWED detId=439885853 signRow=0 signCol=0 flipped=1 sinTilt=-0.866023
YAWED detId=439885857 signRow=1 signCol=0 flipped=0 sinTilt=-0.866017
YAWED detId=439885861 signRow=0 signCol=0 flipped=1 sinTilt=-0.866017
YAWED detId=439885865 signRow=1 signCol=0 flipped=0 sinTilt=-0.866023
YAWED detId=439885869 signRow=0 signCol=0 flipped=1 sinTilt=-0.866017
YAWED detId=439885873 signRow=1 signCol=0 flipped=0 sinTilt=-0.866017
YAWED detId=439885877 signRow=0 signCol=0 flipped=1 sinTilt=-0.866023
YAWED detId=439885881 signRow=1 signCol=0 flipped=0 sinTilt=-0.866023
YAWED detId=439885885 signRow=0 signCol=0 flipped=1 sinTilt=-0.86603
YAWED detId=439885889 signRow=1 signCol=0 flipped=0 sinTilt=-0.86603
YAWED detId=439885893 signRow=0 signCol=0 flipped=1 sinTilt=-0.866023
YAWED detId=439885897 signRow=1 signCol=0 flipped=0 sinTilt=-0.866023
YAWED detId=439885901 signRow=0 signCol=0 flipped=1 sinTilt=-0.86603
YAWED detId=439885905 signRow=1 signCol=0 flipped=0 sinTilt=-0.866023
YAWED detId=439885909 signRow=0 signCol=0 flipped=1 sinTilt=-0.866023
YAWED detId=439885913 signRow=1 signCol=0 flipped=0 sinTilt=-0.86603
YAWED detId=439885917 signRow=0 signCol=0 flipped=1 sinTilt=-0.86603
YAWED detId=439885921 signRow=1 signCol=0 flipped=0 sinTilt=-0.866023
YAWED detId=439885925 signRow=0 signCol=0 flipped=1 sinTilt=-0.866023
YAWED detId=439885929 signRow=1 signCol=0 flipped=0 sinTilt=-0.866017
YAWED detId=439885933 signRow=0 signCol=0 flipped=1 sinTilt=-0.866017
YAWED detId=439885937 signRow=1 signCol=0 flipped=0 sinTilt=-0.866023
YAWED detId=439885941 signRow=0 signCol=0 flipped=1 sinTilt=-0.866017
YAWED detId=439885945 signRow=1 signCol=0 flipped=0 sinTilt=-0.866017
YAWED detId=439885949 signRow=0 signCol=0 flipped=1 sinTilt=-0.866023
YAWED detId=439885953 signRow=1 signCol=0 flipped=0 sinTilt=-0.866023
YAWED detId=439885957 signRow=0 signCol=0 flipped=1 sinTilt=-0.86603
YAWED detId=439885961 signRow=1 signCol=0 flipped=0 sinTilt=-0.86603
YAWED detId=439885965 signRow=0 signCol=0 flipped=1 sinTilt=-0.866023
YAWED detId=439885969 signRow=1 signCol=0 flipped=0 sinTilt=-0.866023
YAWED detId=439886853 signRow=0 signCol=0 flipped=1 sinTilt=-0.86603
YAWED detId=439886857 signRow=1 signCol=0 flipped=0 sinTilt=-0.866023
YAWED detId=439886861 signRow=0 signCol=0 flipped=1 sinTilt=-0.866023
YAWED detId=439886865 signRow=1 signCol=0 flipped=0 sinTilt=-0.86603
YAWED detId=439886869 signRow=0 signCol=0 flipped=1 sinTilt=-0.86603
YAWED detId=439886873 signRow=1 signCol=0 flipped=0 sinTilt=-0.866023
YAWED detId=439886877 signRow=0 signCol=0 flipped=1 sinTilt=-0.866023
YAWED detId=439886881 signRow=1 signCol=0 flipped=0 sinTilt=-0.866017
YAWED detId=439886885 signRow=0 signCol=0 flipped=1 sinTilt=-0.866017
YAWED detId=439886889 signRow=1 signCol=0 flipped=0 sinTilt=-0.866023
YAWED detId=439886893 signRow=0 signCol=0 flipped=1 sinTilt=-0.866017
YAWED detId=439886897 signRow=1 signCol=0 flipped=0 sinTilt=-0.866017
YAWED detId=439886901 signRow=0 signCol=0 flipped=1 sinTilt=-0.866023
YAWED detId=439886905 signRow=1 signCol=0 flipped=0 sinTilt=-0.866023
YAWED detId=439886909 signRow=0 signCol=0 flipped=1 sinTilt=-0.86603
YAWED detId=439886913 signRow=1 signCol=0 flipped=0 sinTilt=-0.86603
YAWED detId=439886917 signRow=0 signCol=0 flipped=1 sinTilt=-0.866023
YAWED detId=439886921 signRow=1 signCol=0 flipped=0 sinTilt=-0.866023
YAWED detId=439886925 signRow=0 signCol=0 flipped=1 sinTilt=-0.86603
YAWED detId=439886929 signRow=1 signCol=0 flipped=0 sinTilt=-0.866023
YAWED detId=439886933 signRow=0 signCol=0 flipped=1 sinTilt=-0.866023
YAWED detId=439886937 signRow=1 signCol=0 flipped=0 sinTilt=-0.86603
YAWED detId=439886941 signRow=0 signCol=0 flipped=1 sinTilt=-0.86603
YAWED detId=439886945 signRow=1 signCol=0 flipped=0 sinTilt=-0.866023
YAWED detId=439886949 signRow=0 signCol=0 flipped=1 sinTilt=-0.866023
YAWED detId=439886953 signRow=1 signCol=0 flipped=0 sinTilt=-0.866017
YAWED detId=439886957 signRow=0 signCol=0 flipped=1 sinTilt=-0.866017
YAWED detId=439886961 signRow=1 signCol=0 flipped=0 sinTilt=-0.866023
YAWED detId=439886965 signRow=0 signCol=0 flipped=1 sinTilt=-0.866017
YAWED detId=439886969 signRow=1 signCol=0 flipped=0 sinTilt=-0.866017
YAWED detId=439886973 signRow=0 signCol=0 flipped=1 sinTilt=-0.866023
YAWED detId=439886977 signRow=1 signCol=0 flipped=0 sinTilt=-0.866023
YAWED detId=439886981 signRow=0 signCol=0 flipped=1 sinTilt=-0.86603
YAWED detId=439886985 signRow=1 signCol=0 flipped=0 sinTilt=-0.86603
YAWED detId=439886989 signRow=0 signCol=0 flipped=1 sinTilt=-0.866023
YAWED detId=439886993 signRow=1 signCol=0 flipped=0 sinTilt=-0.866023
YAWED detId=439887877 signRow=0 signCol=0 flipped=1 sinTilt=-0.86603
YAWED detId=439887881 signRow=1 signCol=0 flipped=0 sinTilt=-0.866023
YAWED detId=439887885 signRow=0 signCol=0 flipped=1 sinTilt=-0.866023
YAWED detId=439887889 signRow=1 signCol=0 flipped=0 sinTilt=-0.86603
YAWED detId=439887893 signRow=0 signCol=0 flipped=1 sinTilt=-0.86603
YAWED detId=439887897 signRow=1 signCol=0 flipped=0 sinTilt=-0.866023
YAWED detId=439887901 signRow=0 signCol=0 flipped=1 sinTilt=-0.866023
YAWED detId=439887905 signRow=1 signCol=0 flipped=0 sinTilt=-0.866017
YAWED detId=439887909 signRow=0 signCol=0 flipped=1 sinTilt=-0.866017
YAWED detId=439887913 signRow=1 signCol=0 flipped=0 sinTilt=-0.866023
YAWED detId=439887917 signRow=0 signCol=0 flipped=1 sinTilt=-0.866017
YAWED detId=439887921 signRow=1 signCol=0 flipped=0 sinTilt=-0.866017
YAWED detId=439887925 signRow=0 signCol=0 flipped=1 sinTilt=-0.866023
YAWED detId=439887929 signRow=1 signCol=0 flipped=0 sinTilt=-0.866023
YAWED detId=439887933 signRow=0 signCol=0 flipped=1 sinTilt=-0.86603
YAWED detId=439887937 signRow=1 signCol=0 flipped=0 sinTilt=-0.86603
YAWED detId=439887941 signRow=0 signCol=0 flipped=1 sinTilt=-0.866023
YAWED detId=439887945 signRow=1 signCol=0 flipped=0 sinTilt=-0.866023
YAWED detId=439887949 signRow=0 signCol=0 flipped=1 sinTilt=-0.86603
YAWED detId=439887953 signRow=1 signCol=0 flipped=0 sinTilt=-0.866023
YAWED detId=439887957 signRow=0 signCol=0 flipped=1 sinTilt=-0.866023
YAWED detId=439887961 signRow=1 signCol=0 flipped=0 sinTilt=-0.86603
YAWED detId=439887965 signRow=0 signCol=0 flipped=1 sinTilt=-0.86603
YAWED detId=439887969 signRow=1 signCol=0 flipped=0 sinTilt=-0.866023
YAWED detId=439887973 signRow=0 signCol=0 flipped=1 sinTilt=-0.866023
YAWED detId=439887977 signRow=1 signCol=0 flipped=0 sinTilt=-0.866017
YAWED detId=439887981 signRow=0 signCol=0 flipped=1 sinTilt=-0.866017
YAWED detId=439887985 signRow=1 signCol=0 flipped=0 sinTilt=-0.866023
YAWED detId=439887989 signRow=0 signCol=0 flipped=1 sinTilt=-0.866017
YAWED detId=439887993 signRow=1 signCol=0 flipped=0 sinTilt=-0.866017
YAWED detId=439887997 signRow=0 signCol=0 flipped=1 sinTilt=-0.866023
YAWED detId=439888001 signRow=1 signCol=0 flipped=0 sinTilt=-0.866023
YAWED detId=439888005 signRow=0 signCol=0 flipped=1 sinTilt=-0.86603
YAWED detId=439888009 signRow=1 signCol=0 flipped=0 sinTilt=-0.86603
YAWED detId=439888013 signRow=0 signCol=0 flipped=1 sinTilt=-0.866023
YAWED detId=439888017 signRow=1 signCol=0 flipped=0 sinTilt=-0.866023
YAWED detId=439888901 signRow=0 signCol=0 flipped=1 sinTilt=-0.86603
YAWED detId=439888905 signRow=1 signCol=0 flipped=0 sinTilt=-0.866023
YAWED detId=439888909 signRow=0 signCol=0 flipped=1 sinTilt=-0.866023
YAWED detId=439888913 signRow=1 signCol=0 flipped=0 sinTilt=-0.86603
YAWED detId=439888917 signRow=0 signCol=0 flipped=1 sinTilt=-0.86603
YAWED detId=439888921 signRow=1 signCol=0 flipped=0 sinTilt=-0.866023
YAWED detId=439888925 signRow=0 signCol=0 flipped=1 sinTilt=-0.866023
YAWED detId=439888929 signRow=1 signCol=0 flipped=0 sinTilt=-0.866017
YAWED detId=439888933 signRow=0 signCol=0 flipped=1 sinTilt=-0.866017
YAWED detId=439888937 signRow=1 signCol=0 flipped=0 sinTilt=-0.866023
YAWED detId=439888941 signRow=0 signCol=0 flipped=1 sinTilt=-0.866017
YAWED detId=439888945 signRow=1 signCol=0 flipped=0 sinTilt=-0.866017
YAWED detId=439888949 signRow=0 signCol=0 flipped=1 sinTilt=-0.866023
YAWED detId=439888953 signRow=1 signCol=0 flipped=0 sinTilt=-0.866023
YAWED detId=439888957 signRow=0 signCol=0 flipped=1 sinTilt=-0.86603
YAWED detId=439888961 signRow=1 signCol=0 flipped=0 sinTilt=-0.86603
YAWED detId=439888965 signRow=0 signCol=0 flipped=1 sinTilt=-0.866023
YAWED detId=439888969 signRow=1 signCol=0 flipped=0 sinTilt=-0.866023
YAWED detId=439888973 signRow=0 signCol=0 flipped=1 sinTilt=-0.86603
YAWED detId=439888977 signRow=1 signCol=0 flipped=0 sinTilt=-0.866023
YAWED detId=439888981 signRow=0 signCol=0 flipped=1 sinTilt=-0.866023
YAWED detId=439888985 signRow=1 signCol=0 flipped=0 sinTilt=-0.86603
YAWED detId=439888989 signRow=0 signCol=0 flipped=1 sinTilt=-0.86603
YAWED detId=439888993 signRow=1 signCol=0 flipped=0 sinTilt=-0.866023
YAWED detId=439888997 signRow=0 signCol=0 flipped=1 sinTilt=-0.866023
YAWED detId=439889001 signRow=1 signCol=0 flipped=0 sinTilt=-0.866017
YAWED detId=439889005 signRow=0 signCol=0 flipped=1 sinTilt=-0.866017
YAWED detId=439889009 signRow=1 signCol=0 flipped=0 sinTilt=-0.866023
YAWED detId=439889013 signRow=0 signCol=0 flipped=1 sinTilt=-0.866017
YAWED detId=439889017 signRow=1 signCol=0 flipped=0 sinTilt=-0.866017
YAWED detId=439889021 signRow=0 signCol=0 flipped=1 sinTilt=-0.866023
YAWED detId=439889025 signRow=1 signCol=0 flipped=0 sinTilt=-0.866023
YAWED detId=439889029 signRow=0 signCol=0 flipped=1 sinTilt=-0.86603
YAWED detId=439889033 signRow=1 signCol=0 flipped=0 sinTilt=-0.86603
YAWED detId=439889037 signRow=0 signCol=0 flipped=1 sinTilt=-0.866023
YAWED detId=439889041 signRow=1 signCol=0 flipped=0 sinTilt=-0.866023
YAWED detId=439889925 signRow=0 signCol=0 flipped=1 sinTilt=-0.86603
YAWED detId=439889929 signRow=1 signCol=0 flipped=0 sinTilt=-0.866023
YAWED detId=439889933 signRow=0 signCol=0 flipped=1 sinTilt=-0.866023
YAWED detId=439889937 signRow=1 signCol=0 flipped=0 sinTilt=-0.86603
YAWED detId=439889941 signRow=0 signCol=0 flipped=1 sinTilt=-0.86603
YAWED detId=439889945 signRow=1 signCol=0 flipped=0 sinTilt=-0.866023
YAWED detId=439889949 signRow=0 signCol=0 flipped=1 sinTilt=-0.866023
YAWED detId=439889953 signRow=1 signCol=0 flipped=0 sinTilt=-0.866017
YAWED detId=439889957 signRow=0 signCol=0 flipped=1 sinTilt=-0.866017
YAWED detId=439889961 signRow=1 signCol=0 flipped=0 sinTilt=-0.866023
YAWED detId=439889965 signRow=0 signCol=0 flipped=1 sinTilt=-0.866017
YAWED detId=439889969 signRow=1 signCol=0 flipped=0 sinTilt=-0.866017
YAWED detId=439889973 signRow=0 signCol=0 flipped=1 sinTilt=-0.866023
YAWED detId=439889977 signRow=1 signCol=0 flipped=0 sinTilt=-0.866023
YAWED detId=439889981 signRow=0 signCol=0 flipped=1 sinTilt=-0.86603
YAWED detId=439889985 signRow=1 signCol=0 flipped=0 sinTilt=-0.86603
YAWED detId=439889989 signRow=0 signCol=0 flipped=1 sinTilt=-0.866023
YAWED detId=439889993 signRow=1 signCol=0 flipped=0 sinTilt=-0.866023
YAWED detId=439889997 signRow=0 signCol=0 flipped=1 sinTilt=-0.86603
YAWED detId=439890001 signRow=1 signCol=0 flipped=0 sinTilt=-0.866023
YAWED detId=439890005 signRow=0 signCol=0 flipped=1 sinTilt=-0.866023
YAWED detId=439890009 signRow=1 signCol=0 flipped=0 sinTilt=-0.86603
YAWED detId=439890013 signRow=0 signCol=0 flipped=1 sinTilt=-0.86603
YAWED detId=439890017 signRow=1 signCol=0 flipped=0 sinTilt=-0.866023
YAWED detId=439890021 signRow=0 signCol=0 flipped=1 sinTilt=-0.866023
YAWED detId=439890025 signRow=1 signCol=0 flipped=0 sinTilt=-0.866017
YAWED detId=439890029 signRow=0 signCol=0 flipped=1 sinTilt=-0.866017
YAWED detId=439890033 signRow=1 signCol=0 flipped=0 sinTilt=-0.866023
YAWED detId=439890037 signRow=0 signCol=0 flipped=1 sinTilt=-0.866017
YAWED detId=439890041 signRow=1 signCol=0 flipped=0 sinTilt=-0.866017
YAWED detId=439890045 signRow=0 signCol=0 flipped=1 sinTilt=-0.866023
YAWED detId=439890049 signRow=1 signCol=0 flipped=0 sinTilt=-0.866023
YAWED detId=439890053 signRow=0 signCol=0 flipped=1 sinTilt=-0.86603
YAWED detId=439890057 signRow=1 signCol=0 flipped=0 sinTilt=-0.86603
YAWED detId=439890061 signRow=0 signCol=0 flipped=1 sinTilt=-0.866023
YAWED detId=439890065 signRow=1 signCol=0 flipped=0 sinTilt=-0.866023
YAWED detId=441189385 signRow=0 signCol=0 flipped=1 sinTilt=0
YAWED detId=441189389 signRow=1 signCol=0 flipped=0 sinTilt=0
YAWED detId=441189393 signRow=0 signCol=0 flipped=1 sinTilt=0
YAWED detId=441189397 signRow=1 signCol=0 flipped=0 sinTilt=0
YAWED detId=441189401 signRow=0 signCol=0 flipped=1 sinTilt=0
YAWED detId=441189405 signRow=1 signCol=0 flipped=0 sinTilt=0
YAWED detId=441189409 signRow=0 signCol=0 flipped=1 sinTilt=0
YAWED detId=441189413 signRow=1 signCol=0 flipped=0 sinTilt=0
YAWED detId=441189417 signRow=0 signCol=0 flipped=1 sinTilt=0
YAWED detId=441189421 signRow=1 signCol=0 flipped=0 sinTilt=0
YAWED detId=441189429 signRow=1 signCol=0 flipped=0 sinTilt=0
YAWED detId=441189473 signRow=0 signCol=0 flipped=1 sinTilt=0
YAWED detId=441190409 signRow=0 signCol=0 flipped=1 sinTilt=0
YAWED detId=441190413 signRow=1 signCol=0 flipped=0 sinTilt=0
YAWED detId=441190417 signRow=0 signCol=0 flipped=1 sinTilt=0
YAWED detId=441190421 signRow=1 signCol=0 flipped=0 sinTilt=0
YAWED detId=441190425 signRow=0 signCol=0 flipped=1 sinTilt=0
YAWED detId=441190429 signRow=1 signCol=0 flipped=0 sinTilt=0
YAWED detId=441190433 signRow=0 signCol=0 flipped=1 sinTilt=0
YAWED detId=441190437 signRow=1 signCol=0 flipped=0 sinTilt=0
YAWED detId=441190441 signRow=0 signCol=0 flipped=1 sinTilt=0
YAWED detId=441190445 signRow=1 signCol=0 flipped=0 sinTilt=0
YAWED detId=441190453 signRow=1 signCol=0 flipped=0 sinTilt=0
YAWED detId=441190497 signRow=0 signCol=0 flipped=1 sinTilt=0
YAWED detId=441191433 signRow=0 signCol=0 flipped=1 sinTilt=0
YAWED detId=441191437 signRow=1 signCol=0 flipped=0 sinTilt=0
YAWED detId=441191441 signRow=0 signCol=0 flipped=1 sinTilt=0
YAWED detId=441191445 signRow=1 signCol=0 flipped=0 sinTilt=0
YAWED detId=441191449 signRow=0 signCol=0 flipped=1 sinTilt=0
YAWED detId=441191453 signRow=1 signCol=0 flipped=0 sinTilt=0
YAWED detId=441191457 signRow=0 signCol=0 flipped=1 sinTilt=0
YAWED detId=441191461 signRow=1 signCol=0 flipped=0 sinTilt=0
YAWED detId=441191465 signRow=0 signCol=0 flipped=1 sinTilt=0
YAWED detId=441191469 signRow=1 signCol=0 flipped=0 sinTilt=0
YAWED detId=441191477 signRow=1 signCol=0 flipped=0 sinTilt=0
YAWED detId=441191521 signRow=0 signCol=0 flipped=1 sinTilt=0
YAWED detId=441192457 signRow=0 signCol=0 flipped=1 sinTilt=0
YAWED detId=441192461 signRow=1 signCol=0 flipped=0 sinTilt=0
YAWED detId=441192465 signRow=0 signCol=0 flipped=1 sinTilt=0
YAWED detId=441192469 signRow=1 signCol=0 flipped=0 sinTilt=0
YAWED detId=441192473 signRow=0 signCol=0 flipped=1 sinTilt=0
YAWED detId=441192477 signRow=1 signCol=0 flipped=0 sinTilt=0
YAWED detId=441192481 signRow=0 signCol=0 flipped=1 sinTilt=0
YAWED detId=441192485 signRow=1 signCol=0 flipped=0 sinTilt=0
YAWED detId=441192489 signRow=0 signCol=0 flipped=1 sinTilt=0
YAWED detId=441192493 signRow=1 signCol=0 flipped=0 sinTilt=0
YAWED detId=441192501 signRow=1 signCol=0 flipped=0 sinTilt=0
YAWED detId=441192545 signRow=0 signCol=0 flipped=1 sinTilt=0
YAWED detId=441193481 signRow=0 signCol=0 flipped=1 sinTilt=0
YAWED detId=441193485 signRow=1 signCol=0 flipped=0 sinTilt=0
YAWED detId=441193489 signRow=0 signCol=0 flipped=1 sinTilt=0
YAWED detId=441193493 signRow=1 signCol=0 flipped=0 sinTilt=0
YAWED detId=441193497 signRow=0 signCol=0 flipped=1 sinTilt=0
YAWED detId=441193501 signRow=1 signCol=0 flipped=0 sinTilt=0
YAWED detId=441193505 signRow=0 signCol=0 flipped=1 sinTilt=0
YAWED detId=441193509 signRow=1 signCol=0 flipped=0 sinTilt=0
YAWED detId=441193513 signRow=0 signCol=0 flipped=1 sinTilt=0
YAWED detId=441193517 signRow=1 signCol=0 flipped=0 sinTilt=0
YAWED detId=441193525 signRow=1 signCol=0 flipped=0 sinTilt=0
YAWED detId=441193569 signRow=0 signCol=0 flipped=1 sinTilt=0
YAWED detId=441194505 signRow=0 signCol=0 flipped=1 sinTilt=0
YAWED detId=441194509 signRow=1 signCol=0 flipped=0 sinTilt=0
YAWED detId=441194513 signRow=0 signCol=0 flipped=1 sinTilt=0
YAWED detId=441194517 signRow=1 signCol=0 flipped=0 sinTilt=0
YAWED detId=441194521 signRow=0 signCol=0 flipped=1 sinTilt=0
YAWED detId=441194525 signRow=1 signCol=0 flipped=0 sinTilt=0
YAWED detId=441194529 signRow=0 signCol=0 flipped=1 sinTilt=0
YAWED detId=441194533 signRow=1 signCol=0 flipped=0 sinTilt=0
YAWED detId=441194537 signRow=0 signCol=0 flipped=1 sinTilt=0
YAWED detId=441194541 signRow=1 signCol=0 flipped=0 sinTilt=0
YAWED detId=441194549 signRow=1 signCol=0 flipped=0 sinTilt=0
YAWED detId=441194593 signRow=0 signCol=0 flipped=1 sinTilt=0
YAWED detId=441195529 signRow=0 signCol=0 flipped=1 sinTilt=0
YAWED detId=441195533 signRow=1 signCol=0 flipped=0 sinTilt=0
YAWED detId=441195537 signRow=0 signCol=0 flipped=1 sinTilt=0
YAWED detId=441195541 signRow=1 signCol=0 flipped=0 sinTilt=0
YAWED detId=441195545 signRow=0 signCol=0 flipped=1 sinTilt=0
YAWED detId=441195549 signRow=1 signCol=0 flipped=0 sinTilt=0
YAWED detId=441195553 signRow=0 signCol=0 flipped=1 sinTilt=0
YAWED detId=441195557 signRow=1 signCol=0 flipped=0 sinTilt=0
YAWED detId=441195561 signRow=0 signCol=0 flipped=1 sinTilt=0
YAWED detId=441195565 signRow=1 signCol=0 flipped=0 sinTilt=0
YAWED detId=441195573 signRow=1 signCol=0 flipped=0 sinTilt=0
YAWED detId=441195617 signRow=0 signCol=0 flipped=1 sinTilt=0
YAWED detId=441196553 signRow=0 signCol=0 flipped=1 sinTilt=0
YAWED detId=441196557 signRow=1 signCol=0 flipped=0 sinTilt=0
YAWED detId=441196561 signRow=0 signCol=0 flipped=1 sinTilt=0
YAWED detId=441196565 signRow=1 signCol=0 flipped=0 sinTilt=0
YAWED detId=441196569 signRow=0 signCol=0 flipped=1 sinTilt=0
YAWED detId=441196573 signRow=1 signCol=0 flipped=0 sinTilt=0
YAWED detId=441196577 signRow=0 signCol=0 flipped=1 sinTilt=0
YAWED detId=441196581 signRow=1 signCol=0 flipped=0 sinTilt=0
YAWED detId=441196585 signRow=0 signCol=0 flipped=1 sinTilt=0
YAWED detId=441196589 signRow=1 signCol=0 flipped=0 sinTilt=0
YAWED detId=441196597 signRow=1 signCol=0 flipped=0 sinTilt=0
YAWED detId=441196641 signRow=0 signCol=0 flipped=1 sinTilt=0
YAWED detId=441197577 signRow=0 signCol=0 flipped=1 sinTilt=0
YAWED detId=441197581 signRow=1 signCol=0 flipped=0 sinTilt=0
YAWED detId=441197585 signRow=0 signCol=0 flipped=1 sinTilt=0
YAWED detId=441197589 signRow=1 signCol=0 flipped=0 sinTilt=0
YAWED detId=441197593 signRow=0 signCol=0 flipped=1 sinTilt=0
YAWED detId=441197597 signRow=1 signCol=0 flipped=0 sinTilt=0
YAWED detId=441197601 signRow=0 signCol=0 flipped=1 sinTilt=0
YAWED detId=441197605 signRow=1 signCol=0 flipped=0 sinTilt=0
YAWED detId=441197609 signRow=0 signCol=0 flipped=1 sinTilt=0
YAWED detId=441197613 signRow=1 signCol=0 flipped=0 sinTilt=0
YAWED detId=441197621 signRow=1 signCol=0 flipped=0 sinTilt=0
YAWED detId=441197665 signRow=0 signCol=0 flipped=1 sinTilt=0
YAWED detId=441198601 signRow=0 signCol=0 flipped=1 sinTilt=0
YAWED detId=441198605 signRow=1 signCol=0 flipped=0 sinTilt=0
YAWED detId=441198609 signRow=0 signCol=0 flipped=1 sinTilt=0
YAWED detId=441198613 signRow=1 signCol=0 flipped=0 sinTilt=0
YAWED detId=441198617 signRow=0 signCol=0 flipped=1 sinTilt=0
YAWED detId=441198621 signRow=1 signCol=0 flipped=0 sinTilt=0
YAWED detId=441198625 signRow=0 signCol=0 flipped=1 sinTilt=0
YAWED detId=441198629 signRow=1 signCol=0 flipped=0 sinTilt=0
YAWED detId=441198633 signRow=0 signCol=0 flipped=1 sinTilt=0
YAWED detId=441198637 signRow=1 signCol=0 flipped=0 sinTilt=0
YAWED detId=441198645 signRow=1 signCol=0 flipped=0 sinTilt=0
YAWED detId=441198689 signRow=0 signCol=0 flipped=1 sinTilt=0
YAWED detId=441199625 signRow=0 signCol=0 flipped=1 sinTilt=0
YAWED detId=441199629 signRow=1 signCol=0 flipped=0 sinTilt=0
YAWED detId=441199633 signRow=0 signCol=0 flipped=1 sinTilt=0
YAWED detId=441199637 signRow=1 signCol=0 flipped=0 sinTilt=0
YAWED detId=441199641 signRow=0 signCol=0 flipped=1 sinTilt=0
YAWED detId=441199645 signRow=1 signCol=0 flipped=0 sinTilt=0
YAWED detId=441199649 signRow=0 signCol=0 flipped=1 sinTilt=0
YAWED detId=441199653 signRow=1 signCol=0 flipped=0 sinTilt=0
YAWED detId=441199657 signRow=0 signCol=0 flipped=1 sinTilt=0
YAWED detId=441199661 signRow=1 signCol=0 flipped=0 sinTilt=0
YAWED detId=441199669 signRow=1 signCol=0 flipped=0 sinTilt=0
YAWED detId=441199713 signRow=0 signCol=0 flipped=1 sinTilt=0
YAWED detId=441200649 signRow=0 signCol=0 flipped=1 sinTilt=0
YAWED detId=441200653 signRow=1 signCol=0 flipped=0 sinTilt=0
YAWED detId=441200657 signRow=0 signCol=0 flipped=1 sinTilt=0
YAWED detId=441200661 signRow=1 signCol=0 flipped=0 sinTilt=0
YAWED detId=441200665 signRow=0 signCol=0 flipped=1 sinTilt=0
YAWED detId=441200669 signRow=1 signCol=0 flipped=0 sinTilt=0
YAWED detId=441200673 signRow=0 signCol=0 flipped=1 sinTilt=0
YAWED detId=441200677 signRow=1 signCol=0 flipped=0 sinTilt=0
YAWED detId=441200681 signRow=0 signCol=0 flipped=1 sinTilt=0
YAWED detId=441200685 signRow=1 signCol=0 flipped=0 sinTilt=0
YAWED detId=441200693 signRow=1 signCol=0 flipped=0 sinTilt=0
YAWED detId=441200737 signRow=0 signCol=0 flipped=1 sinTilt=0
YAWED detId=441201673 signRow=0 signCol=0 flipped=1 sinTilt=0
YAWED detId=441201677 signRow=1 signCol=0 flipped=0 sinTilt=0
YAWED detId=441201681 signRow=0 signCol=0 flipped=1 sinTilt=0
YAWED detId=441201685 signRow=1 signCol=0 flipped=0 sinTilt=0
YAWED detId=441201689 signRow=0 signCol=0 flipped=1 sinTilt=0
YAWED detId=441201693 signRow=1 signCol=0 flipped=0 sinTilt=0
YAWED detId=441201697 signRow=0 signCol=0 flipped=1 sinTilt=0
YAWED detId=441201701 signRow=1 signCol=0 flipped=0 sinTilt=0
YAWED detId=441201705 signRow=0 signCol=0 flipped=1 sinTilt=0
YAWED detId=441201709 signRow=1 signCol=0 flipped=0 sinTilt=0
YAWED detId=441201717 signRow=1 signCol=0 flipped=0 sinTilt=0
YAWED detId=441201761 signRow=0 signCol=0 flipped=1 sinTilt=0
YAWED detId=441202697 signRow=0 signCol=0 flipped=1 sinTilt=0
YAWED detId=441202701 signRow=1 signCol=0 flipped=0 sinTilt=0
YAWED detId=441202705 signRow=0 signCol=0 flipped=1 sinTilt=0
YAWED detId=441202709 signRow=1 signCol=0 flipped=0 sinTilt=0
YAWED detId=441202713 signRow=0 signCol=0 flipped=1 sinTilt=0
YAWED detId=441202717 signRow=1 signCol=0 flipped=0 sinTilt=0
YAWED detId=441202721 signRow=0 signCol=0 flipped=1 sinTilt=0
YAWED detId=441202725 signRow=1 signCol=0 flipped=0 sinTilt=0
YAWED detId=441202729 signRow=0 signCol=0 flipped=1 sinTilt=0
YAWED detId=441202733 signRow=1 signCol=0 flipped=0 sinTilt=0
YAWED detId=441202741 signRow=1 signCol=0 flipped=0 sinTilt=0
YAWED detId=441202785 signRow=0 signCol=0 flipped=1 sinTilt=0
YAWED detId=441203721 signRow=0 signCol=0 flipped=1 sinTilt=0
YAWED detId=441203725 signRow=1 signCol=0 flipped=0 sinTilt=0
YAWED detId=441203729 signRow=0 signCol=0 flipped=1 sinTilt=0
YAWED detId=441203733 signRow=1 signCol=0 flipped=0 sinTilt=0
YAWED detId=441203737 signRow=0 signCol=0 flipped=1 sinTilt=0
YAWED detId=441203741 signRow=1 signCol=0 flipped=0 sinTilt=0
YAWED detId=441203745 signRow=0 signCol=0 flipped=1 sinTilt=0
YAWED detId=441203749 signRow=1 signCol=0 flipped=0 sinTilt=0
YAWED detId=441203753 signRow=0 signCol=0 flipped=1 sinTilt=0
YAWED detId=441203757 signRow=1 signCol=0 flipped=0 sinTilt=0
YAWED detId=441203765 signRow=1 signCol=0 flipped=0 sinTilt=0
YAWED detId=441203809 signRow=0 signCol=0 flipped=1 sinTilt=0
YAWED detId=441204745 signRow=0 signCol=0 flipped=1 sinTilt=0
YAWED detId=441204749 signRow=1 signCol=0 flipped=0 sinTilt=0
YAWED detId=441204753 signRow=0 signCol=0 flipped=1 sinTilt=0
YAWED detId=441204757 signRow=1 signCol=0 flipped=0 sinTilt=0
YAWED detId=441204761 signRow=0 signCol=0 flipped=1 sinTilt=0
YAWED detId=441204765 signRow=1 signCol=0 flipped=0 sinTilt=0
YAWED detId=441204769 signRow=0 signCol=0 flipped=1 sinTilt=0
YAWED detId=441204773 signRow=1 signCol=0 flipped=0 sinTilt=0
YAWED detId=441204777 signRow=0 signCol=0 flipped=1 sinTilt=0
YAWED detId=441204781 signRow=1 signCol=0 flipped=0 sinTilt=0
YAWED detId=441204789 signRow=1 signCol=0 flipped=0 sinTilt=0
YAWED detId=441204833 signRow=0 signCol=0 flipped=1 sinTilt=0
YAWED detId=441205769 signRow=0 signCol=0 flipped=1 sinTilt=0
YAWED detId=441205773 signRow=1 signCol=0 flipped=0 sinTilt=0
YAWED detId=441205777 signRow=0 signCol=0 flipped=1 sinTilt=0
YAWED detId=441205781 signRow=1 signCol=0 flipped=0 sinTilt=0
YAWED detId=441205785 signRow=0 signCol=0 flipped=1 sinTilt=0
YAWED detId=441205789 signRow=1 signCol=0 flipped=0 sinTilt=0
YAWED detId=441205793 signRow=0 signCol=0 flipped=1 sinTilt=0
YAWED detId=441205797 signRow=1 signCol=0 flipped=0 sinTilt=0
YAWED detId=441205801 signRow=0 signCol=0 flipped=1 sinTilt=0
YAWED detId=441205805 signRow=1 signCol=0 flipped=0 sinTilt=0
YAWED detId=441205813 signRow=1 signCol=0 flipped=0 sinTilt=0
YAWED detId=441205857 signRow=0 signCol=0 flipped=1 sinTilt=0
YAWED detId=441206793 signRow=0 signCol=0 flipped=1 sinTilt=0
YAWED detId=441206797 signRow=1 signCol=0 flipped=0 sinTilt=0
YAWED detId=441206801 signRow=0 signCol=0 flipped=1 sinTilt=0
YAWED detId=441206805 signRow=1 signCol=0 flipped=0 sinTilt=0
YAWED detId=441206809 signRow=0 signCol=0 flipped=1 sinTilt=0
YAWED detId=441206813 signRow=1 signCol=0 flipped=0 sinTilt=0
YAWED detId=441206817 signRow=0 signCol=0 flipped=1 sinTilt=0
YAWED detId=441206821 signRow=1 signCol=0 flipped=0 sinTilt=0
YAWED detId=441206825 signRow=0 signCol=0 flipped=1 sinTilt=0
YAWED detId=441206829 signRow=1 signCol=0 flipped=0 sinTilt=0
YAWED detId=441206837 signRow=1 signCol=0 flipped=0 sinTilt=0
YAWED detId=441206881 signRow=0 signCol=0 flipped=1 sinTilt=0
YAWED detId=441207817 signRow=0 signCol=0 flipped=1 sinTilt=0
YAWED detId=441207821 signRow=1 signCol=0 flipped=0 sinTilt=0
YAWED detId=441207825 signRow=0 signCol=0 flipped=1 sinTilt=0
YAWED detId=441207829 signRow=1 signCol=0 flipped=0 sinTilt=0
YAWED detId=441207833 signRow=0 signCol=0 flipped=1 sinTilt=0
YAWED detId=441207837 signRow=1 signCol=0 flipped=0 sinTilt=0
YAWED detId=441207841 signRow=0 signCol=0 flipped=1 sinTilt=0
YAWED detId=441207845 signRow=1 signCol=0 flipped=0 sinTilt=0
YAWED detId=441207849 signRow=0 signCol=0 flipped=1 sinTilt=0
YAWED detId=441207853 signRow=1 signCol=0 flipped=0 sinTilt=0
YAWED detId=441207861 signRow=1 signCol=0 flipped=0 sinTilt=0
YAWED detId=441207905 signRow=0 signCol=0 flipped=1 sinTilt=0
YAWED detId=441208841 signRow=0 signCol=0 flipped=1 sinTilt=0
YAWED detId=441208845 signRow=1 signCol=0 flipped=0 sinTilt=0
YAWED detId=441208849 signRow=0 signCol=0 flipped=1 sinTilt=0
YAWED detId=441208853 signRow=1 signCol=0 flipped=0 sinTilt=0
YAWED detId=441208857 signRow=0 signCol=0 flipped=1 sinTilt=0
YAWED detId=441208861 signRow=1 signCol=0 flipped=0 sinTilt=0
YAWED detId=441208865 signRow=0 signCol=0 flipped=1 sinTilt=0
YAWED detId=441208869 signRow=1 signCol=0 flipped=0 sinTilt=0
YAWED detId=441208873 signRow=0 signCol=0 flipped=1 sinTilt=0
YAWED detId=441208877 signRow=1 signCol=0 flipped=0 sinTilt=0
YAWED detId=441208885 signRow=1 signCol=0 flipped=0 sinTilt=0
YAWED detId=441208929 signRow=0 signCol=0 flipped=1 sinTilt=0
YAWED detId=441209865 signRow=0 signCol=0 flipped=1 sinTilt=0
YAWED detId=441209869 signRow=1 signCol=0 flipped=0 sinTilt=0
YAWED detId=441209873 signRow=0 signCol=0 flipped=1 sinTilt=0
YAWED detId=441209877 signRow=1 signCol=0 flipped=0 sinTilt=0
YAWED detId=441209881 signRow=0 signCol=0 flipped=1 sinTilt=0
YAWED detId=441209885 signRow=1 signCol=0 flipped=0 sinTilt=0
YAWED detId=441209889 signRow=0 signCol=0 flipped=1 sinTilt=0
YAWED detId=441209893 signRow=1 signCol=0 flipped=0 sinTilt=0
YAWED detId=441209897 signRow=0 signCol=0 flipped=1 sinTilt=0
YAWED detId=441209901 signRow=1 signCol=0 flipped=0 sinTilt=0
YAWED detId=441209909 signRow=1 signCol=0 flipped=0 sinTilt=0
YAWED detId=441209953 signRow=0 signCol=0 flipped=1 sinTilt=0
YAWED detId=441210889 signRow=0 signCol=0 flipped=1 sinTilt=0
YAWED detId=441210893 signRow=1 signCol=0 flipped=0 sinTilt=0
YAWED detId=441210897 signRow=0 signCol=0 flipped=1 sinTilt=0
YAWED detId=441210901 signRow=1 signCol=0 flipped=0 sinTilt=0
YAWED detId=441210905 signRow=0 signCol=0 flipped=1 sinTilt=0
YAWED detId=441210909 signRow=1 signCol=0 flipped=0 sinTilt=0
YAWED detId=441210913 signRow=0 signCol=0 flipped=1 sinTilt=0
YAWED detId=441210917 signRow=1 signCol=0 flipped=0 sinTilt=0
YAWED detId=441210921 signRow=0 signCol=0 flipped=1 sinTilt=0
YAWED detId=441210925 signRow=1 signCol=0 flipped=0 sinTilt=0
YAWED detId=441210933 signRow=1 signCol=0 flipped=0 sinTilt=0
YAWED detId=441210977 signRow=0 signCol=0 flipped=1 sinTilt=0
YAWED detId=441211913 signRow=0 signCol=0 flipped=1 sinTilt=0
YAWED detId=441211917 signRow=1 signCol=0 flipped=0 sinTilt=0
YAWED detId=441211921 signRow=0 signCol=0 flipped=1 sinTilt=0
YAWED detId=441211925 signRow=1 signCol=0 flipped=0 sinTilt=0
YAWED detId=441211929 signRow=0 signCol=0 flipped=1 sinTilt=0
YAWED detId=441211933 signRow=1 signCol=0 flipped=0 sinTilt=0
YAWED detId=441211937 signRow=0 signCol=0 flipped=1 sinTilt=0
YAWED detId=441211941 signRow=1 signCol=0 flipped=0 sinTilt=0
YAWED detId=441211945 signRow=0 signCol=0 flipped=1 sinTilt=0
YAWED detId=441211949 signRow=1 signCol=0 flipped=0 sinTilt=0
YAWED detId=441211957 signRow=1 signCol=0 flipped=0 sinTilt=0
YAWED detId=441212001 signRow=0 signCol=0 flipped=1 sinTilt=0
YAWED detId=441212937 signRow=0 signCol=0 flipped=1 sinTilt=0
YAWED detId=441212941 signRow=1 signCol=0 flipped=0 sinTilt=0
YAWED detId=441212945 signRow=0 signCol=0 flipped=1 sinTilt=0
YAWED detId=441212949 signRow=1 signCol=0 flipped=0 sinTilt=0
YAWED detId=441212953 signRow=0 signCol=0 flipped=1 sinTilt=0
YAWED detId=441212957 signRow=1 signCol=0 flipped=0 sinTilt=0
YAWED detId=441212961 signRow=0 signCol=0 flipped=1 sinTilt=0
YAWED detId=441212965 signRow=1 signCol=0 flipped=0 sinTilt=0
YAWED detId=441212969 signRow=0 signCol=0 flipped=1 sinTilt=0
YAWED detId=441212973 signRow=1 signCol=0 flipped=0 sinTilt=0
YAWED detId=441212981 signRow=1 signCol=0 flipped=0 sinTilt=0
YAWED detId=441213025 signRow=0 signCol=0 flipped=1 sinTilt=0
YAWED detId=441213961 signRow=0 signCol=0 flipped=1 sinTilt=0
YAWED detId=441213965 signRow=1 signCol=0 flipped=0 sinTilt=0
YAWED detId=441213969 signRow=0 signCol=0 flipped=1 sinTilt=0
YAWED detId=441213973 signRow=1 signCol=0 flipped=0 sinTilt=0
YAWED detId=441213977 signRow=0 signCol=0 flipped=1 sinTilt=0
YAWED detId=441213981 signRow=1 signCol=0 flipped=0 sinTilt=0
YAWED detId=441213985 signRow=0 signCol=0 flipped=1 sinTilt=0
YAWED detId=441213989 signRow=1 signCol=0 flipped=0 sinTilt=0
YAWED detId=441213993 signRow=0 signCol=0 flipped=1 sinTilt=0
YAWED detId=441213997 signRow=1 signCol=0 flipped=0 sinTilt=0
YAWED detId=441214005 signRow=1 signCol=0 flipped=0 sinTilt=0
YAWED detId=441214049 signRow=0 signCol=0 flipped=1 sinTilt=0
YAWED detId=441214985 signRow=0 signCol=0 flipped=1 sinTilt=0
YAWED detId=441214989 signRow=1 signCol=0 flipped=0 sinTilt=0
YAWED detId=441214993 signRow=0 signCol=0 flipped=1 sinTilt=0
YAWED detId=441214997 signRow=1 signCol=0 flipped=0 sinTilt=0
YAWED detId=441215001 signRow=0 signCol=0 flipped=1 sinTilt=0
YAWED detId=441215005 signRow=1 signCol=0 flipped=0 sinTilt=0
YAWED detId=441215009 signRow=0 signCol=0 flipped=1 sinTilt=0
YAWED detId=441215013 signRow=1 signCol=0 flipped=0 sinTilt=0
YAWED detId=441215017 signRow=0 signCol=0 flipped=1 sinTilt=0
YAWED detId=441215021 signRow=1 signCol=0 flipped=0 sinTilt=0
YAWED detId=441215029 signRow=1 signCol=0 flipped=0 sinTilt=0
YAWED detId=441215073 signRow=0 signCol=0 flipped=1 sinTilt=0
YAWED detId=441216009 signRow=0 signCol=0 flipped=1 sinTilt=0
YAWED detId=441216013 signRow=1 signCol=0 flipped=0 sinTilt=0
YAWED detId=441216017 signRow=0 signCol=0 flipped=1 sinTilt=0
YAWED detId=441216021 signRow=1 signCol=0 flipped=0 sinTilt=0
YAWED detId=441216025 signRow=0 signCol=0 flipped=1 sinTilt=0
YAWED detId=441216029 signRow=1 signCol=0 flipped=0 sinTilt=0
YAWED detId=441216033 signRow=0 signCol=0 flipped=1 sinTilt=0
YAWED detId=441216037 signRow=1 signCol=0 flipped=0 sinTilt=0
YAWED detId=441216041 signRow=0 signCol=0 flipped=1 sinTilt=0
YAWED detId=441216045 signRow=1 signCol=0 flipped=0 sinTilt=0
YAWED detId=441216053 signRow=1 signCol=0 flipped=0 sinTilt=0
YAWED detId=441216097 signRow=0 signCol=0 flipped=1 sinTilt=0
YAWED detId=441217033 signRow=0 signCol=0 flipped=1 sinTilt=0
YAWED detId=441217037 signRow=1 signCol=0 flipped=0 sinTilt=0
YAWED detId=441217041 signRow=0 signCol=0 flipped=1 sinTilt=0
YAWED detId=441217045 signRow=1 signCol=0 flipped=0 sinTilt=0
YAWED detId=441217049 signRow=0 signCol=0 flipped=1 sinTilt=0
YAWED detId=441217053 signRow=1 signCol=0 flipped=0 sinTilt=0
YAWED detId=441217057 signRow=0 signCol=0 flipped=1 sinTilt=0
YAWED detId=441217061 signRow=1 signCol=0 flipped=0 sinTilt=0
YAWED detId=441217065 signRow=0 signCol=0 flipped=1 sinTilt=0
YAWED detId=441217069 signRow=1 signCol=0 flipped=0 sinTilt=0
YAWED detId=441217077 signRow=1 signCol=0 flipped=0 sinTilt=0
YAWED detId=441217121 signRow=0 signCol=0 flipped=1 sinTilt=0
YAWED detId=441218057 signRow=0 signCol=0 flipped=1 sinTilt=0
YAWED detId=441218061 signRow=1 signCol=0 flipped=0 sinTilt=0
YAWED detId=441218065 signRow=0 signCol=0 flipped=1 sinTilt=0
YAWED detId=441218069 signRow=1 signCol=0 flipped=0 sinTilt=0
YAWED detId=441218073 signRow=0 signCol=0 flipped=1 sinTilt=0
YAWED detId=441218077 signRow=1 signCol=0 flipped=0 sinTilt=0
YAWED detId=441218081 signRow=0 signCol=0 flipped=1 sinTilt=0
YAWED detId=441218085 signRow=1 signCol=0 flipped=0 sinTilt=0
YAWED detId=441218089 signRow=0 signCol=0 flipped=1 sinTilt=0
YAWED detId=441218093 signRow=1 signCol=0 flipped=0 sinTilt=0
YAWED detId=441218101 signRow=1 signCol=0 flipped=0 sinTilt=0
YAWED detId=441218145 signRow=0 signCol=0 flipped=1 sinTilt=0
YAWED detId=441219081 signRow=0 signCol=0 flipped=1 sinTilt=0
YAWED detId=441219085 signRow=1 signCol=0 flipped=0 sinTilt=0
YAWED detId=441219089 signRow=0 signCol=0 flipped=1 sinTilt=0
YAWED detId=441219093 signRow=1 signCol=0 flipped=0 sinTilt=0
YAWED detId=441219097 signRow=0 signCol=0 flipped=1 sinTilt=0
YAWED detId=441219101 signRow=1 signCol=0 flipped=0 sinTilt=0
YAWED detId=441219105 signRow=0 signCol=0 flipped=1 sinTilt=0
YAWED detId=441219109 signRow=1 signCol=0 flipped=0 sinTilt=0
YAWED detId=441219113 signRow=0 signCol=0 flipped=1 sinTilt=0
YAWED detId=441219117 signRow=1 signCol=0 flipped=0 sinTilt=0
YAWED detId=441219125 signRow=1 signCol=0 flipped=0 sinTilt=0
YAWED detId=441219169 signRow=0 signCol=0 flipped=1 sinTilt=0
YAWED detId=441220105 signRow=0 signCol=0 flipped=1 sinTilt=0
YAWED detId=441220109 signRow=1 signCol=0 flipped=0 sinTilt=0
YAWED detId=441220113 signRow=0 signCol=0 flipped=1 sinTilt=0
YAWED detId=441220117 signRow=1 signCol=0 flipped=0 sinTilt=0
YAWED detId=441220121 signRow=0 signCol=0 flipped=1 sinTilt=0
YAWED detId=441220125 signRow=1 signCol=0 flipped=0 sinTilt=0
YAWED detId=441220129 signRow=0 signCol=0 flipped=1 sinTilt=0
YAWED detId=441220133 signRow=1 signCol=0 flipped=0 sinTilt=0
YAWED detId=441220137 signRow=0 signCol=0 flipped=1 sinTilt=0
YAWED detId=441220141 signRow=1 signCol=0 flipped=0 sinTilt=0
YAWED detId=441220149 signRow=1 signCol=0 flipped=0 sinTilt=0
YAWED detId=441220193 signRow=0 signCol=0 flipped=1 sinTilt=0
YAWED detId=441221129 signRow=0 signCol=0 flipped=1 sinTilt=0
YAWED detId=441221133 signRow=1 signCol=0 flipped=0 sinTilt=0
YAWED detId=441221137 signRow=0 signCol=0 flipped=1 sinTilt=0
YAWED detId=441221141 signRow=1 signCol=0 flipped=0 sinTilt=0
YAWED detId=441221145 signRow=0 signCol=0 flipped=1 sinTilt=0
YAWED detId=441221149 signRow=1 signCol=0 flipped=0 sinTilt=0
YAWED detId=441221153 signRow=0 signCol=0 flipped=1 sinTilt=0
YAWED detId=441221157 signRow=1 signCol=0 flipped=0 sinTilt=0
YAWED detId=441221161 signRow=0 signCol=0 flipped=1 sinTilt=0
YAWED detId=441221165 signRow=1 signCol=0 flipped=0 sinTilt=0
YAWED detId=441221173 signRow=1 signCol=0 flipped=0 sinTilt=0
YAWED detId=441221217 signRow=0 signCol=0 flipped=1 sinTilt=0
YAWED detId=441222153 signRow=0 signCol=0 flipped=1 sinTilt=0
YAWED detId=441222157 signRow=1 signCol=0 flipped=0 sinTilt=0
YAWED detId=441222161 signRow=0 signCol=0 flipped=1 sinTilt=0
YAWED detId=441222165 signRow=1 signCol=0 flipped=0 sinTilt=0
YAWED detId=441222169 signRow=0 signCol=0 flipped=1 sinTilt=0
YAWED detId=441222173 signRow=1 signCol=0 flipped=0 sinTilt=0
YAWED detId=441222177 signRow=0 signCol=0 flipped=1 sinTilt=0
YAWED detId=441222181 signRow=1 signCol=0 flipped=0 sinTilt=0
YAWED detId=441222185 signRow=0 signCol=0 flipped=1 sinTilt=0
YAWED detId=441222189 signRow=1 signCol=0 flipped=0 sinTilt=0
YAWED detId=441222197 signRow=1 signCol=0 flipped=0 sinTilt=0
YAWED detId=441222241 signRow=0 signCol=0 flipped=1 sinTilt=0
YAWED detId=441223177 signRow=0 signCol=0 flipped=1 sinTilt=0
YAWED detId=441223181 signRow=1 signCol=0 flipped=0 sinTilt=0
YAWED detId=441223185 signRow=0 signCol=0 flipped=1 sinTilt=0
YAWED detId=441223189 signRow=1 signCol=0 flipped=0 sinTilt=0
YAWED detId=441223193 signRow=0 signCol=0 flipped=1 sinTilt=0
YAWED detId=441223197 signRow=1 signCol=0 flipped=0 sinTilt=0
YAWED detId=441223201 signRow=0 signCol=0 flipped=1 sinTilt=0
YAWED detId=441223205 signRow=1 signCol=0 flipped=0 sinTilt=0
YAWED detId=441223209 signRow=0 signCol=0 flipped=1 sinTilt=0
YAWED detId=441223213 signRow=1 signCol=0 flipped=0 sinTilt=0
YAWED detId=441223221 signRow=1 signCol=0 flipped=0 sinTilt=0
YAWED detId=441223265 signRow=0 signCol=0 flipped=1 sinTilt=0
YAWED detId=441224201 signRow=0 signCol=0 flipped=1 sinTilt=0
YAWED detId=441224205 signRow=1 signCol=0 flipped=0 sinTilt=0
YAWED detId=441224209 signRow=0 signCol=0 flipped=1 sinTilt=0
YAWED detId=441224213 signRow=1 signCol=0 flipped=0 sinTilt=0
YAWED detId=441224217 signRow=0 signCol=0 flipped=1 sinTilt=0
YAWED detId=441224221 signRow=1 signCol=0 flipped=0 sinTilt=0
YAWED detId=441224225 signRow=0 signCol=0 flipped=1 sinTilt=0
YAWED detId=441224229 signRow=1 signCol=0 flipped=0 sinTilt=0
YAWED detId=441224233 signRow=0 signCol=0 flipped=1 sinTilt=0
YAWED detId=441224237 signRow=1 signCol=0 flipped=0 sinTilt=0
YAWED detId=441224245 signRow=1 signCol=0 flipped=0 sinTilt=0
YAWED detId=441224289 signRow=0 signCol=0 flipped=1 sinTilt=0
YAWED detId=441225225 signRow=0 signCol=0 flipped=1 sinTilt=0
YAWED detId=441225229 signRow=1 signCol=0 flipped=0 sinTilt=0
YAWED detId=441225233 signRow=0 signCol=0 flipped=1 sinTilt=0
YAWED detId=441225237 signRow=1 signCol=0 flipped=0 sinTilt=0
YAWED detId=441225241 signRow=0 signCol=0 flipped=1 sinTilt=0
YAWED detId=441225245 signRow=1 signCol=0 flipped=0 sinTilt=0
YAWED detId=441225249 signRow=0 signCol=0 flipped=1 sinTilt=0
YAWED detId=441225253 signRow=1 signCol=0 flipped=0 sinTilt=0
YAWED detId=441225257 signRow=0 signCol=0 flipped=1 sinTilt=0
YAWED detId=441225261 signRow=1 signCol=0 flipped=0 sinTilt=0
YAWED detId=441225269 signRow=1 signCol=0 flipped=0 sinTilt=0
YAWED detId=441225313 signRow=0 signCol=0 flipped=1 sinTilt=0
YAWED detId=441226249 signRow=0 signCol=0 flipped=1 sinTilt=0
YAWED detId=441226253 signRow=1 signCol=0 flipped=0 sinTilt=0
YAWED detId=441226257 signRow=0 signCol=0 flipped=1 sinTilt=0
YAWED detId=441226261 signRow=1 signCol=0 flipped=0 sinTilt=0
YAWED detId=441226265 signRow=0 signCol=0 flipped=1 sinTilt=0
YAWED detId=441226269 signRow=1 signCol=0 flipped=0 sinTilt=0
YAWED detId=441226273 signRow=0 signCol=0 flipped=1 sinTilt=0
YAWED detId=441226277 signRow=1 signCol=0 flipped=0 sinTilt=0
YAWED detId=441226281 signRow=0 signCol=0 flipped=1 sinTilt=0
YAWED detId=441226285 signRow=1 signCol=0 flipped=0 sinTilt=0
YAWED detId=441226293 signRow=1 signCol=0 flipped=0 sinTilt=0
YAWED detId=441226337 signRow=0 signCol=0 flipped=1 sinTilt=0
YAWED detId=441227273 signRow=0 signCol=0 flipped=1 sinTilt=0
YAWED detId=441227277 signRow=1 signCol=0 flipped=0 sinTilt=0
YAWED detId=441227281 signRow=0 signCol=0 flipped=1 sinTilt=0
YAWED detId=441227285 signRow=1 signCol=0 flipped=0 sinTilt=0
YAWED detId=441227289 signRow=0 signCol=0 flipped=1 sinTilt=0
YAWED detId=441227293 signRow=1 signCol=0 flipped=0 sinTilt=0
YAWED detId=441227297 signRow=0 signCol=0 flipped=1 sinTilt=0
YAWED detId=441227301 signRow=1 signCol=0 flipped=0 sinTilt=0
YAWED detId=441227305 signRow=0 signCol=0 flipped=1 sinTilt=0
YAWED detId=441227309 signRow=1 signCol=0 flipped=0 sinTilt=0
YAWED detId=441227317 signRow=1 signCol=0 flipped=0 sinTilt=0
YAWED detId=441227361 signRow=0 signCol=0 flipped=1 sinTilt=0
YAWED detId=441228297 signRow=0 signCol=0 flipped=1 sinTilt=0
YAWED detId=441228301 signRow=1 signCol=0 flipped=0 sinTilt=0
YAWED detId=441228305 signRow=0 signCol=0 flipped=1 sinTilt=0
YAWED detId=441228309 signRow=1 signCol=0 flipped=0 sinTilt=0
YAWED detId=441228313 signRow=0 signCol=0 flipped=1 sinTilt=0
YAWED detId=441228317 signRow=1 signCol=0 flipped=0 sinTilt=0
YAWED detId=441228321 signRow=0 signCol=0 flipped=1 sinTilt=0
YAWED detId=441228325 signRow=1 signCol=0 flipped=0 sinTilt=0
YAWED detId=441228329 signRow=0 signCol=0 flipped=1 sinTilt=0
YAWED detId=441228333 signRow=1 signCol=0 flipped=0 sinTilt=0
YAWED detId=441228341 signRow=1 signCol=0 flipped=0 sinTilt=0
YAWED detId=441228385 signRow=0 signCol=0 flipped=1 sinTilt=0
YAWED detId=441229321 signRow=0 signCol=0 flipped=1 sinTilt=0
YAWED detId=441229325 signRow=1 signCol=0 flipped=0 sinTilt=0
YAWED detId=441229329 signRow=0 signCol=0 flipped=1 sinTilt=0
YAWED detId=441229333 signRow=1 signCol=0 flipped=0 sinTilt=0
YAWED detId=441229337 signRow=0 signCol=0 flipped=1 sinTilt=0
YAWED detId=441229341 signRow=1 signCol=0 flipped=0 sinTilt=0
YAWED detId=441229345 signRow=0 signCol=0 flipped=1 sinTilt=0
YAWED detId=441229349 signRow=1 signCol=0 flipped=0 sinTilt=0
YAWED detId=441229353 signRow=0 signCol=0 flipped=1 sinTilt=0
YAWED detId=441229357 signRow=1 signCol=0 flipped=0 sinTilt=0
YAWED detId=441229365 signRow=1 signCol=0 flipped=0 sinTilt=0
YAWED detId=441229409 signRow=0 signCol=0 flipped=1 sinTilt=0
YAWED detId=441230345 signRow=0 signCol=0 flipped=1 sinTilt=0
YAWED detId=441230349 signRow=1 signCol=0 flipped=0 sinTilt=0
YAWED detId=441230353 signRow=0 signCol=0 flipped=1 sinTilt=0
YAWED detId=441230357 signRow=1 signCol=0 flipped=0 sinTilt=0
YAWED detId=441230361 signRow=0 signCol=0 flipped=1 sinTilt=0
YAWED detId=441230365 signRow=1 signCol=0 flipped=0 sinTilt=0
YAWED detId=441230369 signRow=0 signCol=0 flipped=1 sinTilt=0
YAWED detId=441230373 signRow=1 signCol=0 flipped=0 sinTilt=0
YAWED detId=441230377 signRow=0 signCol=0 flipped=1 sinTilt=0
YAWED detId=441230381 signRow=1 signCol=0 flipped=0 sinTilt=0
YAWED detId=441230389 signRow=1 signCol=0 flipped=0 sinTilt=0
YAWED detId=441230433 signRow=0 signCol=0 flipped=1 sinTilt=0
YAWED detId=441231369 signRow=0 signCol=0 flipped=1 sinTilt=0
YAWED detId=441231373 signRow=1 signCol=0 flipped=0 sinTilt=0
YAWED detId=441231377 signRow=0 signCol=0 flipped=1 sinTilt=0
YAWED detId=441231381 signRow=1 signCol=0 flipped=0 sinTilt=0
YAWED detId=441231385 signRow=0 signCol=0 flipped=1 sinTilt=0
YAWED detId=441231389 signRow=1 signCol=0 flipped=0 sinTilt=0
YAWED detId=441231393 signRow=0 signCol=0 flipped=1 sinTilt=0
YAWED detId=441231397 signRow=1 signCol=0 flipped=0 sinTilt=0
YAWED detId=441231401 signRow=0 signCol=0 flipped=1 sinTilt=0
YAWED detId=441231405 signRow=1 signCol=0 flipped=0 sinTilt=0
YAWED detId=441231413 signRow=1 signCol=0 flipped=0 sinTilt=0
YAWED detId=441231457 signRow=0 signCol=0 flipped=1 sinTilt=0
YAWED detId=441232393 signRow=0 signCol=0 flipped=1 sinTilt=0
YAWED detId=441232397 signRow=1 signCol=0 flipped=0 sinTilt=0
YAWED detId=441232401 signRow=0 signCol=0 flipped=1 sinTilt=0
YAWED detId=441232405 signRow=1 signCol=0 flipped=0 sinTilt=0
YAWED detId=441232409 signRow=0 signCol=0 flipped=1 sinTilt=0
YAWED detId=441232413 signRow=1 signCol=0 flipped=0 sinTilt=0
YAWED detId=441232417 signRow=0 signCol=0 flipped=1 sinTilt=0
YAWED detId=441232421 signRow=1 signCol=0 flipped=0 sinTilt=0
YAWED detId=441232425 signRow=0 signCol=0 flipped=1 sinTilt=0
YAWED detId=441232429 signRow=1 signCol=0 flipped=0 sinTilt=0
YAWED detId=441232437 signRow=1 signCol=0 flipped=0 sinTilt=0
YAWED detId=441232481 signRow=0 signCol=0 flipped=1 sinTilt=0
YAWED detId=441233417 signRow=0 signCol=0 flipped=1 sinTilt=0
YAWED detId=441233421 signRow=1 signCol=0 flipped=0 sinTilt=0
YAWED detId=441233425 signRow=0 signCol=0 flipped=1 sinTilt=0
YAWED detId=441233429 signRow=1 signCol=0 flipped=0 sinTilt=0
YAWED detId=441233433 signRow=0 signCol=0 flipped=1 sinTilt=0
YAWED detId=441233437 signRow=1 signCol=0 flipped=0 sinTilt=0
YAWED detId=441233441 signRow=0 signCol=0 flipped=1 sinTilt=0
YAWED detId=441233445 signRow=1 signCol=0 flipped=0 sinTilt=0
YAWED detId=441233449 signRow=0 signCol=0 flipped=1 sinTilt=0
YAWED detId=441233453 signRow=1 signCol=0 flipped=0 sinTilt=0
YAWED detId=441233461 signRow=1 signCol=0 flipped=0 sinTilt=0
YAWED detId=441233505 signRow=0 signCol=0 flipped=1 sinTilt=0
YAWED detId=441234441 signRow=0 signCol=0 flipped=1 sinTilt=0
YAWED detId=441234445 signRow=1 signCol=0 flipped=0 sinTilt=0
YAWED detId=441234449 signRow=0 signCol=0 flipped=1 sinTilt=0
YAWED detId=441234453 signRow=1 signCol=0 flipped=0 sinTilt=0
YAWED detId=441234457 signRow=0 signCol=0 flipped=1 sinTilt=0
YAWED detId=441234461 signRow=1 signCol=0 flipped=0 sinTilt=0
YAWED detId=441234465 signRow=0 signCol=0 flipped=1 sinTilt=0
YAWED detId=441234469 signRow=1 signCol=0 flipped=0 sinTilt=0
YAWED detId=441234473 signRow=0 signCol=0 flipped=1 sinTilt=0
YAWED detId=441234477 signRow=1 signCol=0 flipped=0 sinTilt=0
YAWED detId=441234485 signRow=1 signCol=0 flipped=0 sinTilt=0
YAWED detId=441234529 signRow=0 signCol=0 flipped=1 sinTilt=0
YAWED detId=441235465 signRow=0 signCol=0 flipped=1 sinTilt=0
YAWED detId=441235469 signRow=1 signCol=0 flipped=0 sinTilt=0
YAWED detId=441235473 signRow=0 signCol=0 flipped=1 sinTilt=0
YAWED detId=441235477 signRow=1 signCol=0 flipped=0 sinTilt=0
YAWED detId=441235481 signRow=0 signCol=0 flipped=1 sinTilt=0
YAWED detId=441235485 signRow=1 signCol=0 flipped=0 sinTilt=0
YAWED detId=441235489 signRow=0 signCol=0 flipped=1 sinTilt=0
YAWED detId=441235493 signRow=1 signCol=0 flipped=0 sinTilt=0
YAWED detId=441235497 signRow=0 signCol=0 flipped=1 sinTilt=0
YAWED detId=441235501 signRow=1 signCol=0 flipped=0 sinTilt=0
YAWED detId=441235509 signRow=1 signCol=0 flipped=0 sinTilt=0
YAWED detId=441235553 signRow=0 signCol=0 flipped=1 sinTilt=0
YAWED detId=441236489 signRow=0 signCol=0 flipped=1 sinTilt=0
YAWED detId=441236493 signRow=1 signCol=0 flipped=0 sinTilt=0
YAWED detId=441236497 signRow=0 signCol=0 flipped=1 sinTilt=0
YAWED detId=441236501 signRow=1 signCol=0 flipped=0 sinTilt=0
YAWED detId=441236505 signRow=0 signCol=0 flipped=1 sinTilt=0
YAWED detId=441236509 signRow=1 signCol=0 flipped=0 sinTilt=0
YAWED detId=441236513 signRow=0 signCol=0 flipped=1 sinTilt=0
YAWED detId=441236517 signRow=1 signCol=0 flipped=0 sinTilt=0
YAWED detId=441236521 signRow=0 signCol=0 flipped=1 sinTilt=0
YAWED detId=441236525 signRow=1 signCol=0 flipped=0 sinTilt=0
YAWED detId=441236533 signRow=1 signCol=0 flipped=0 sinTilt=0
YAWED detId=441236577 signRow=0 signCol=0 flipped=1 sinTilt=0
YAWED detId=441237513 signRow=0 signCol=0 flipped=1 sinTilt=0
YAWED detId=441237517 signRow=1 signCol=0 flipped=0 sinTilt=0
YAWED detId=441237521 signRow=0 signCol=0 flipped=1 sinTilt=0
YAWED detId=441237525 signRow=1 signCol=0 flipped=0 sinTilt=0
YAWED detId=441237529 signRow=0 signCol=0 flipped=1 sinTilt=0
YAWED detId=441237533 signRow=1 signCol=0 flipped=0 sinTilt=0
YAWED detId=441237537 signRow=0 signCol=0 flipped=1 sinTilt=0
YAWED detId=441237541 signRow=1 signCol=0 flipped=0 sinTilt=0
YAWED detId=441237545 signRow=0 signCol=0 flipped=1 sinTilt=0
YAWED detId=441237549 signRow=1 signCol=0 flipped=0 sinTilt=0
YAWED detId=441237557 signRow=1 signCol=0 flipped=0 sinTilt=0
YAWED detId=441237601 signRow=0 signCol=0 flipped=1 sinTilt=0
YAWED detId=442237961 signRow=0 signCol=0 flipped=1 sinTilt=0
YAWED detId=442237965 signRow=1 signCol=0 flipped=0 sinTilt=0
YAWED detId=442237969 signRow=0 signCol=0 flipped=1 sinTilt=0
YAWED detId=442237973 signRow=1 signCol=0 flipped=0 sinTilt=0
YAWED detId=442237977 signRow=0 signCol=0 flipped=1 sinTilt=0
YAWED detId=442237981 signRow=1 signCol=0 flipped=0 sinTilt=0
YAWED detId=442237985 signRow=0 signCol=0 flipped=1 sinTilt=0
YAWED detId=442237989 signRow=1 signCol=0 flipped=0 sinTilt=0
YAWED detId=442237993 signRow=0 signCol=0 flipped=1 sinTilt=0
YAWED detId=442237997 signRow=1 signCol=0 flipped=0 sinTilt=0
YAWED detId=442238005 signRow=1 signCol=0 flipped=0 sinTilt=0
YAWED detId=442238049 signRow=0 signCol=0 flipped=1 sinTilt=0
YAWED detId=442238985 signRow=0 signCol=0 flipped=1 sinTilt=0
YAWED detId=442238989 signRow=1 signCol=0 flipped=0 sinTilt=0
YAWED detId=442238993 signRow=0 signCol=0 flipped=1 sinTilt=0
YAWED detId=442238997 signRow=1 signCol=0 flipped=0 sinTilt=0
YAWED detId=442239001 signRow=0 signCol=0 flipped=1 sinTilt=0
YAWED detId=442239005 signRow=1 signCol=0 flipped=0 sinTilt=0
YAWED detId=442239009 signRow=0 signCol=0 flipped=1 sinTilt=0
YAWED detId=442239013 signRow=1 signCol=0 flipped=0 sinTilt=0
YAWED detId=442239017 signRow=0 signCol=0 flipped=1 sinTilt=0
YAWED detId=442239021 signRow=1 signCol=0 flipped=0 sinTilt=0
YAWED detId=442239029 signRow=1 signCol=0 flipped=0 sinTilt=0
YAWED detId=442239073 signRow=0 signCol=0 flipped=1 sinTilt=0
YAWED detId=442240009 signRow=0 signCol=0 flipped=1 sinTilt=0
YAWED detId=442240013 signRow=1 signCol=0 flipped=0 sinTilt=0
YAWED detId=442240017 signRow=0 signCol=0 flipped=1 sinTilt=0
YAWED detId=442240021 signRow=1 signCol=0 flipped=0 sinTilt=0
YAWED detId=442240025 signRow=0 signCol=0 flipped=1 sinTilt=0
YAWED detId=442240029 signRow=1 signCol=0 flipped=0 sinTilt=0
YAWED detId=442240033 signRow=0 signCol=0 flipped=1 sinTilt=0
YAWED detId=442240037 signRow=1 signCol=0 flipped=0 sinTilt=0
YAWED detId=442240041 signRow=0 signCol=0 flipped=1 sinTilt=0
YAWED detId=442240045 signRow=1 signCol=0 flipped=0 sinTilt=0
YAWED detId=442240053 signRow=1 signCol=0 flipped=0 sinTilt=0
YAWED detId=442240097 signRow=0 signCol=0 flipped=1 sinTilt=0
YAWED detId=442241033 signRow=0 signCol=0 flipped=1 sinTilt=0
YAWED detId=442241037 signRow=1 signCol=0 flipped=0 sinTilt=0
YAWED detId=442241041 signRow=0 signCol=0 flipped=1 sinTilt=0
YAWED detId=442241045 signRow=1 signCol=0 flipped=0 sinTilt=0
YAWED detId=442241049 signRow=0 signCol=0 flipped=1 sinTilt=0
YAWED detId=442241053 signRow=1 signCol=0 flipped=0 sinTilt=0
YAWED detId=442241057 signRow=0 signCol=0 flipped=1 sinTilt=0
YAWED detId=442241061 signRow=1 signCol=0 flipped=0 sinTilt=0
YAWED detId=442241065 signRow=0 signCol=0 flipped=1 sinTilt=0
YAWED detId=442241069 signRow=1 signCol=0 flipped=0 sinTilt=0
YAWED detId=442241077 signRow=1 signCol=0 flipped=0 sinTilt=0
YAWED detId=442241121 signRow=0 signCol=0 flipped=1 sinTilt=0
YAWED detId=442242057 signRow=0 signCol=0 flipped=1 sinTilt=0
YAWED detId=442242061 signRow=1 signCol=0 flipped=0 sinTilt=0
YAWED detId=442242065 signRow=0 signCol=0 flipped=1 sinTilt=0
YAWED detId=442242069 signRow=1 signCol=0 flipped=0 sinTilt=0
YAWED detId=442242073 signRow=0 signCol=0 flipped=1 sinTilt=0
YAWED detId=442242077 signRow=1 signCol=0 flipped=0 sinTilt=0
YAWED detId=442242081 signRow=0 signCol=0 flipped=1 sinTilt=0
YAWED detId=442242085 signRow=1 signCol=0 flipped=0 sinTilt=0
YAWED detId=442242089 signRow=0 signCol=0 flipped=1 sinTilt=0
YAWED detId=442242093 signRow=1 signCol=0 flipped=0 sinTilt=0
YAWED detId=442242101 signRow=1 signCol=0 flipped=0 sinTilt=0
YAWED detId=442242145 signRow=0 signCol=0 flipped=1 sinTilt=0
YAWED detId=442243081 signRow=0 signCol=0 flipped=1 sinTilt=0
YAWED detId=442243085 signRow=1 signCol=0 flipped=0 sinTilt=0
YAWED detId=442243089 signRow=0 signCol=0 flipped=1 sinTilt=0
YAWED detId=442243093 signRow=1 signCol=0 flipped=0 sinTilt=0
YAWED detId=442243097 signRow=0 signCol=0 flipped=1 sinTilt=0
YAWED detId=442243101 signRow=1 signCol=0 flipped=0 sinTilt=0
YAWED detId=442243105 signRow=0 signCol=0 flipped=1 sinTilt=0
YAWED detId=442243109 signRow=1 signCol=0 flipped=0 sinTilt=0
YAWED detId=442243113 signRow=0 signCol=0 flipped=1 sinTilt=0
YAWED detId=442243117 signRow=1 signCol=0 flipped=0 sinTilt=0
YAWED detId=442243125 signRow=1 signCol=0 flipped=0 sinTilt=0
YAWED detId=442243169 signRow=0 signCol=0 flipped=1 sinTilt=0
YAWED detId=442244105 signRow=0 signCol=0 flipped=1 sinTilt=0
YAWED detId=442244109 signRow=1 signCol=0 flipped=0 sinTilt=0
YAWED detId=442244113 signRow=0 signCol=0 flipped=1 sinTilt=0
YAWED detId=442244117 signRow=1 signCol=0 flipped=0 sinTilt=0
YAWED detId=442244121 signRow=0 signCol=0 flipped=1 sinTilt=0
YAWED detId=442244125 signRow=1 signCol=0 flipped=0 sinTilt=0
YAWED detId=442244129 signRow=0 signCol=0 flipped=1 sinTilt=0
YAWED detId=442244133 signRow=1 signCol=0 flipped=0 sinTilt=0
YAWED detId=442244137 signRow=0 signCol=0 flipped=1 sinTilt=0
YAWED detId=442244141 signRow=1 signCol=0 flipped=0 sinTilt=0
YAWED detId=442244149 signRow=1 signCol=0 flipped=0 sinTilt=0
YAWED detId=442244193 signRow=0 signCol=0 flipped=1 sinTilt=0
YAWED detId=442245129 signRow=0 signCol=0 flipped=1 sinTilt=0
YAWED detId=442245133 signRow=1 signCol=0 flipped=0 sinTilt=0
YAWED detId=442245137 signRow=0 signCol=0 flipped=1 sinTilt=0
YAWED detId=442245141 signRow=1 signCol=0 flipped=0 sinTilt=0
YAWED detId=442245145 signRow=0 signCol=0 flipped=1 sinTilt=0
YAWED detId=442245149 signRow=1 signCol=0 flipped=0 sinTilt=0
YAWED detId=442245153 signRow=0 signCol=0 flipped=1 sinTilt=0
YAWED detId=442245157 signRow=1 signCol=0 flipped=0 sinTilt=0
YAWED detId=442245161 signRow=0 signCol=0 flipped=1 sinTilt=0
YAWED detId=442245165 signRow=1 signCol=0 flipped=0 sinTilt=0
YAWED detId=442245173 signRow=1 signCol=0 flipped=0 sinTilt=0
YAWED detId=442245217 signRow=0 signCol=0 flipped=1 sinTilt=0
YAWED detId=442246153 signRow=0 signCol=0 flipped=1 sinTilt=0
YAWED detId=442246157 signRow=1 signCol=0 flipped=0 sinTilt=0
YAWED detId=442246161 signRow=0 signCol=0 flipped=1 sinTilt=0
YAWED detId=442246165 signRow=1 signCol=0 flipped=0 sinTilt=0
YAWED detId=442246169 signRow=0 signCol=0 flipped=1 sinTilt=0
YAWED detId=442246173 signRow=1 signCol=0 flipped=0 sinTilt=0
YAWED detId=442246177 signRow=0 signCol=0 flipped=1 sinTilt=0
YAWED detId=442246181 signRow=1 signCol=0 flipped=0 sinTilt=0
YAWED detId=442246185 signRow=0 signCol=0 flipped=1 sinTilt=0
YAWED detId=442246189 signRow=1 signCol=0 flipped=0 sinTilt=0
YAWED detId=442246197 signRow=1 signCol=0 flipped=0 sinTilt=0
YAWED detId=442246241 signRow=0 signCol=0 flipped=1 sinTilt=0
YAWED detId=442247177 signRow=0 signCol=0 flipped=1 sinTilt=0
YAWED detId=442247181 signRow=1 signCol=0 flipped=0 sinTilt=0
YAWED detId=442247185 signRow=0 signCol=0 flipped=1 sinTilt=0
YAWED detId=442247189 signRow=1 signCol=0 flipped=0 sinTilt=0
YAWED detId=442247193 signRow=0 signCol=0 flipped=1 sinTilt=0
YAWED detId=442247197 signRow=1 signCol=0 flipped=0 sinTilt=0
YAWED detId=442247201 signRow=0 signCol=0 flipped=1 sinTilt=0
YAWED detId=442247205 signRow=1 signCol=0 flipped=0 sinTilt=0
YAWED detId=442247209 signRow=0 signCol=0 flipped=1 sinTilt=0
YAWED detId=442247213 signRow=1 signCol=0 flipped=0 sinTilt=0
YAWED detId=442247221 signRow=1 signCol=0 flipped=0 sinTilt=0
YAWED detId=442247265 signRow=0 signCol=0 flipped=1 sinTilt=0
YAWED detId=442248201 signRow=0 signCol=0 flipped=1 sinTilt=0
YAWED detId=442248205 signRow=1 signCol=0 flipped=0 sinTilt=0
YAWED detId=442248209 signRow=0 signCol=0 flipped=1 sinTilt=0
YAWED detId=442248213 signRow=1 signCol=0 flipped=0 sinTilt=0
YAWED detId=442248217 signRow=0 signCol=0 flipped=1 sinTilt=0
YAWED detId=442248221 signRow=1 signCol=0 flipped=0 sinTilt=0
YAWED detId=442248225 signRow=0 signCol=0 flipped=1 sinTilt=0
YAWED detId=442248229 signRow=1 signCol=0 flipped=0 sinTilt=0
YAWED detId=442248233 signRow=0 signCol=0 flipped=1 sinTilt=0
YAWED detId=442248237 signRow=1 signCol=0 flipped=0 sinTilt=0
YAWED detId=442248245 signRow=1 signCol=0 flipped=0 sinTilt=0
YAWED detId=442248289 signRow=0 signCol=0 flipped=1 sinTilt=0
YAWED detId=442249225 signRow=0 signCol=0 flipped=1 sinTilt=0
YAWED detId=442249229 signRow=1 signCol=0 flipped=0 sinTilt=0
YAWED detId=442249233 signRow=0 signCol=0 flipped=1 sinTilt=0
YAWED detId=442249237 signRow=1 signCol=0 flipped=0 sinTilt=0
YAWED detId=442249241 signRow=0 signCol=0 flipped=1 sinTilt=0
YAWED detId=442249245 signRow=1 signCol=0 flipped=0 sinTilt=0
YAWED detId=442249249 signRow=0 signCol=0 flipped=1 sinTilt=0
YAWED detId=442249253 signRow=1 signCol=0 flipped=0 sinTilt=0
YAWED detId=442249257 signRow=0 signCol=0 flipped=1 sinTilt=0
YAWED detId=442249261 signRow=1 signCol=0 flipped=0 sinTilt=0
YAWED detId=442249269 signRow=1 signCol=0 flipped=0 sinTilt=0
YAWED detId=442249313 signRow=0 signCol=0 flipped=1 sinTilt=0
YAWED detId=442250249 signRow=0 signCol=0 flipped=1 sinTilt=0
YAWED detId=442250253 signRow=1 signCol=0 flipped=0 sinTilt=0
YAWED detId=442250257 signRow=0 signCol=0 flipped=1 sinTilt=0
YAWED detId=442250261 signRow=1 signCol=0 flipped=0 sinTilt=0
YAWED detId=442250265 signRow=0 signCol=0 flipped=1 sinTilt=0
YAWED detId=442250269 signRow=1 signCol=0 flipped=0 sinTilt=0
YAWED detId=442250273 signRow=0 signCol=0 flipped=1 sinTilt=0
YAWED detId=442250277 signRow=1 signCol=0 flipped=0 sinTilt=0
YAWED detId=442250281 signRow=0 signCol=0 flipped=1 sinTilt=0
YAWED detId=442250285 signRow=1 signCol=0 flipped=0 sinTilt=0
YAWED detId=442250293 signRow=1 signCol=0 flipped=0 sinTilt=0
YAWED detId=442250337 signRow=0 signCol=0 flipped=1 sinTilt=0
YAWED detId=442251273 signRow=0 signCol=0 flipped=1 sinTilt=0
YAWED detId=442251277 signRow=1 signCol=0 flipped=0 sinTilt=0
YAWED detId=442251281 signRow=0 signCol=0 flipped=1 sinTilt=0
YAWED detId=442251285 signRow=1 signCol=0 flipped=0 sinTilt=0
YAWED detId=442251289 signRow=0 signCol=0 flipped=1 sinTilt=0
YAWED detId=442251293 signRow=1 signCol=0 flipped=0 sinTilt=0
YAWED detId=442251297 signRow=0 signCol=0 flipped=1 sinTilt=0
YAWED detId=442251301 signRow=1 signCol=0 flipped=0 sinTilt=0
YAWED detId=442251305 signRow=0 signCol=0 flipped=1 sinTilt=0
YAWED detId=442251309 signRow=1 signCol=0 flipped=0 sinTilt=0
YAWED detId=442251317 signRow=1 signCol=0 flipped=0 sinTilt=0
YAWED detId=442251361 signRow=0 signCol=0 flipped=1 sinTilt=0
YAWED detId=442252297 signRow=0 signCol=0 flipped=1 sinTilt=0
YAWED detId=442252301 signRow=1 signCol=0 flipped=0 sinTilt=0
YAWED detId=442252305 signRow=0 signCol=0 flipped=1 sinTilt=0
YAWED detId=442252309 signRow=1 signCol=0 flipped=0 sinTilt=0
YAWED detId=442252313 signRow=0 signCol=0 flipped=1 sinTilt=0
YAWED detId=442252317 signRow=1 signCol=0 flipped=0 sinTilt=0
YAWED detId=442252321 signRow=0 signCol=0 flipped=1 sinTilt=0
YAWED detId=442252325 signRow=1 signCol=0 flipped=0 sinTilt=0
YAWED detId=442252329 signRow=0 signCol=0 flipped=1 sinTilt=0
YAWED detId=442252333 signRow=1 signCol=0 flipped=0 sinTilt=0
YAWED detId=442252341 signRow=1 signCol=0 flipped=0 sinTilt=0
YAWED detId=442252385 signRow=0 signCol=0 flipped=1 sinTilt=0
YAWED detId=442253321 signRow=0 signCol=0 flipped=1 sinTilt=0
YAWED detId=442253325 signRow=1 signCol=0 flipped=0 sinTilt=0
YAWED detId=442253329 signRow=0 signCol=0 flipped=1 sinTilt=0
YAWED detId=442253333 signRow=1 signCol=0 flipped=0 sinTilt=0
YAWED detId=442253337 signRow=0 signCol=0 flipped=1 sinTilt=0
YAWED detId=442253341 signRow=1 signCol=0 flipped=0 sinTilt=0
YAWED detId=442253345 signRow=0 signCol=0 flipped=1 sinTilt=0
YAWED detId=442253349 signRow=1 signCol=0 flipped=0 sinTilt=0
YAWED detId=442253353 signRow=0 signCol=0 flipped=1 sinTilt=0
YAWED detId=442253357 signRow=1 signCol=0 flipped=0 sinTilt=0
YAWED detId=442253365 signRow=1 signCol=0 flipped=0 sinTilt=0
YAWED detId=442253409 signRow=0 signCol=0 flipped=1 sinTilt=0
YAWED detId=442254345 signRow=0 signCol=0 flipped=1 sinTilt=0
YAWED detId=442254349 signRow=1 signCol=0 flipped=0 sinTilt=0
YAWED detId=442254353 signRow=0 signCol=0 flipped=1 sinTilt=0
YAWED detId=442254357 signRow=1 signCol=0 flipped=0 sinTilt=0
YAWED detId=442254361 signRow=0 signCol=0 flipped=1 sinTilt=0
YAWED detId=442254365 signRow=1 signCol=0 flipped=0 sinTilt=0
YAWED detId=442254369 signRow=0 signCol=0 flipped=1 sinTilt=0
YAWED detId=442254373 signRow=1 signCol=0 flipped=0 sinTilt=0
YAWED detId=442254377 signRow=0 signCol=0 flipped=1 sinTilt=0
YAWED detId=442254381 signRow=1 signCol=0 flipped=0 sinTilt=0
YAWED detId=442254389 signRow=1 signCol=0 flipped=0 sinTilt=0
YAWED detId=442254433 signRow=0 signCol=0 flipped=1 sinTilt=0
YAWED detId=442255369 signRow=0 signCol=0 flipped=1 sinTilt=0
YAWED detId=442255373 signRow=1 signCol=0 flipped=0 sinTilt=0
YAWED detId=442255377 signRow=0 signCol=0 flipped=1 sinTilt=0
YAWED detId=442255381 signRow=1 signCol=0 flipped=0 sinTilt=0
YAWED detId=442255385 signRow=0 signCol=0 flipped=1 sinTilt=0
YAWED detId=442255389 signRow=1 signCol=0 flipped=0 sinTilt=0
YAWED detId=442255393 signRow=0 signCol=0 flipped=1 sinTilt=0
YAWED detId=442255397 signRow=1 signCol=0 flipped=0 sinTilt=0
YAWED detId=442255401 signRow=0 signCol=0 flipped=1 sinTilt=0
YAWED detId=442255405 signRow=1 signCol=0 flipped=0 sinTilt=0
YAWED detId=442255413 signRow=1 signCol=0 flipped=0 sinTilt=0
YAWED detId=442255457 signRow=0 signCol=0 flipped=1 sinTilt=0
YAWED detId=442256393 signRow=0 signCol=0 flipped=1 sinTilt=0
YAWED detId=442256397 signRow=1 signCol=0 flipped=0 sinTilt=0
YAWED detId=442256401 signRow=0 signCol=0 flipped=1 sinTilt=0
YAWED detId=442256405 signRow=1 signCol=0 flipped=0 sinTilt=0
YAWED detId=442256409 signRow=0 signCol=0 flipped=1 sinTilt=0
YAWED detId=442256413 signRow=1 signCol=0 flipped=0 sinTilt=0
YAWED detId=442256417 signRow=0 signCol=0 flipped=1 sinTilt=0
YAWED detId=442256421 signRow=1 signCol=0 flipped=0 sinTilt=0
YAWED detId=442256425 signRow=0 signCol=0 flipped=1 sinTilt=0
YAWED detId=442256429 signRow=1 signCol=0 flipped=0 sinTilt=0
YAWED detId=442256437 signRow=1 signCol=0 flipped=0 sinTilt=0
YAWED detId=442256481 signRow=0 signCol=0 flipped=1 sinTilt=0
YAWED detId=442257417 signRow=0 signCol=0 flipped=1 sinTilt=0
YAWED detId=442257421 signRow=1 signCol=0 flipped=0 sinTilt=0
YAWED detId=442257425 signRow=0 signCol=0 flipped=1 sinTilt=0
YAWED detId=442257429 signRow=1 signCol=0 flipped=0 sinTilt=0
YAWED detId=442257433 signRow=0 signCol=0 flipped=1 sinTilt=0
YAWED detId=442257437 signRow=1 signCol=0 flipped=0 sinTilt=0
YAWED detId=442257441 signRow=0 signCol=0 flipped=1 sinTilt=0
YAWED detId=442257445 signRow=1 signCol=0 flipped=0 sinTilt=0
YAWED detId=442257449 signRow=0 signCol=0 flipped=1 sinTilt=0
YAWED detId=442257453 signRow=1 signCol=0 flipped=0 sinTilt=0
YAWED detId=442257461 signRow=1 signCol=0 flipped=0 sinTilt=0
YAWED detId=442257505 signRow=0 signCol=0 flipped=1 sinTilt=0
YAWED detId=442258441 signRow=0 signCol=0 flipped=1 sinTilt=0
YAWED detId=442258445 signRow=1 signCol=0 flipped=0 sinTilt=0
YAWED detId=442258449 signRow=0 signCol=0 flipped=1 sinTilt=0
YAWED detId=442258453 signRow=1 signCol=0 flipped=0 sinTilt=0
YAWED detId=442258457 signRow=0 signCol=0 flipped=1 sinTilt=0
YAWED detId=442258461 signRow=1 signCol=0 flipped=0 sinTilt=0
YAWED detId=442258465 signRow=0 signCol=0 flipped=1 sinTilt=0
YAWED detId=442258469 signRow=1 signCol=0 flipped=0 sinTilt=0
YAWED detId=442258473 signRow=0 signCol=0 flipped=1 sinTilt=0
YAWED detId=442258477 signRow=1 signCol=0 flipped=0 sinTilt=0
YAWED detId=442258485 signRow=1 signCol=0 flipped=0 sinTilt=0
YAWED detId=442258529 signRow=0 signCol=0 flipped=1 sinTilt=0
YAWED detId=442259465 signRow=0 signCol=0 flipped=1 sinTilt=0
YAWED detId=442259469 signRow=1 signCol=0 flipped=0 sinTilt=0
YAWED detId=442259473 signRow=0 signCol=0 flipped=1 sinTilt=0
YAWED detId=442259477 signRow=1 signCol=0 flipped=0 sinTilt=0
YAWED detId=442259481 signRow=0 signCol=0 flipped=1 sinTilt=0
YAWED detId=442259485 signRow=1 signCol=0 flipped=0 sinTilt=0
YAWED detId=442259489 signRow=0 signCol=0 flipped=1 sinTilt=0
YAWED detId=442259493 signRow=1 signCol=0 flipped=0 sinTilt=0
YAWED detId=442259497 signRow=0 signCol=0 flipped=1 sinTilt=0
YAWED detId=442259501 signRow=1 signCol=0 flipped=0 sinTilt=0
YAWED detId=442259509 signRow=1 signCol=0 flipped=0 sinTilt=0
YAWED detId=442259553 signRow=0 signCol=0 flipped=1 sinTilt=0
YAWED detId=442260489 signRow=0 signCol=0 flipped=1 sinTilt=0
YAWED detId=442260493 signRow=1 signCol=0 flipped=0 sinTilt=0
YAWED detId=442260497 signRow=0 signCol=0 flipped=1 sinTilt=0
YAWED detId=442260501 signRow=1 signCol=0 flipped=0 sinTilt=0
YAWED detId=442260505 signRow=0 signCol=0 flipped=1 sinTilt=0
YAWED detId=442260509 signRow=1 signCol=0 flipped=0 sinTilt=0
YAWED detId=442260513 signRow=0 signCol=0 flipped=1 sinTilt=0
YAWED detId=442260517 signRow=1 signCol=0 flipped=0 sinTilt=0
YAWED detId=442260521 signRow=0 signCol=0 flipped=1 sinTilt=0
YAWED detId=442260525 signRow=1 signCol=0 flipped=0 sinTilt=0
YAWED detId=442260533 signRow=1 signCol=0 flipped=0 sinTilt=0
YAWED detId=442260577 signRow=0 signCol=0 flipped=1 sinTilt=0
YAWED detId=442261513 signRow=0 signCol=0 flipped=1 sinTilt=0
YAWED detId=442261517 signRow=1 signCol=0 flipped=0 sinTilt=0
YAWED detId=442261521 signRow=0 signCol=0 flipped=1 sinTilt=0
YAWED detId=442261525 signRow=1 signCol=0 flipped=0 sinTilt=0
YAWED detId=442261529 signRow=0 signCol=0 flipped=1 sinTilt=0
YAWED detId=442261533 signRow=1 signCol=0 flipped=0 sinTilt=0
YAWED detId=442261537 signRow=0 signCol=0 flipped=1 sinTilt=0
YAWED detId=442261541 signRow=1 signCol=0 flipped=0 sinTilt=0
YAWED detId=442261545 signRow=0 signCol=0 flipped=1 sinTilt=0
YAWED detId=442261549 signRow=1 signCol=0 flipped=0 sinTilt=0
YAWED detId=442261557 signRow=1 signCol=0 flipped=0 sinTilt=0
YAWED detId=442261601 signRow=0 signCol=0 flipped=1 sinTilt=0
YAWED detId=442262537 signRow=0 signCol=0 flipped=1 sinTilt=0
YAWED detId=442262541 signRow=1 signCol=0 flipped=0 sinTilt=0
YAWED detId=442262545 signRow=0 signCol=0 flipped=1 sinTilt=0
YAWED detId=442262549 signRow=1 signCol=0 flipped=0 sinTilt=0
YAWED detId=442262553 signRow=0 signCol=0 flipped=1 sinTilt=0
YAWED detId=442262557 signRow=1 signCol=0 flipped=0 sinTilt=0
YAWED detId=442262561 signRow=0 signCol=0 flipped=1 sinTilt=0
YAWED detId=442262565 signRow=1 signCol=0 flipped=0 sinTilt=0
YAWED detId=442262569 signRow=0 signCol=0 flipped=1 sinTilt=0
YAWED detId=442262573 signRow=1 signCol=0 flipped=0 sinTilt=0
YAWED detId=442262581 signRow=1 signCol=0 flipped=0 sinTilt=0
YAWED detId=442262625 signRow=0 signCol=0 flipped=1 sinTilt=0
YAWED detId=442263561 signRow=0 signCol=0 flipped=1 sinTilt=0
YAWED detId=442263565 signRow=1 signCol=0 flipped=0 sinTilt=0
YAWED detId=442263569 signRow=0 signCol=0 flipped=1 sinTilt=0
YAWED detId=442263573 signRow=1 signCol=0 flipped=0 sinTilt=0
YAWED detId=442263577 signRow=0 signCol=0 flipped=1 sinTilt=0
YAWED detId=442263581 signRow=1 signCol=0 flipped=0 sinTilt=0
YAWED detId=442263585 signRow=0 signCol=0 flipped=1 sinTilt=0
YAWED detId=442263589 signRow=1 signCol=0 flipped=0 sinTilt=0
YAWED detId=442263593 signRow=0 signCol=0 flipped=1 sinTilt=0
YAWED detId=442263597 signRow=1 signCol=0 flipped=0 sinTilt=0
YAWED detId=442263605 signRow=1 signCol=0 flipped=0 sinTilt=0
YAWED detId=442263649 signRow=0 signCol=0 flipped=1 sinTilt=0
YAWED detId=442264585 signRow=0 signCol=0 flipped=1 sinTilt=0
YAWED detId=442264589 signRow=1 signCol=0 flipped=0 sinTilt=0
YAWED detId=442264593 signRow=0 signCol=0 flipped=1 sinTilt=0
YAWED detId=442264597 signRow=1 signCol=0 flipped=0 sinTilt=0
YAWED detId=442264601 signRow=0 signCol=0 flipped=1 sinTilt=0
YAWED detId=442264605 signRow=1 signCol=0 flipped=0 sinTilt=0
YAWED detId=442264609 signRow=0 signCol=0 flipped=1 sinTilt=0
YAWED detId=442264613 signRow=1 signCol=0 flipped=0 sinTilt=0
YAWED detId=442264617 signRow=0 signCol=0 flipped=1 sinTilt=0
YAWED detId=442264621 signRow=1 signCol=0 flipped=0 sinTilt=0
YAWED detId=442264629 signRow=1 signCol=0 flipped=0 sinTilt=0
YAWED detId=442264673 signRow=0 signCol=0 flipped=1 sinTilt=0
YAWED detId=442265609 signRow=0 signCol=0 flipped=1 sinTilt=0
YAWED detId=442265613 signRow=1 signCol=0 flipped=0 sinTilt=0
YAWED detId=442265617 signRow=0 signCol=0 flipped=1 sinTilt=0
YAWED detId=442265621 signRow=1 signCol=0 flipped=0 sinTilt=0
YAWED detId=442265625 signRow=0 signCol=0 flipped=1 sinTilt=0
YAWED detId=442265629 signRow=1 signCol=0 flipped=0 sinTilt=0
YAWED detId=442265633 signRow=0 signCol=0 flipped=1 sinTilt=0
YAWED detId=442265637 signRow=1 signCol=0 flipped=0 sinTilt=0
YAWED detId=442265641 signRow=0 signCol=0 flipped=1 sinTilt=0
YAWED detId=442265645 signRow=1 signCol=0 flipped=0 sinTilt=0
YAWED detId=442265653 signRow=1 signCol=0 flipped=0 sinTilt=0
YAWED detId=442265697 signRow=0 signCol=0 flipped=1 sinTilt=0
YAWED detId=442266633 signRow=0 signCol=0 flipped=1 sinTilt=0
YAWED detId=442266637 signRow=1 signCol=0 flipped=0 sinTilt=0
YAWED detId=442266641 signRow=0 signCol=0 flipped=1 sinTilt=0
YAWED detId=442266645 signRow=1 signCol=0 flipped=0 sinTilt=0
YAWED detId=442266649 signRow=0 signCol=0 flipped=1 sinTilt=0
YAWED detId=442266653 signRow=1 signCol=0 flipped=0 sinTilt=0
YAWED detId=442266657 signRow=0 signCol=0 flipped=1 sinTilt=0
YAWED detId=442266661 signRow=1 signCol=0 flipped=0 sinTilt=0
YAWED detId=442266665 signRow=0 signCol=0 flipped=1 sinTilt=0
YAWED detId=442266669 signRow=1 signCol=0 flipped=0 sinTilt=0
YAWED detId=442266677 signRow=1 signCol=0 flipped=0 sinTilt=0
YAWED detId=442266721 signRow=0 signCol=0 flipped=1 sinTilt=0
YAWED detId=442267657 signRow=0 signCol=0 flipped=1 sinTilt=0
YAWED detId=442267661 signRow=1 signCol=0 flipped=0 sinTilt=0
YAWED detId=442267665 signRow=0 signCol=0 flipped=1 sinTilt=0
YAWED detId=442267669 signRow=1 signCol=0 flipped=0 sinTilt=0
YAWED detId=442267673 signRow=0 signCol=0 flipped=1 sinTilt=0
YAWED detId=442267677 signRow=1 signCol=0 flipped=0 sinTilt=0
YAWED detId=442267681 signRow=0 signCol=0 flipped=1 sinTilt=0
YAWED detId=442267685 signRow=1 signCol=0 flipped=0 sinTilt=0
YAWED detId=442267689 signRow=0 signCol=0 flipped=1 sinTilt=0
YAWED detId=442267693 signRow=1 signCol=0 flipped=0 sinTilt=0
YAWED detId=442267701 signRow=1 signCol=0 flipped=0 sinTilt=0
YAWED detId=442267745 signRow=0 signCol=0 flipped=1 sinTilt=0
YAWED detId=442268681 signRow=0 signCol=0 flipped=1 sinTilt=0
YAWED detId=442268685 signRow=1 signCol=0 flipped=0 sinTilt=0
YAWED detId=442268689 signRow=0 signCol=0 flipped=1 sinTilt=0
YAWED detId=442268693 signRow=1 signCol=0 flipped=0 sinTilt=0
YAWED detId=442268697 signRow=0 signCol=0 flipped=1 sinTilt=0
YAWED detId=442268701 signRow=1 signCol=0 flipped=0 sinTilt=0
YAWED detId=442268705 signRow=0 signCol=0 flipped=1 sinTilt=0
YAWED detId=442268709 signRow=1 signCol=0 flipped=0 sinTilt=0
YAWED detId=442268713 signRow=0 signCol=0 flipped=1 sinTilt=0
YAWED detId=442268717 signRow=1 signCol=0 flipped=0 sinTilt=0
YAWED detId=442268725 signRow=1 signCol=0 flipped=0 sinTilt=0
YAWED detId=442268769 signRow=0 signCol=0 flipped=1 sinTilt=0
YAWED detId=442269705 signRow=0 signCol=0 flipped=1 sinTilt=0
YAWED detId=442269709 signRow=1 signCol=0 flipped=0 sinTilt=0
YAWED detId=442269713 signRow=0 signCol=0 flipped=1 sinTilt=0
YAWED detId=442269717 signRow=1 signCol=0 flipped=0 sinTilt=0
YAWED detId=442269721 signRow=0 signCol=0 flipped=1 sinTilt=0
YAWED detId=442269725 signRow=1 signCol=0 flipped=0 sinTilt=0
YAWED detId=442269729 signRow=0 signCol=0 flipped=1 sinTilt=0
YAWED detId=442269733 signRow=1 signCol=0 flipped=0 sinTilt=0
YAWED detId=442269737 signRow=0 signCol=0 flipped=1 sinTilt=0
YAWED detId=442269741 signRow=1 signCol=0 flipped=0 sinTilt=0
YAWED detId=442269749 signRow=1 signCol=0 flipped=0 sinTilt=0
YAWED detId=442269793 signRow=0 signCol=0 flipped=1 sinTilt=0
YAWED detId=442270729 signRow=0 signCol=0 flipped=1 sinTilt=0
YAWED detId=442270733 signRow=1 signCol=0 flipped=0 sinTilt=0
YAWED detId=442270737 signRow=0 signCol=0 flipped=1 sinTilt=0
YAWED detId=442270741 signRow=1 signCol=0 flipped=0 sinTilt=0
YAWED detId=442270745 signRow=0 signCol=0 flipped=1 sinTilt=0
YAWED detId=442270749 signRow=1 signCol=0 flipped=0 sinTilt=0
YAWED detId=442270753 signRow=0 signCol=0 flipped=1 sinTilt=0
YAWED detId=442270757 signRow=1 signCol=0 flipped=0 sinTilt=0
YAWED detId=442270761 signRow=0 signCol=0 flipped=1 sinTilt=0
YAWED detId=442270765 signRow=1 signCol=0 flipped=0 sinTilt=0
YAWED detId=442270773 signRow=1 signCol=0 flipped=0 sinTilt=0
YAWED detId=442270817 signRow=0 signCol=0 flipped=1 sinTilt=0
YAWED detId=442271753 signRow=0 signCol=0 flipped=1 sinTilt=0
YAWED detId=442271757 signRow=1 signCol=0 flipped=0 sinTilt=0
YAWED detId=442271761 signRow=0 signCol=0 flipped=1 sinTilt=0
YAWED detId=442271765 signRow=1 signCol=0 flipped=0 sinTilt=0
YAWED detId=442271769 signRow=0 signCol=0 flipped=1 sinTilt=0
YAWED detId=442271773 signRow=1 signCol=0 flipped=0 sinTilt=0
YAWED detId=442271777 signRow=0 signCol=0 flipped=1 sinTilt=0
YAWED detId=442271781 signRow=1 signCol=0 flipped=0 sinTilt=0
YAWED detId=442271785 signRow=0 signCol=0 flipped=1 sinTilt=0
YAWED detId=442271789 signRow=1 signCol=0 flipped=0 sinTilt=0
YAWED detId=442271797 signRow=1 signCol=0 flipped=0 sinTilt=0
YAWED detId=442271841 signRow=0 signCol=0 flipped=1 sinTilt=0
YAWED detId=442272777 signRow=0 signCol=0 flipped=1 sinTilt=0
YAWED detId=442272781 signRow=1 signCol=0 flipped=0 sinTilt=0
YAWED detId=442272785 signRow=0 signCol=0 flipped=1 sinTilt=0
YAWED detId=442272789 signRow=1 signCol=0 flipped=0 sinTilt=0
YAWED detId=442272793 signRow=0 signCol=0 flipped=1 sinTilt=0
YAWED detId=442272797 signRow=1 signCol=0 flipped=0 sinTilt=0
YAWED detId=442272801 signRow=0 signCol=0 flipped=1 sinTilt=0
YAWED detId=442272805 signRow=1 signCol=0 flipped=0 sinTilt=0
YAWED detId=442272809 signRow=0 signCol=0 flipped=1 sinTilt=0
YAWED detId=442272813 signRow=1 signCol=0 flipped=0 sinTilt=0
YAWED detId=442272821 signRow=1 signCol=0 flipped=0 sinTilt=0
YAWED detId=442272865 signRow=0 signCol=0 flipped=1 sinTilt=0
YAWED detId=442273801 signRow=0 signCol=0 flipped=1 sinTilt=0
YAWED detId=442273805 signRow=1 signCol=0 flipped=0 sinTilt=0
YAWED detId=442273809 signRow=0 signCol=0 flipped=1 sinTilt=0
YAWED detId=442273813 signRow=1 signCol=0 flipped=0 sinTilt=0
YAWED detId=442273817 signRow=0 signCol=0 flipped=1 sinTilt=0
YAWED detId=442273821 signRow=1 signCol=0 flipped=0 sinTilt=0
YAWED detId=442273825 signRow=0 signCol=0 flipped=1 sinTilt=0
YAWED detId=442273829 signRow=1 signCol=0 flipped=0 sinTilt=0
YAWED detId=442273833 signRow=0 signCol=0 flipped=1 sinTilt=0
YAWED detId=442273837 signRow=1 signCol=0 flipped=0 sinTilt=0
YAWED detId=442273845 signRow=1 signCol=0 flipped=0 sinTilt=0
YAWED detId=442273889 signRow=0 signCol=0 flipped=1 sinTilt=0
YAWED detId=442274825 signRow=0 signCol=0 flipped=1 sinTilt=0
YAWED detId=442274829 signRow=1 signCol=0 flipped=0 sinTilt=0
YAWED detId=442274833 signRow=0 signCol=0 flipped=1 sinTilt=0
YAWED detId=442274837 signRow=1 signCol=0 flipped=0 sinTilt=0
YAWED detId=442274841 signRow=0 signCol=0 flipped=1 sinTilt=0
YAWED detId=442274845 signRow=1 signCol=0 flipped=0 sinTilt=0
YAWED detId=442274849 signRow=0 signCol=0 flipped=1 sinTilt=0
YAWED detId=442274853 signRow=1 signCol=0 flipped=0 sinTilt=0
YAWED detId=442274857 signRow=0 signCol=0 flipped=1 sinTilt=0
YAWED detId=442274861 signRow=1 signCol=0 flipped=0 sinTilt=0
YAWED detId=442274869 signRow=1 signCol=0 flipped=0 sinTilt=0
YAWED detId=442274913 signRow=0 signCol=0 flipped=1 sinTilt=0
YAWED detId=442275849 signRow=0 signCol=0 flipped=1 sinTilt=0
YAWED detId=442275853 signRow=1 signCol=0 flipped=0 sinTilt=0
YAWED detId=442275857 signRow=0 signCol=0 flipped=1 sinTilt=0
YAWED detId=442275861 signRow=1 signCol=0 flipped=0 sinTilt=0
YAWED detId=442275865 signRow=0 signCol=0 flipped=1 sinTilt=0
YAWED detId=442275869 signRow=1 signCol=0 flipped=0 sinTilt=0
YAWED detId=442275873 signRow=0 signCol=0 flipped=1 sinTilt=0
YAWED detId=442275877 signRow=1 signCol=0 flipped=0 sinTilt=0
YAWED detId=442275881 signRow=0 signCol=0 flipped=1 sinTilt=0
YAWED detId=442275885 signRow=1 signCol=0 flipped=0 sinTilt=0
YAWED detId=442275893 signRow=1 signCol=0 flipped=0 sinTilt=0
YAWED detId=442275937 signRow=0 signCol=0 flipped=1 sinTilt=0
YAWED detId=442276873 signRow=0 signCol=0 flipped=1 sinTilt=0
YAWED detId=442276877 signRow=1 signCol=0 flipped=0 sinTilt=0
YAWED detId=442276881 signRow=0 signCol=0 flipped=1 sinTilt=0
YAWED detId=442276885 signRow=1 signCol=0 flipped=0 sinTilt=0
YAWED detId=442276889 signRow=0 signCol=0 flipped=1 sinTilt=0
YAWED detId=442276893 signRow=1 signCol=0 flipped=0 sinTilt=0
YAWED detId=442276897 signRow=0 signCol=0 flipped=1 sinTilt=0
YAWED detId=442276901 signRow=1 signCol=0 flipped=0 sinTilt=0
YAWED detId=442276905 signRow=0 signCol=0 flipped=1 sinTilt=0
YAWED detId=442276909 signRow=1 signCol=0 flipped=0 sinTilt=0
YAWED detId=442276917 signRow=1 signCol=0 flipped=0 sinTilt=0
YAWED detId=442276961 signRow=0 signCol=0 flipped=1 sinTilt=0
YAWED detId=442277897 signRow=0 signCol=0 flipped=1 sinTilt=0
YAWED detId=442277901 signRow=1 signCol=0 flipped=0 sinTilt=0
YAWED detId=442277905 signRow=0 signCol=0 flipped=1 sinTilt=0
YAWED detId=442277909 signRow=1 signCol=0 flipped=0 sinTilt=0
YAWED detId=442277913 signRow=0 signCol=0 flipped=1 sinTilt=0
YAWED detId=442277917 signRow=1 signCol=0 flipped=0 sinTilt=0
YAWED detId=442277921 signRow=0 signCol=0 flipped=1 sinTilt=0
YAWED detId=442277925 signRow=1 signCol=0 flipped=0 sinTilt=0
YAWED detId=442277929 signRow=0 signCol=0 flipped=1 sinTilt=0
YAWED detId=442277933 signRow=1 signCol=0 flipped=0 sinTilt=0
YAWED detId=442277941 signRow=1 signCol=0 flipped=0 sinTilt=0
YAWED detId=442277985 signRow=0 signCol=0 flipped=1 sinTilt=0
YAWED detId=442278921 signRow=0 signCol=0 flipped=1 sinTilt=0
YAWED detId=442278925 signRow=1 signCol=0 flipped=0 sinTilt=0
YAWED detId=442278929 signRow=0 signCol=0 flipped=1 sinTilt=0
YAWED detId=442278933 signRow=1 signCol=0 flipped=0 sinTilt=0
YAWED detId=442278937 signRow=0 signCol=0 flipped=1 sinTilt=0
YAWED detId=442278941 signRow=1 signCol=0 flipped=0 sinTilt=0
YAWED detId=442278945 signRow=0 signCol=0 flipped=1 sinTilt=0
YAWED detId=442278949 signRow=1 signCol=0 flipped=0 sinTilt=0
YAWED detId=442278953 signRow=0 signCol=0 flipped=1 sinTilt=0
YAWED detId=442278957 signRow=1 signCol=0 flipped=0 sinTilt=0
YAWED detId=442278965 signRow=1 signCol=0 flipped=0 sinTilt=0
YAWED detId=442279009 signRow=0 signCol=0 flipped=1 sinTilt=0
YAWED detId=442279945 signRow=0 signCol=0 flipped=1 sinTilt=0
YAWED detId=442279949 signRow=1 signCol=0 flipped=0 sinTilt=0
YAWED detId=442279953 signRow=0 signCol=0 flipped=1 sinTilt=0
YAWED detId=442279957 signRow=1 signCol=0 flipped=0 sinTilt=0
YAWED detId=442279961 signRow=0 signCol=0 flipped=1 sinTilt=0
YAWED detId=442279965 signRow=1 signCol=0 flipped=0 sinTilt=0
YAWED detId=442279969 signRow=0 signCol=0 flipped=1 sinTilt=0
YAWED detId=442279973 signRow=1 signCol=0 flipped=0 sinTilt=0
YAWED detId=442279977 signRow=0 signCol=0 flipped=1 sinTilt=0
YAWED detId=442279981 signRow=1 signCol=0 flipped=0 sinTilt=0
YAWED detId=442279989 signRow=1 signCol=0 flipped=0 sinTilt=0
YAWED detId=442280033 signRow=0 signCol=0 flipped=1 sinTilt=0
YAWED detId=442280969 signRow=0 signCol=0 flipped=1 sinTilt=0
YAWED detId=442280973 signRow=1 signCol=0 flipped=0 sinTilt=0
YAWED detId=442280977 signRow=0 signCol=0 flipped=1 sinTilt=0
YAWED detId=442280981 signRow=1 signCol=0 flipped=0 sinTilt=0
YAWED detId=442280985 signRow=0 signCol=0 flipped=1 sinTilt=0
YAWED detId=442280989 signRow=1 signCol=0 flipped=0 sinTilt=0
YAWED detId=442280993 signRow=0 signCol=0 flipped=1 sinTilt=0
YAWED detId=442280997 signRow=1 signCol=0 flipped=0 sinTilt=0
YAWED detId=442281001 signRow=0 signCol=0 flipped=1 sinTilt=0
YAWED detId=442281005 signRow=1 signCol=0 flipped=0 sinTilt=0
YAWED detId=442281013 signRow=1 signCol=0 flipped=0 sinTilt=0
YAWED detId=442281057 signRow=0 signCol=0 flipped=1 sinTilt=0
YAWED detId=442281993 signRow=0 signCol=0 flipped=1 sinTilt=0
YAWED detId=442281997 signRow=1 signCol=0 flipped=0 sinTilt=0
YAWED detId=442282001 signRow=0 signCol=0 flipped=1 sinTilt=0
YAWED detId=442282005 signRow=1 signCol=0 flipped=0 sinTilt=0
YAWED detId=442282009 signRow=0 signCol=0 flipped=1 sinTilt=0
YAWED detId=442282013 signRow=1 signCol=0 flipped=0 sinTilt=0
YAWED detId=442282017 signRow=0 signCol=0 flipped=1 sinTilt=0
YAWED detId=442282021 signRow=1 signCol=0 flipped=0 sinTilt=0
YAWED detId=442282025 signRow=0 signCol=0 flipped=1 sinTilt=0
YAWED detId=442282029 signRow=1 signCol=0 flipped=0 sinTilt=0
YAWED detId=442282037 signRow=1 signCol=0 flipped=0 sinTilt=0
YAWED detId=442282081 signRow=0 signCol=0 flipped=1 sinTilt=0
YAWED detId=442283017 signRow=0 signCol=0 flipped=1 sinTilt=0
YAWED detId=442283021 signRow=1 signCol=0 flipped=0 sinTilt=0
YAWED detId=442283025 signRow=0 signCol=0 flipped=1 sinTilt=0
YAWED detId=442283029 signRow=1 signCol=0 flipped=0 sinTilt=0
YAWED detId=442283033 signRow=0 signCol=0 flipped=1 sinTilt=0
YAWED detId=442283037 signRow=1 signCol=0 flipped=0 sinTilt=0
YAWED detId=442283041 signRow=0 signCol=0 flipped=1 sinTilt=0
YAWED detId=442283045 signRow=1 signCol=0 flipped=0 sinTilt=0
YAWED detId=442283049 signRow=0 signCol=0 flipped=1 sinTilt=0
YAWED detId=442283053 signRow=1 signCol=0 flipped=0 sinTilt=0
YAWED detId=442283061 signRow=1 signCol=0 flipped=0 sinTilt=0
YAWED detId=442283105 signRow=0 signCol=0 flipped=1 sinTilt=0
YAWED detId=442284041 signRow=0 signCol=0 flipped=1 sinTilt=0
YAWED detId=442284045 signRow=1 signCol=0 flipped=0 sinTilt=0
YAWED detId=442284049 signRow=0 signCol=0 flipped=1 sinTilt=0
YAWED detId=442284053 signRow=1 signCol=0 flipped=0 sinTilt=0
YAWED detId=442284057 signRow=0 signCol=0 flipped=1 sinTilt=0
YAWED detId=442284061 signRow=1 signCol=0 flipped=0 sinTilt=0
YAWED detId=442284065 signRow=0 signCol=0 flipped=1 sinTilt=0
YAWED detId=442284069 signRow=1 signCol=0 flipped=0 sinTilt=0
YAWED detId=442284073 signRow=0 signCol=0 flipped=1 sinTilt=0
YAWED detId=442284077 signRow=1 signCol=0 flipped=0 sinTilt=0
YAWED detId=442284085 signRow=1 signCol=0 flipped=0 sinTilt=0
YAWED detId=442284129 signRow=0 signCol=0 flipped=1 sinTilt=0
YAWED detId=442285065 signRow=0 signCol=0 flipped=1 sinTilt=0
YAWED detId=442285069 signRow=1 signCol=0 flipped=0 sinTilt=0
YAWED detId=442285073 signRow=0 signCol=0 flipped=1 sinTilt=0
YAWED detId=442285077 signRow=1 signCol=0 flipped=0 sinTilt=0
YAWED detId=442285081 signRow=0 signCol=0 flipped=1 sinTilt=0
YAWED detId=442285085 signRow=1 signCol=0 flipped=0 sinTilt=0
YAWED detId=442285089 signRow=0 signCol=0 flipped=1 sinTilt=0
YAWED detId=442285093 signRow=1 signCol=0 flipped=0 sinTilt=0
YAWED detId=442285097 signRow=0 signCol=0 flipped=1 sinTilt=0
YAWED detId=442285101 signRow=1 signCol=0 flipped=0 sinTilt=0
YAWED detId=442285109 signRow=1 signCol=0 flipped=0 sinTilt=0
YAWED detId=442285153 signRow=0 signCol=0 flipped=1 sinTilt=0
YAWED detId=442286089 signRow=0 signCol=0 flipped=1 sinTilt=0
YAWED detId=442286093 signRow=1 signCol=0 flipped=0 sinTilt=0
YAWED detId=442286097 signRow=0 signCol=0 flipped=1 sinTilt=0
YAWED detId=442286101 signRow=1 signCol=0 flipped=0 sinTilt=0
YAWED detId=442286105 signRow=0 signCol=0 flipped=1 sinTilt=0
YAWED detId=442286109 signRow=1 signCol=0 flipped=0 sinTilt=0
YAWED detId=442286113 signRow=0 signCol=0 flipped=1 sinTilt=0
YAWED detId=442286117 signRow=1 signCol=0 flipped=0 sinTilt=0
YAWED detId=442286121 signRow=0 signCol=0 flipped=1 sinTilt=0
YAWED detId=442286125 signRow=1 signCol=0 flipped=0 sinTilt=0
YAWED detId=442286133 signRow=1 signCol=0 flipped=0 sinTilt=0
YAWED detId=442286177 signRow=0 signCol=0 flipped=1 sinTilt=0
YAWED detId=442287113 signRow=0 signCol=0 flipped=1 sinTilt=0
YAWED detId=442287117 signRow=1 signCol=0 flipped=0 sinTilt=0
YAWED detId=442287121 signRow=0 signCol=0 flipped=1 sinTilt=0
YAWED detId=442287125 signRow=1 signCol=0 flipped=0 sinTilt=0
YAWED detId=442287129 signRow=0 signCol=0 flipped=1 sinTilt=0
YAWED detId=442287133 signRow=1 signCol=0 flipped=0 sinTilt=0
YAWED detId=442287137 signRow=0 signCol=0 flipped=1 sinTilt=0
YAWED detId=442287141 signRow=1 signCol=0 flipped=0 sinTilt=0
YAWED detId=442287145 signRow=0 signCol=0 flipped=1 sinTilt=0
YAWED detId=442287149 signRow=1 signCol=0 flipped=0 sinTilt=0
YAWED detId=442287157 signRow=1 signCol=0 flipped=0 sinTilt=0
YAWED detId=442287201 signRow=0 signCol=0 flipped=1 sinTilt=0
YAWED detId=442288137 signRow=0 signCol=0 flipped=1 sinTilt=0
YAWED detId=442288141 signRow=1 signCol=0 flipped=0 sinTilt=0
YAWED detId=442288145 signRow=0 signCol=0 flipped=1 sinTilt=0
YAWED detId=442288149 signRow=1 signCol=0 flipped=0 sinTilt=0
YAWED detId=442288153 signRow=0 signCol=0 flipped=1 sinTilt=0
YAWED detId=442288157 signRow=1 signCol=0 flipped=0 sinTilt=0
YAWED detId=442288161 signRow=0 signCol=0 flipped=1 sinTilt=0
YAWED detId=442288165 signRow=1 signCol=0 flipped=0 sinTilt=0
YAWED detId=442288169 signRow=0 signCol=0 flipped=1 sinTilt=0
YAWED detId=442288173 signRow=1 signCol=0 flipped=0 sinTilt=0
YAWED detId=442288181 signRow=1 signCol=0 flipped=0 sinTilt=0
YAWED detId=442288225 signRow=0 signCol=0 flipped=1 sinTilt=0
YAWED detId=442289161 signRow=0 signCol=0 flipped=1 sinTilt=0
YAWED detId=442289165 signRow=1 signCol=0 flipped=0 sinTilt=0
YAWED detId=442289169 signRow=0 signCol=0 flipped=1 sinTilt=0
YAWED detId=442289173 signRow=1 signCol=0 flipped=0 sinTilt=0
YAWED detId=442289177 signRow=0 signCol=0 flipped=1 sinTilt=0
YAWED detId=442289181 signRow=1 signCol=0 flipped=0 sinTilt=0
YAWED detId=442289185 signRow=0 signCol=0 flipped=1 sinTilt=0
YAWED detId=442289189 signRow=1 signCol=0 flipped=0 sinTilt=0
YAWED detId=442289193 signRow=0 signCol=0 flipped=1 sinTilt=0
YAWED detId=442289197 signRow=1 signCol=0 flipped=0 sinTilt=0
YAWED detId=442289205 signRow=1 signCol=0 flipped=0 sinTilt=0
YAWED detId=442289249 signRow=0 signCol=0 flipped=1 sinTilt=0
YAWED detId=442290185 signRow=0 signCol=0 flipped=1 sinTilt=0
YAWED detId=442290189 signRow=1 signCol=0 flipped=0 sinTilt=0
YAWED detId=442290193 signRow=0 signCol=0 flipped=1 sinTilt=0
YAWED detId=442290197 signRow=1 signCol=0 flipped=0 sinTilt=0
YAWED detId=442290201 signRow=0 signCol=0 flipped=1 sinTilt=0
YAWED detId=442290205 signRow=1 signCol=0 flipped=0 sinTilt=0
YAWED detId=442290209 signRow=0 signCol=0 flipped=1 sinTilt=0
YAWED detId=442290213 signRow=1 signCol=0 flipped=0 sinTilt=0
YAWED detId=442290217 signRow=0 signCol=0 flipped=1 sinTilt=0
YAWED detId=442290221 signRow=1 signCol=0 flipped=0 sinTilt=0
YAWED detId=442290229 signRow=1 signCol=0 flipped=0 sinTilt=0
YAWED detId=442290273 signRow=0 signCol=0 flipped=1 sinTilt=0
YAWED detId=442291209 signRow=0 signCol=0 flipped=1 sinTilt=0
YAWED detId=442291213 signRow=1 signCol=0 flipped=0 sinTilt=0
YAWED detId=442291217 signRow=0 signCol=0 flipped=1 sinTilt=0
YAWED detId=442291221 signRow=1 signCol=0 flipped=0 sinTilt=0
YAWED detId=442291225 signRow=0 signCol=0 flipped=1 sinTilt=0
YAWED detId=442291229 signRow=1 signCol=0 flipped=0 sinTilt=0
YAWED detId=442291233 signRow=0 signCol=0 flipped=1 sinTilt=0
YAWED detId=442291237 signRow=1 signCol=0 flipped=0 sinTilt=0
YAWED detId=442291241 signRow=0 signCol=0 flipped=1 sinTilt=0
YAWED detId=442291245 signRow=1 signCol=0 flipped=0 sinTilt=0
YAWED detId=442291253 signRow=1 signCol=0 flipped=0 sinTilt=0
YAWED detId=442291297 signRow=0 signCol=0 flipped=1 sinTilt=0
YAWED detId=442292233 signRow=0 signCol=0 flipped=1 sinTilt=0
YAWED detId=442292237 signRow=1 signCol=0 flipped=0 sinTilt=0
YAWED detId=442292241 signRow=0 signCol=0 flipped=1 sinTilt=0
YAWED detId=442292245 signRow=1 signCol=0 flipped=0 sinTilt=0
YAWED detId=442292249 signRow=0 signCol=0 flipped=1 sinTilt=0
YAWED detId=442292253 signRow=1 signCol=0 flipped=0 sinTilt=0
YAWED detId=442292257 signRow=0 signCol=0 flipped=1 sinTilt=0
YAWED detId=442292261 signRow=1 signCol=0 flipped=0 sinTilt=0
YAWED detId=442292265 signRow=0 signCol=0 flipped=1 sinTilt=0
YAWED detId=442292269 signRow=1 signCol=0 flipped=0 sinTilt=0
YAWED detId=442292277 signRow=1 signCol=0 flipped=0 sinTilt=0
YAWED detId=442292321 signRow=0 signCol=0 flipped=1 sinTilt=0
YAWED detId=442293257 signRow=0 signCol=0 flipped=1 sinTilt=0
YAWED detId=442293261 signRow=1 signCol=0 flipped=0 sinTilt=0
YAWED detId=442293265 signRow=0 signCol=0 flipped=1 sinTilt=0
YAWED detId=442293269 signRow=1 signCol=0 flipped=0 sinTilt=0
YAWED detId=442293273 signRow=0 signCol=0 flipped=1 sinTilt=0
YAWED detId=442293277 signRow=1 signCol=0 flipped=0 sinTilt=0
YAWED detId=442293281 signRow=0 signCol=0 flipped=1 sinTilt=0
YAWED detId=442293285 signRow=1 signCol=0 flipped=0 sinTilt=0
YAWED detId=442293289 signRow=0 signCol=0 flipped=1 sinTilt=0
YAWED detId=442293293 signRow=1 signCol=0 flipped=0 sinTilt=0
YAWED detId=442293301 signRow=1 signCol=0 flipped=0 sinTilt=0
YAWED detId=442293345 signRow=0 signCol=0 flipped=1 sinTilt=0
YAWED detId=442294281 signRow=0 signCol=0 flipped=1 sinTilt=0
YAWED detId=442294285 signRow=1 signCol=0 flipped=0 sinTilt=0
YAWED detId=442294289 signRow=0 signCol=0 flipped=1 sinTilt=0
YAWED detId=442294293 signRow=1 signCol=0 flipped=0 sinTilt=0
YAWED detId=442294297 signRow=0 signCol=0 flipped=1 sinTilt=0
YAWED detId=442294301 signRow=1 signCol=0 flipped=0 sinTilt=0
YAWED detId=442294305 signRow=0 signCol=0 flipped=1 sinTilt=0
YAWED detId=442294309 signRow=1 signCol=0 flipped=0 sinTilt=0
YAWED detId=442294313 signRow=0 signCol=0 flipped=1 sinTilt=0
YAWED detId=442294317 signRow=1 signCol=0 flipped=0 sinTilt=0
YAWED detId=442294325 signRow=1 signCol=0 flipped=0 sinTilt=0
YAWED detId=442294369 signRow=0 signCol=0 flipped=1 sinTilt=0
YAWED detId=442295305 signRow=0 signCol=0 flipped=1 sinTilt=0
YAWED detId=442295309 signRow=1 signCol=0 flipped=0 sinTilt=0
YAWED detId=442295313 signRow=0 signCol=0 flipped=1 sinTilt=0
YAWED detId=442295317 signRow=1 signCol=0 flipped=0 sinTilt=0
YAWED detId=442295321 signRow=0 signCol=0 flipped=1 sinTilt=0
YAWED detId=442295325 signRow=1 signCol=0 flipped=0 sinTilt=0
YAWED detId=442295329 signRow=0 signCol=0 flipped=1 sinTilt=0
YAWED detId=442295333 signRow=1 signCol=0 flipped=0 sinTilt=0
YAWED detId=442295337 signRow=0 signCol=0 flipped=1 sinTilt=0
YAWED detId=442295341 signRow=1 signCol=0 flipped=0 sinTilt=0
YAWED detId=442295349 signRow=1 signCol=0 flipped=0 sinTilt=0
YAWED detId=442295393 signRow=0 signCol=0 flipped=1 sinTilt=0
YAWED detId=442296329 signRow=0 signCol=0 flipped=1 sinTilt=0
YAWED detId=442296333 signRow=1 signCol=0 flipped=0 sinTilt=0
YAWED detId=442296337 signRow=0 signCol=0 flipped=1 sinTilt=0
YAWED detId=442296341 signRow=1 signCol=0 flipped=0 sinTilt=0
YAWED detId=442296345 signRow=0 signCol=0 flipped=1 sinTilt=0
YAWED detId=442296349 signRow=1 signCol=0 flipped=0 sinTilt=0
YAWED detId=442296353 signRow=0 signCol=0 flipped=1 sinTilt=0
YAWED detId=442296357 signRow=1 signCol=0 flipped=0 sinTilt=0
YAWED detId=442296361 signRow=0 signCol=0 flipped=1 sinTilt=0
YAWED detId=442296365 signRow=1 signCol=0 flipped=0 sinTilt=0
YAWED detId=442296373 signRow=1 signCol=0 flipped=0 sinTilt=0
YAWED detId=442296417 signRow=0 signCol=0 flipped=1 sinTilt=0
YAWED detId=442297353 signRow=0 signCol=0 flipped=1 sinTilt=0
YAWED detId=442297357 signRow=1 signCol=0 flipped=0 sinTilt=0
YAWED detId=442297361 signRow=0 signCol=0 flipped=1 sinTilt=0
YAWED detId=442297365 signRow=1 signCol=0 flipped=0 sinTilt=0
YAWED detId=442297369 signRow=0 signCol=0 flipped=1 sinTilt=0
YAWED detId=442297373 signRow=1 signCol=0 flipped=0 sinTilt=0
YAWED detId=442297377 signRow=0 signCol=0 flipped=1 sinTilt=0
YAWED detId=442297381 signRow=1 signCol=0 flipped=0 sinTilt=0
YAWED detId=442297385 signRow=0 signCol=0 flipped=1 sinTilt=0
YAWED detId=442297389 signRow=1 signCol=0 flipped=0 sinTilt=0
YAWED detId=442297397 signRow=1 signCol=0 flipped=0 sinTilt=0
YAWED detId=442297441 signRow=0 signCol=0 flipped=1 sinTilt=0
YAWED detId=442298377 signRow=0 signCol=0 flipped=1 sinTilt=0
YAWED detId=442298381 signRow=1 signCol=0 flipped=0 sinTilt=0
YAWED detId=442298385 signRow=0 signCol=0 flipped=1 sinTilt=0
YAWED detId=442298389 signRow=1 signCol=0 flipped=0 sinTilt=0
YAWED detId=442298393 signRow=0 signCol=0 flipped=1 sinTilt=0
YAWED detId=442298397 signRow=1 signCol=0 flipped=0 sinTilt=0
YAWED detId=442298401 signRow=0 signCol=0 flipped=1 sinTilt=0
YAWED detId=442298405 signRow=1 signCol=0 flipped=0 sinTilt=0
YAWED detId=442298409 signRow=0 signCol=0 flipped=1 sinTilt=0
YAWED detId=442298413 signRow=1 signCol=0 flipped=0 sinTilt=0
YAWED detId=442298421 signRow=1 signCol=0 flipped=0 sinTilt=0
YAWED detId=442298465 signRow=0 signCol=0 flipped=1 sinTilt=0
YAWED detId=443286537 signRow=0 signCol=0 flipped=1 sinTilt=0
YAWED detId=443286541 signRow=1 signCol=0 flipped=0 sinTilt=0
YAWED detId=443286545 signRow=0 signCol=0 flipped=1 sinTilt=0
YAWED detId=443286549 signRow=1 signCol=0 flipped=0 sinTilt=0
YAWED detId=443286553 signRow=0 signCol=0 flipped=1 sinTilt=0
YAWED detId=443286557 signRow=1 signCol=0 flipped=0 sinTilt=0
YAWED detId=443286561 signRow=0 signCol=0 flipped=1 sinTilt=0
YAWED detId=443286565 signRow=1 signCol=0 flipped=0 sinTilt=0
YAWED detId=443286569 signRow=0 signCol=0 flipped=1 sinTilt=0
YAWED detId=443286573 signRow=1 signCol=0 flipped=0 sinTilt=0
YAWED detId=443286581 signRow=1 signCol=0 flipped=0 sinTilt=0
YAWED detId=443286625 signRow=0 signCol=0 flipped=1 sinTilt=0
YAWED detId=443287561 signRow=0 signCol=0 flipped=1 sinTilt=0
YAWED detId=443287565 signRow=1 signCol=0 flipped=0 sinTilt=0
YAWED detId=443287569 signRow=0 signCol=0 flipped=1 sinTilt=0
YAWED detId=443287573 signRow=1 signCol=0 flipped=0 sinTilt=0
YAWED detId=443287577 signRow=0 signCol=0 flipped=1 sinTilt=0
YAWED detId=443287581 signRow=1 signCol=0 flipped=0 sinTilt=0
YAWED detId=443287585 signRow=0 signCol=0 flipped=1 sinTilt=0
YAWED detId=443287589 signRow=1 signCol=0 flipped=0 sinTilt=0
YAWED detId=443287593 signRow=0 signCol=0 flipped=1 sinTilt=0
YAWED detId=443287597 signRow=1 signCol=0 flipped=0 sinTilt=0
YAWED detId=443287605 signRow=1 signCol=0 flipped=0 sinTilt=0
YAWED detId=443287649 signRow=0 signCol=0 flipped=1 sinTilt=0
YAWED detId=443288585 signRow=0 signCol=0 flipped=1 sinTilt=0
YAWED detId=443288589 signRow=1 signCol=0 flipped=0 sinTilt=0
YAWED detId=443288593 signRow=0 signCol=0 flipped=1 sinTilt=0
YAWED detId=443288597 signRow=1 signCol=0 flipped=0 sinTilt=0
YAWED detId=443288601 signRow=0 signCol=0 flipped=1 sinTilt=0
YAWED detId=443288605 signRow=1 signCol=0 flipped=0 sinTilt=0
YAWED detId=443288609 signRow=0 signCol=0 flipped=1 sinTilt=0
YAWED detId=443288613 signRow=1 signCol=0 flipped=0 sinTilt=0
YAWED detId=443288617 signRow=0 signCol=0 flipped=1 sinTilt=0
YAWED detId=443288621 signRow=1 signCol=0 flipped=0 sinTilt=0
YAWED detId=443288629 signRow=1 signCol=0 flipped=0 sinTilt=0
YAWED detId=443288673 signRow=0 signCol=0 flipped=1 sinTilt=0
YAWED detId=443289609 signRow=0 signCol=0 flipped=1 sinTilt=0
YAWED detId=443289613 signRow=1 signCol=0 flipped=0 sinTilt=0
YAWED detId=443289617 signRow=0 signCol=0 flipped=1 sinTilt=0
YAWED detId=443289621 signRow=1 signCol=0 flipped=0 sinTilt=0
YAWED detId=443289625 signRow=0 signCol=0 flipped=1 sinTilt=0
YAWED detId=443289629 signRow=1 signCol=0 flipped=0 sinTilt=0
YAWED detId=443289633 signRow=0 signCol=0 flipped=1 sinTilt=0
YAWED detId=443289637 signRow=1 signCol=0 flipped=0 sinTilt=0
YAWED detId=443289641 signRow=0 signCol=0 flipped=1 sinTilt=0
YAWED detId=443289645 signRow=1 signCol=0 flipped=0 sinTilt=0
YAWED detId=443289653 signRow=1 signCol=0 flipped=0 sinTilt=0
YAWED detId=443289697 signRow=0 signCol=0 flipped=1 sinTilt=0
YAWED detId=443290633 signRow=0 signCol=0 flipped=1 sinTilt=0
YAWED detId=443290637 signRow=1 signCol=0 flipped=0 sinTilt=0
YAWED detId=443290641 signRow=0 signCol=0 flipped=1 sinTilt=0
YAWED detId=443290645 signRow=1 signCol=0 flipped=0 sinTilt=0
YAWED detId=443290649 signRow=0 signCol=0 flipped=1 sinTilt=0
YAWED detId=443290653 signRow=1 signCol=0 flipped=0 sinTilt=0
YAWED detId=443290657 signRow=0 signCol=0 flipped=1 sinTilt=0
YAWED detId=443290661 signRow=1 signCol=0 flipped=0 sinTilt=0
YAWED detId=443290665 signRow=0 signCol=0 flipped=1 sinTilt=0
YAWED detId=443290669 signRow=1 signCol=0 flipped=0 sinTilt=0
YAWED detId=443290677 signRow=1 signCol=0 flipped=0 sinTilt=0
YAWED detId=443290721 signRow=0 signCol=0 flipped=1 sinTilt=0
YAWED detId=443291657 signRow=0 signCol=0 flipped=1 sinTilt=0
YAWED detId=443291661 signRow=1 signCol=0 flipped=0 sinTilt=0
YAWED detId=443291665 signRow=0 signCol=0 flipped=1 sinTilt=0
YAWED detId=443291669 signRow=1 signCol=0 flipped=0 sinTilt=0
YAWED detId=443291673 signRow=0 signCol=0 flipped=1 sinTilt=0
YAWED detId=443291677 signRow=1 signCol=0 flipped=0 sinTilt=0
YAWED detId=443291681 signRow=0 signCol=0 flipped=1 sinTilt=0
YAWED detId=443291685 signRow=1 signCol=0 flipped=0 sinTilt=0
YAWED detId=443291689 signRow=0 signCol=0 flipped=1 sinTilt=0
YAWED detId=443291693 signRow=1 signCol=0 flipped=0 sinTilt=0
YAWED detId=443291701 signRow=1 signCol=0 flipped=0 sinTilt=0
YAWED detId=443291745 signRow=0 signCol=0 flipped=1 sinTilt=0
YAWED detId=443292681 signRow=0 signCol=0 flipped=1 sinTilt=0
YAWED detId=443292685 signRow=1 signCol=0 flipped=0 sinTilt=0
YAWED detId=443292689 signRow=0 signCol=0 flipped=1 sinTilt=0
YAWED detId=443292693 signRow=1 signCol=0 flipped=0 sinTilt=0
YAWED detId=443292697 signRow=0 signCol=0 flipped=1 sinTilt=0
YAWED detId=443292701 signRow=1 signCol=0 flipped=0 sinTilt=0
YAWED detId=443292705 signRow=0 signCol=0 flipped=1 sinTilt=0
YAWED detId=443292709 signRow=1 signCol=0 flipped=0 sinTilt=0
YAWED detId=443292713 signRow=0 signCol=0 flipped=1 sinTilt=0
YAWED detId=443292717 signRow=1 signCol=0 flipped=0 sinTilt=0
YAWED detId=443292725 signRow=1 signCol=0 flipped=0 sinTilt=0
YAWED detId=443292769 signRow=0 signCol=0 flipped=1 sinTilt=0
YAWED detId=443293705 signRow=0 signCol=0 flipped=1 sinTilt=0
YAWED detId=443293709 signRow=1 signCol=0 flipped=0 sinTilt=0
YAWED detId=443293713 signRow=0 signCol=0 flipped=1 sinTilt=0
YAWED detId=443293717 signRow=1 signCol=0 flipped=0 sinTilt=0
YAWED detId=443293721 signRow=0 signCol=0 flipped=1 sinTilt=0
YAWED detId=443293725 signRow=1 signCol=0 flipped=0 sinTilt=0
YAWED detId=443293729 signRow=0 signCol=0 flipped=1 sinTilt=0
YAWED detId=443293733 signRow=1 signCol=0 flipped=0 sinTilt=0
YAWED detId=443293737 signRow=0 signCol=0 flipped=1 sinTilt=0
YAWED detId=443293741 signRow=1 signCol=0 flipped=0 sinTilt=0
YAWED detId=443293749 signRow=1 signCol=0 flipped=0 sinTilt=0
YAWED detId=443293793 signRow=0 signCol=0 flipped=1 sinTilt=0
YAWED detId=443294729 signRow=0 signCol=0 flipped=1 sinTilt=0
YAWED detId=443294733 signRow=1 signCol=0 flipped=0 sinTilt=0
YAWED detId=443294737 signRow=0 signCol=0 flipped=1 sinTilt=0
YAWED detId=443294741 signRow=1 signCol=0 flipped=0 sinTilt=0
YAWED detId=443294745 signRow=0 signCol=0 flipped=1 sinTilt=0
YAWED detId=443294749 signRow=1 signCol=0 flipped=0 sinTilt=0
YAWED detId=443294753 signRow=0 signCol=0 flipped=1 sinTilt=0
YAWED detId=443294757 signRow=1 signCol=0 flipped=0 sinTilt=0
YAWED detId=443294761 signRow=0 signCol=0 flipped=1 sinTilt=0
YAWED detId=443294765 signRow=1 signCol=0 flipped=0 sinTilt=0
YAWED detId=443294773 signRow=1 signCol=0 flipped=0 sinTilt=0
YAWED detId=443294817 signRow=0 signCol=0 flipped=1 sinTilt=0
YAWED detId=443295753 signRow=0 signCol=0 flipped=1 sinTilt=0
YAWED detId=443295757 signRow=1 signCol=0 flipped=0 sinTilt=0
YAWED detId=443295761 signRow=0 signCol=0 flipped=1 sinTilt=0
YAWED detId=443295765 signRow=1 signCol=0 flipped=0 sinTilt=0
YAWED detId=443295769 signRow=0 signCol=0 flipped=1 sinTilt=0
YAWED detId=443295773 signRow=1 signCol=0 flipped=0 sinTilt=0
YAWED detId=443295777 signRow=0 signCol=0 flipped=1 sinTilt=0
YAWED detId=443295781 signRow=1 signCol=0 flipped=0 sinTilt=0
YAWED detId=443295785 signRow=0 signCol=0 flipped=1 sinTilt=0
YAWED detId=443295789 signRow=1 signCol=0 flipped=0 sinTilt=0
YAWED detId=443295797 signRow=1 signCol=0 flipped=0 sinTilt=0
YAWED detId=443295841 signRow=0 signCol=0 flipped=1 sinTilt=0
YAWED detId=443296777 signRow=0 signCol=0 flipped=1 sinTilt=0
YAWED detId=443296781 signRow=1 signCol=0 flipped=0 sinTilt=0
YAWED detId=443296785 signRow=0 signCol=0 flipped=1 sinTilt=0
YAWED detId=443296789 signRow=1 signCol=0 flipped=0 sinTilt=0
YAWED detId=443296793 signRow=0 signCol=0 flipped=1 sinTilt=0
YAWED detId=443296797 signRow=1 signCol=0 flipped=0 sinTilt=0
YAWED detId=443296801 signRow=0 signCol=0 flipped=1 sinTilt=0
YAWED detId=443296805 signRow=1 signCol=0 flipped=0 sinTilt=0
YAWED detId=443296809 signRow=0 signCol=0 flipped=1 sinTilt=0
YAWED detId=443296813 signRow=1 signCol=0 flipped=0 sinTilt=0
YAWED detId=443296821 signRow=1 signCol=0 flipped=0 sinTilt=0
YAWED detId=443296865 signRow=0 signCol=0 flipped=1 sinTilt=0
YAWED detId=443297801 signRow=0 signCol=0 flipped=1 sinTilt=0
YAWED detId=443297805 signRow=1 signCol=0 flipped=0 sinTilt=0
YAWED detId=443297809 signRow=0 signCol=0 flipped=1 sinTilt=0
YAWED detId=443297813 signRow=1 signCol=0 flipped=0 sinTilt=0
YAWED detId=443297817 signRow=0 signCol=0 flipped=1 sinTilt=0
YAWED detId=443297821 signRow=1 signCol=0 flipped=0 sinTilt=0
YAWED detId=443297825 signRow=0 signCol=0 flipped=1 sinTilt=0
YAWED detId=443297829 signRow=1 signCol=0 flipped=0 sinTilt=0
YAWED detId=443297833 signRow=0 signCol=0 flipped=1 sinTilt=0
YAWED detId=443297837 signRow=1 signCol=0 flipped=0 sinTilt=0
YAWED detId=443297845 signRow=1 signCol=0 flipped=0 sinTilt=0
YAWED detId=443297889 signRow=0 signCol=0 flipped=1 sinTilt=0
YAWED detId=443298825 signRow=0 signCol=0 flipped=1 sinTilt=0
YAWED detId=443298829 signRow=1 signCol=0 flipped=0 sinTilt=0
YAWED detId=443298833 signRow=0 signCol=0 flipped=1 sinTilt=0
YAWED detId=443298837 signRow=1 signCol=0 flipped=0 sinTilt=0
YAWED detId=443298841 signRow=0 signCol=0 flipped=1 sinTilt=0
YAWED detId=443298845 signRow=1 signCol=0 flipped=0 sinTilt=0
YAWED detId=443298849 signRow=0 signCol=0 flipped=1 sinTilt=0
YAWED detId=443298853 signRow=1 signCol=0 flipped=0 sinTilt=0
YAWED detId=443298857 signRow=0 signCol=0 flipped=1 sinTilt=0
YAWED detId=443298861 signRow=1 signCol=0 flipped=0 sinTilt=0
YAWED detId=443298869 signRow=1 signCol=0 flipped=0 sinTilt=0
YAWED detId=443298913 signRow=0 signCol=0 flipped=1 sinTilt=0
YAWED detId=443299849 signRow=0 signCol=0 flipped=1 sinTilt=0
YAWED detId=443299853 signRow=1 signCol=0 flipped=0 sinTilt=0
YAWED detId=443299857 signRow=0 signCol=0 flipped=1 sinTilt=0
YAWED detId=443299861 signRow=1 signCol=0 flipped=0 sinTilt=0
YAWED detId=443299865 signRow=0 signCol=0 flipped=1 sinTilt=0
YAWED detId=443299869 signRow=1 signCol=0 flipped=0 sinTilt=0
YAWED detId=443299873 signRow=0 signCol=0 flipped=1 sinTilt=0
YAWED detId=443299877 signRow=1 signCol=0 flipped=0 sinTilt=0
YAWED detId=443299881 signRow=0 signCol=0 flipped=1 sinTilt=0
YAWED detId=443299885 signRow=1 signCol=0 flipped=0 sinTilt=0
YAWED detId=443299893 signRow=1 signCol=0 flipped=0 sinTilt=0
YAWED detId=443299937 signRow=0 signCol=0 flipped=1 sinTilt=0
YAWED detId=443300873 signRow=0 signCol=0 flipped=1 sinTilt=0
YAWED detId=443300877 signRow=1 signCol=0 flipped=0 sinTilt=0
YAWED detId=443300881 signRow=0 signCol=0 flipped=1 sinTilt=0
YAWED detId=443300885 signRow=1 signCol=0 flipped=0 sinTilt=0
YAWED detId=443300889 signRow=0 signCol=0 flipped=1 sinTilt=0
YAWED detId=443300893 signRow=1 signCol=0 flipped=0 sinTilt=0
YAWED detId=443300897 signRow=0 signCol=0 flipped=1 sinTilt=0
YAWED detId=443300901 signRow=1 signCol=0 flipped=0 sinTilt=0
YAWED detId=443300905 signRow=0 signCol=0 flipped=1 sinTilt=0
YAWED detId=443300909 signRow=1 signCol=0 flipped=0 sinTilt=0
YAWED detId=443300917 signRow=1 signCol=0 flipped=0 sinTilt=0
YAWED detId=443300961 signRow=0 signCol=0 flipped=1 sinTilt=0
YAWED detId=443301897 signRow=0 signCol=0 flipped=1 sinTilt=0
YAWED detId=443301901 signRow=1 signCol=0 flipped=0 sinTilt=0
YAWED detId=443301905 signRow=0 signCol=0 flipped=1 sinTilt=0
YAWED detId=443301909 signRow=1 signCol=0 flipped=0 sinTilt=0
YAWED detId=443301913 signRow=0 signCol=0 flipped=1 sinTilt=0
YAWED detId=443301917 signRow=1 signCol=0 flipped=0 sinTilt=0
YAWED detId=443301921 signRow=0 signCol=0 flipped=1 sinTilt=0
YAWED detId=443301925 signRow=1 signCol=0 flipped=0 sinTilt=0
YAWED detId=443301929 signRow=0 signCol=0 flipped=1 sinTilt=0
YAWED detId=443301933 signRow=1 signCol=0 flipped=0 sinTilt=0
YAWED detId=443301941 signRow=1 signCol=0 flipped=0 sinTilt=0
YAWED detId=443301985 signRow=0 signCol=0 flipped=1 sinTilt=0
YAWED detId=443302921 signRow=0 signCol=0 flipped=1 sinTilt=0
YAWED detId=443302925 signRow=1 signCol=0 flipped=0 sinTilt=0
YAWED detId=443302929 signRow=0 signCol=0 flipped=1 sinTilt=0
YAWED detId=443302933 signRow=1 signCol=0 flipped=0 sinTilt=0
YAWED detId=443302937 signRow=0 signCol=0 flipped=1 sinTilt=0
YAWED detId=443302941 signRow=1 signCol=0 flipped=0 sinTilt=0
YAWED detId=443302945 signRow=0 signCol=0 flipped=1 sinTilt=0
YAWED detId=443302949 signRow=1 signCol=0 flipped=0 sinTilt=0
YAWED detId=443302953 signRow=0 signCol=0 flipped=1 sinTilt=0
YAWED detId=443302957 signRow=1 signCol=0 flipped=0 sinTilt=0
YAWED detId=443302965 signRow=1 signCol=0 flipped=0 sinTilt=0
YAWED detId=443303009 signRow=0 signCol=0 flipped=1 sinTilt=0
YAWED detId=443303945 signRow=0 signCol=0 flipped=1 sinTilt=0
YAWED detId=443303949 signRow=1 signCol=0 flipped=0 sinTilt=0
YAWED detId=443303953 signRow=0 signCol=0 flipped=1 sinTilt=0
YAWED detId=443303957 signRow=1 signCol=0 flipped=0 sinTilt=0
YAWED detId=443303961 signRow=0 signCol=0 flipped=1 sinTilt=0
YAWED detId=443303965 signRow=1 signCol=0 flipped=0 sinTilt=0
YAWED detId=443303969 signRow=0 signCol=0 flipped=1 sinTilt=0
YAWED detId=443303973 signRow=1 signCol=0 flipped=0 sinTilt=0
YAWED detId=443303977 signRow=0 signCol=0 flipped=1 sinTilt=0
YAWED detId=443303981 signRow=1 signCol=0 flipped=0 sinTilt=0
YAWED detId=443303989 signRow=1 signCol=0 flipped=0 sinTilt=0
YAWED detId=443304033 signRow=0 signCol=0 flipped=1 sinTilt=0
YAWED detId=443304969 signRow=0 signCol=0 flipped=1 sinTilt=0
YAWED detId=443304973 signRow=1 signCol=0 flipped=0 sinTilt=0
YAWED detId=443304977 signRow=0 signCol=0 flipped=1 sinTilt=0
YAWED detId=443304981 signRow=1 signCol=0 flipped=0 sinTilt=0
YAWED detId=443304985 signRow=0 signCol=0 flipped=1 sinTilt=0
YAWED detId=443304989 signRow=1 signCol=0 flipped=0 sinTilt=0
YAWED detId=443304993 signRow=0 signCol=0 flipped=1 sinTilt=0
YAWED detId=443304997 signRow=1 signCol=0 flipped=0 sinTilt=0
YAWED detId=443305001 signRow=0 signCol=0 flipped=1 sinTilt=0
YAWED detId=443305005 signRow=1 signCol=0 flipped=0 sinTilt=0
YAWED detId=443305013 signRow=1 signCol=0 flipped=0 sinTilt=0
YAWED detId=443305057 signRow=0 signCol=0 flipped=1 sinTilt=0
YAWED detId=443305993 signRow=0 signCol=0 flipped=1 sinTilt=0
YAWED detId=443305997 signRow=1 signCol=0 flipped=0 sinTilt=0
YAWED detId=443306001 signRow=0 signCol=0 flipped=1 sinTilt=0
YAWED detId=443306005 signRow=1 signCol=0 flipped=0 sinTilt=0
YAWED detId=443306009 signRow=0 signCol=0 flipped=1 sinTilt=0
YAWED detId=443306013 signRow=1 signCol=0 flipped=0 sinTilt=0
YAWED detId=443306017 signRow=0 signCol=0 flipped=1 sinTilt=0
YAWED detId=443306021 signRow=1 signCol=0 flipped=0 sinTilt=0
YAWED detId=443306025 signRow=0 signCol=0 flipped=1 sinTilt=0
YAWED detId=443306029 signRow=1 signCol=0 flipped=0 sinTilt=0
YAWED detId=443306037 signRow=1 signCol=0 flipped=0 sinTilt=0
YAWED detId=443306081 signRow=0 signCol=0 flipped=1 sinTilt=0
YAWED detId=443307017 signRow=0 signCol=0 flipped=1 sinTilt=0
YAWED detId=443307021 signRow=1 signCol=0 flipped=0 sinTilt=0
YAWED detId=443307025 signRow=0 signCol=0 flipped=1 sinTilt=0
YAWED detId=443307029 signRow=1 signCol=0 flipped=0 sinTilt=0
YAWED detId=443307033 signRow=0 signCol=0 flipped=1 sinTilt=0
YAWED detId=443307037 signRow=1 signCol=0 flipped=0 sinTilt=0
YAWED detId=443307041 signRow=0 signCol=0 flipped=1 sinTilt=0
YAWED detId=443307045 signRow=1 signCol=0 flipped=0 sinTilt=0
YAWED detId=443307049 signRow=0 signCol=0 flipped=1 sinTilt=0
YAWED detId=443307053 signRow=1 signCol=0 flipped=0 sinTilt=0
YAWED detId=443307061 signRow=1 signCol=0 flipped=0 sinTilt=0
YAWED detId=443307105 signRow=0 signCol=0 flipped=1 sinTilt=0
YAWED detId=443308041 signRow=0 signCol=0 flipped=1 sinTilt=0
YAWED detId=443308045 signRow=1 signCol=0 flipped=0 sinTilt=0
YAWED detId=443308049 signRow=0 signCol=0 flipped=1 sinTilt=0
YAWED detId=443308053 signRow=1 signCol=0 flipped=0 sinTilt=0
YAWED detId=443308057 signRow=0 signCol=0 flipped=1 sinTilt=0
YAWED detId=443308061 signRow=1 signCol=0 flipped=0 sinTilt=0
YAWED detId=443308065 signRow=0 signCol=0 flipped=1 sinTilt=0
YAWED detId=443308069 signRow=1 signCol=0 flipped=0 sinTilt=0
YAWED detId=443308073 signRow=0 signCol=0 flipped=1 sinTilt=0
YAWED detId=443308077 signRow=1 signCol=0 flipped=0 sinTilt=0
YAWED detId=443308085 signRow=1 signCol=0 flipped=0 sinTilt=0
YAWED detId=443308129 signRow=0 signCol=0 flipped=1 sinTilt=0
YAWED detId=443309065 signRow=0 signCol=0 flipped=1 sinTilt=0
YAWED detId=443309069 signRow=1 signCol=0 flipped=0 sinTilt=0
YAWED detId=443309073 signRow=0 signCol=0 flipped=1 sinTilt=0
YAWED detId=443309077 signRow=1 signCol=0 flipped=0 sinTilt=0
YAWED detId=443309081 signRow=0 signCol=0 flipped=1 sinTilt=0
YAWED detId=443309085 signRow=1 signCol=0 flipped=0 sinTilt=0
YAWED detId=443309089 signRow=0 signCol=0 flipped=1 sinTilt=0
YAWED detId=443309093 signRow=1 signCol=0 flipped=0 sinTilt=0
YAWED detId=443309097 signRow=0 signCol=0 flipped=1 sinTilt=0
YAWED detId=443309101 signRow=1 signCol=0 flipped=0 sinTilt=0
YAWED detId=443309109 signRow=1 signCol=0 flipped=0 sinTilt=0
YAWED detId=443309153 signRow=0 signCol=0 flipped=1 sinTilt=0
YAWED detId=443310089 signRow=0 signCol=0 flipped=1 sinTilt=0
YAWED detId=443310093 signRow=1 signCol=0 flipped=0 sinTilt=0
YAWED detId=443310097 signRow=0 signCol=0 flipped=1 sinTilt=0
YAWED detId=443310101 signRow=1 signCol=0 flipped=0 sinTilt=0
YAWED detId=443310105 signRow=0 signCol=0 flipped=1 sinTilt=0
YAWED detId=443310109 signRow=1 signCol=0 flipped=0 sinTilt=0
YAWED detId=443310113 signRow=0 signCol=0 flipped=1 sinTilt=0
YAWED detId=443310117 signRow=1 signCol=0 flipped=0 sinTilt=0
YAWED detId=443310121 signRow=0 signCol=0 flipped=1 sinTilt=0
YAWED detId=443310125 signRow=1 signCol=0 flipped=0 sinTilt=0
YAWED detId=443310133 signRow=1 signCol=0 flipped=0 sinTilt=0
YAWED detId=443310177 signRow=0 signCol=0 flipped=1 sinTilt=0
YAWED detId=443311113 signRow=0 signCol=0 flipped=1 sinTilt=0
YAWED detId=443311117 signRow=1 signCol=0 flipped=0 sinTilt=0
YAWED detId=443311121 signRow=0 signCol=0 flipped=1 sinTilt=0
YAWED detId=443311125 signRow=1 signCol=0 flipped=0 sinTilt=0
YAWED detId=443311129 signRow=0 signCol=0 flipped=1 sinTilt=0
YAWED detId=443311133 signRow=1 signCol=0 flipped=0 sinTilt=0
YAWED detId=443311137 signRow=0 signCol=0 flipped=1 sinTilt=0
YAWED detId=443311141 signRow=1 signCol=0 flipped=0 sinTilt=0
YAWED detId=443311145 signRow=0 signCol=0 flipped=1 sinTilt=0
YAWED detId=443311149 signRow=1 signCol=0 flipped=0 sinTilt=0
YAWED detId=443311157 signRow=1 signCol=0 flipped=0 sinTilt=0
YAWED detId=443311201 signRow=0 signCol=0 flipped=1 sinTilt=0
YAWED detId=443312137 signRow=0 signCol=0 flipped=1 sinTilt=0
YAWED detId=443312141 signRow=1 signCol=0 flipped=0 sinTilt=0
YAWED detId=443312145 signRow=0 signCol=0 flipped=1 sinTilt=0
YAWED detId=443312149 signRow=1 signCol=0 flipped=0 sinTilt=0
YAWED detId=443312153 signRow=0 signCol=0 flipped=1 sinTilt=0
YAWED detId=443312157 signRow=1 signCol=0 flipped=0 sinTilt=0
YAWED detId=443312161 signRow=0 signCol=0 flipped=1 sinTilt=0
YAWED detId=443312165 signRow=1 signCol=0 flipped=0 sinTilt=0
YAWED detId=443312169 signRow=0 signCol=0 flipped=1 sinTilt=0
YAWED detId=443312173 signRow=1 signCol=0 flipped=0 sinTilt=0
YAWED detId=443312181 signRow=1 signCol=0 flipped=0 sinTilt=0
YAWED detId=443312225 signRow=0 signCol=0 flipped=1 sinTilt=0
YAWED detId=443313161 signRow=0 signCol=0 flipped=1 sinTilt=0
YAWED detId=443313165 signRow=1 signCol=0 flipped=0 sinTilt=0
YAWED detId=443313169 signRow=0 signCol=0 flipped=1 sinTilt=0
YAWED detId=443313173 signRow=1 signCol=0 flipped=0 sinTilt=0
YAWED detId=443313177 signRow=0 signCol=0 flipped=1 sinTilt=0
YAWED detId=443313181 signRow=1 signCol=0 flipped=0 sinTilt=0
YAWED detId=443313185 signRow=0 signCol=0 flipped=1 sinTilt=0
YAWED detId=443313189 signRow=1 signCol=0 flipped=0 sinTilt=0
YAWED detId=443313193 signRow=0 signCol=0 flipped=1 sinTilt=0
YAWED detId=443313197 signRow=1 signCol=0 flipped=0 sinTilt=0
YAWED detId=443313205 signRow=1 signCol=0 flipped=0 sinTilt=0
YAWED detId=443313249 signRow=0 signCol=0 flipped=1 sinTilt=0
YAWED detId=443314185 signRow=0 signCol=0 flipped=1 sinTilt=0
YAWED detId=443314189 signRow=1 signCol=0 flipped=0 sinTilt=0
YAWED detId=443314193 signRow=0 signCol=0 flipped=1 sinTilt=0
YAWED detId=443314197 signRow=1 signCol=0 flipped=0 sinTilt=0
YAWED detId=443314201 signRow=0 signCol=0 flipped=1 sinTilt=0
YAWED detId=443314205 signRow=1 signCol=0 flipped=0 sinTilt=0
YAWED detId=443314209 signRow=0 signCol=0 flipped=1 sinTilt=0
YAWED detId=443314213 signRow=1 signCol=0 flipped=0 sinTilt=0
YAWED detId=443314217 signRow=0 signCol=0 flipped=1 sinTilt=0
YAWED detId=443314221 signRow=1 signCol=0 flipped=0 sinTilt=0
YAWED detId=443314229 signRow=1 signCol=0 flipped=0 sinTilt=0
YAWED detId=443314273 signRow=0 signCol=0 flipped=1 sinTilt=0
YAWED detId=443315209 signRow=0 signCol=0 flipped=1 sinTilt=0
YAWED detId=443315213 signRow=1 signCol=0 flipped=0 sinTilt=0
YAWED detId=443315217 signRow=0 signCol=0 flipped=1 sinTilt=0
YAWED detId=443315221 signRow=1 signCol=0 flipped=0 sinTilt=0
YAWED detId=443315225 signRow=0 signCol=0 flipped=1 sinTilt=0
YAWED detId=443315229 signRow=1 signCol=0 flipped=0 sinTilt=0
YAWED detId=443315233 signRow=0 signCol=0 flipped=1 sinTilt=0
YAWED detId=443315237 signRow=1 signCol=0 flipped=0 sinTilt=0
YAWED detId=443315241 signRow=0 signCol=0 flipped=1 sinTilt=0
YAWED detId=443315245 signRow=1 signCol=0 flipped=0 sinTilt=0
YAWED detId=443315253 signRow=1 signCol=0 flipped=0 sinTilt=0
YAWED detId=443315297 signRow=0 signCol=0 flipped=1 sinTilt=0
YAWED detId=443316233 signRow=0 signCol=0 flipped=1 sinTilt=0
YAWED detId=443316237 signRow=1 signCol=0 flipped=0 sinTilt=0
YAWED detId=443316241 signRow=0 signCol=0 flipped=1 sinTilt=0
YAWED detId=443316245 signRow=1 signCol=0 flipped=0 sinTilt=0
YAWED detId=443316249 signRow=0 signCol=0 flipped=1 sinTilt=0
YAWED detId=443316253 signRow=1 signCol=0 flipped=0 sinTilt=0
YAWED detId=443316257 signRow=0 signCol=0 flipped=1 sinTilt=0
YAWED detId=443316261 signRow=1 signCol=0 flipped=0 sinTilt=0
YAWED detId=443316265 signRow=0 signCol=0 flipped=1 sinTilt=0
YAWED detId=443316269 signRow=1 signCol=0 flipped=0 sinTilt=0
YAWED detId=443316277 signRow=1 signCol=0 flipped=0 sinTilt=0
YAWED detId=443316321 signRow=0 signCol=0 flipped=1 sinTilt=0
YAWED detId=443317257 signRow=0 signCol=0 flipped=1 sinTilt=0
YAWED detId=443317261 signRow=1 signCol=0 flipped=0 sinTilt=0
YAWED detId=443317265 signRow=0 signCol=0 flipped=1 sinTilt=0
YAWED detId=443317269 signRow=1 signCol=0 flipped=0 sinTilt=0
YAWED detId=443317273 signRow=0 signCol=0 flipped=1 sinTilt=0
YAWED detId=443317277 signRow=1 signCol=0 flipped=0 sinTilt=0
YAWED detId=443317281 signRow=0 signCol=0 flipped=1 sinTilt=0
YAWED detId=443317285 signRow=1 signCol=0 flipped=0 sinTilt=0
YAWED detId=443317289 signRow=0 signCol=0 flipped=1 sinTilt=0
YAWED detId=443317293 signRow=1 signCol=0 flipped=0 sinTilt=0
YAWED detId=443317301 signRow=1 signCol=0 flipped=0 sinTilt=0
YAWED detId=443317345 signRow=0 signCol=0 flipped=1 sinTilt=0
YAWED detId=443318281 signRow=0 signCol=0 flipped=1 sinTilt=0
YAWED detId=443318285 signRow=1 signCol=0 flipped=0 sinTilt=0
YAWED detId=443318289 signRow=0 signCol=0 flipped=1 sinTilt=0
YAWED detId=443318293 signRow=1 signCol=0 flipped=0 sinTilt=0
YAWED detId=443318297 signRow=0 signCol=0 flipped=1 sinTilt=0
YAWED detId=443318301 signRow=1 signCol=0 flipped=0 sinTilt=0
YAWED detId=443318305 signRow=0 signCol=0 flipped=1 sinTilt=0
YAWED detId=443318309 signRow=1 signCol=0 flipped=0 sinTilt=0
YAWED detId=443318313 signRow=0 signCol=0 flipped=1 sinTilt=0
YAWED detId=443318317 signRow=1 signCol=0 flipped=0 sinTilt=0
YAWED detId=443318325 signRow=1 signCol=0 flipped=0 sinTilt=0
YAWED detId=443318369 signRow=0 signCol=0 flipped=1 sinTilt=0
YAWED detId=443319305 signRow=0 signCol=0 flipped=1 sinTilt=0
YAWED detId=443319309 signRow=1 signCol=0 flipped=0 sinTilt=0
YAWED detId=443319313 signRow=0 signCol=0 flipped=1 sinTilt=0
YAWED detId=443319317 signRow=1 signCol=0 flipped=0 sinTilt=0
YAWED detId=443319321 signRow=0 signCol=0 flipped=1 sinTilt=0
YAWED detId=443319325 signRow=1 signCol=0 flipped=0 sinTilt=0
YAWED detId=443319329 signRow=0 signCol=0 flipped=1 sinTilt=0
YAWED detId=443319333 signRow=1 signCol=0 flipped=0 sinTilt=0
YAWED detId=443319337 signRow=0 signCol=0 flipped=1 sinTilt=0
YAWED detId=443319341 signRow=1 signCol=0 flipped=0 sinTilt=0
YAWED detId=443319349 signRow=1 signCol=0 flipped=0 sinTilt=0
YAWED detId=443319393 signRow=0 signCol=0 flipped=1 sinTilt=0
YAWED detId=443320329 signRow=0 signCol=0 flipped=1 sinTilt=0
YAWED detId=443320333 signRow=1 signCol=0 flipped=0 sinTilt=0
YAWED detId=443320337 signRow=0 signCol=0 flipped=1 sinTilt=0
YAWED detId=443320341 signRow=1 signCol=0 flipped=0 sinTilt=0
YAWED detId=443320345 signRow=0 signCol=0 flipped=1 sinTilt=0
YAWED detId=443320349 signRow=1 signCol=0 flipped=0 sinTilt=0
YAWED detId=443320353 signRow=0 signCol=0 flipped=1 sinTilt=0
YAWED detId=443320357 signRow=1 signCol=0 flipped=0 sinTilt=0
YAWED detId=443320361 signRow=0 signCol=0 flipped=1 sinTilt=0
YAWED detId=443320365 signRow=1 signCol=0 flipped=0 sinTilt=0
YAWED detId=443320373 signRow=1 signCol=0 flipped=0 sinTilt=0
YAWED detId=443320417 signRow=0 signCol=0 flipped=1 sinTilt=0
YAWED detId=443321353 signRow=0 signCol=0 flipped=1 sinTilt=0
YAWED detId=443321357 signRow=1 signCol=0 flipped=0 sinTilt=0
YAWED detId=443321361 signRow=0 signCol=0 flipped=1 sinTilt=0
YAWED detId=443321365 signRow=1 signCol=0 flipped=0 sinTilt=0
YAWED detId=443321369 signRow=0 signCol=0 flipped=1 sinTilt=0
YAWED detId=443321373 signRow=1 signCol=0 flipped=0 sinTilt=0
YAWED detId=443321377 signRow=0 signCol=0 flipped=1 sinTilt=0
YAWED detId=443321381 signRow=1 signCol=0 flipped=0 sinTilt=0
YAWED detId=443321385 signRow=0 signCol=0 flipped=1 sinTilt=0
YAWED detId=443321389 signRow=1 signCol=0 flipped=0 sinTilt=0
YAWED detId=443321397 signRow=1 signCol=0 flipped=0 sinTilt=0
YAWED detId=443321441 signRow=0 signCol=0 flipped=1 sinTilt=0
YAWED detId=443322377 signRow=0 signCol=0 flipped=1 sinTilt=0
YAWED detId=443322381 signRow=1 signCol=0 flipped=0 sinTilt=0
YAWED detId=443322385 signRow=0 signCol=0 flipped=1 sinTilt=0
YAWED detId=443322389 signRow=1 signCol=0 flipped=0 sinTilt=0
YAWED detId=443322393 signRow=0 signCol=0 flipped=1 sinTilt=0
YAWED detId=443322397 signRow=1 signCol=0 flipped=0 sinTilt=0
YAWED detId=443322401 signRow=0 signCol=0 flipped=1 sinTilt=0
YAWED detId=443322405 signRow=1 signCol=0 flipped=0 sinTilt=0
YAWED detId=443322409 signRow=0 signCol=0 flipped=1 sinTilt=0
YAWED detId=443322413 signRow=1 signCol=0 flipped=0 sinTilt=0
YAWED detId=443322421 signRow=1 signCol=0 flipped=0 sinTilt=0
YAWED detId=443322465 signRow=0 signCol=0 flipped=1 sinTilt=0
YAWED detId=443323401 signRow=0 signCol=0 flipped=1 sinTilt=0
YAWED detId=443323405 signRow=1 signCol=0 flipped=0 sinTilt=0
YAWED detId=443323409 signRow=0 signCol=0 flipped=1 sinTilt=0
YAWED detId=443323413 signRow=1 signCol=0 flipped=0 sinTilt=0
YAWED detId=443323417 signRow=0 signCol=0 flipped=1 sinTilt=0
YAWED detId=443323421 signRow=1 signCol=0 flipped=0 sinTilt=0
YAWED detId=443323425 signRow=0 signCol=0 flipped=1 sinTilt=0
YAWED detId=443323429 signRow=1 signCol=0 flipped=0 sinTilt=0
YAWED detId=443323433 signRow=0 signCol=0 flipped=1 sinTilt=0
YAWED detId=443323437 signRow=1 signCol=0 flipped=0 sinTilt=0
YAWED detId=443323445 signRow=1 signCol=0 flipped=0 sinTilt=0
YAWED detId=443323489 signRow=0 signCol=0 flipped=1 sinTilt=0
YAWED detId=443324425 signRow=0 signCol=0 flipped=1 sinTilt=0
YAWED detId=443324429 signRow=1 signCol=0 flipped=0 sinTilt=0
YAWED detId=443324433 signRow=0 signCol=0 flipped=1 sinTilt=0
YAWED detId=443324437 signRow=1 signCol=0 flipped=0 sinTilt=0
YAWED detId=443324441 signRow=0 signCol=0 flipped=1 sinTilt=0
YAWED detId=443324445 signRow=1 signCol=0 flipped=0 sinTilt=0
YAWED detId=443324449 signRow=0 signCol=0 flipped=1 sinTilt=0
YAWED detId=443324453 signRow=1 signCol=0 flipped=0 sinTilt=0
YAWED detId=443324457 signRow=0 signCol=0 flipped=1 sinTilt=0
YAWED detId=443324461 signRow=1 signCol=0 flipped=0 sinTilt=0
YAWED detId=443324469 signRow=1 signCol=0 flipped=0 sinTilt=0
YAWED detId=443324513 signRow=0 signCol=0 flipped=1 sinTilt=0
YAWED detId=443325449 signRow=0 signCol=0 flipped=1 sinTilt=0
YAWED detId=443325453 signRow=1 signCol=0 flipped=0 sinTilt=0
YAWED detId=443325457 signRow=0 signCol=0 flipped=1 sinTilt=0
YAWED detId=443325461 signRow=1 signCol=0 flipped=0 sinTilt=0
YAWED detId=443325465 signRow=0 signCol=0 flipped=1 sinTilt=0
YAWED detId=443325469 signRow=1 signCol=0 flipped=0 sinTilt=0
YAWED detId=443325473 signRow=0 signCol=0 flipped=1 sinTilt=0
YAWED detId=443325477 signRow=1 signCol=0 flipped=0 sinTilt=0
YAWED detId=443325481 signRow=0 signCol=0 flipped=1 sinTilt=0
YAWED detId=443325485 signRow=1 signCol=0 flipped=0 sinTilt=0
YAWED detId=443325493 signRow=1 signCol=0 flipped=0 sinTilt=0
YAWED detId=443325537 signRow=0 signCol=0 flipped=1 sinTilt=0
YAWED detId=443326473 signRow=0 signCol=0 flipped=1 sinTilt=0
YAWED detId=443326477 signRow=1 signCol=0 flipped=0 sinTilt=0
YAWED detId=443326481 signRow=0 signCol=0 flipped=1 sinTilt=0
YAWED detId=443326485 signRow=1 signCol=0 flipped=0 sinTilt=0
YAWED detId=443326489 signRow=0 signCol=0 flipped=1 sinTilt=0
YAWED detId=443326493 signRow=1 signCol=0 flipped=0 sinTilt=0
YAWED detId=443326497 signRow=0 signCol=0 flipped=1 sinTilt=0
YAWED detId=443326501 signRow=1 signCol=0 flipped=0 sinTilt=0
YAWED detId=443326505 signRow=0 signCol=0 flipped=1 sinTilt=0
YAWED detId=443326509 signRow=1 signCol=0 flipped=0 sinTilt=0
YAWED detId=443326517 signRow=1 signCol=0 flipped=0 sinTilt=0
YAWED detId=443326561 signRow=0 signCol=0 flipped=1 sinTilt=0
YAWED detId=443327497 signRow=0 signCol=0 flipped=1 sinTilt=0
YAWED detId=443327501 signRow=1 signCol=0 flipped=0 sinTilt=0
YAWED detId=443327505 signRow=0 signCol=0 flipped=1 sinTilt=0
YAWED detId=443327509 signRow=1 signCol=0 flipped=0 sinTilt=0
YAWED detId=443327513 signRow=0 signCol=0 flipped=1 sinTilt=0
YAWED detId=443327517 signRow=1 signCol=0 flipped=0 sinTilt=0
YAWED detId=443327521 signRow=0 signCol=0 flipped=1 sinTilt=0
YAWED detId=443327525 signRow=1 signCol=0 flipped=0 sinTilt=0
YAWED detId=443327529 signRow=0 signCol=0 flipped=1 sinTilt=0
YAWED detId=443327533 signRow=1 signCol=0 flipped=0 sinTilt=0
YAWED detId=443327541 signRow=1 signCol=0 flipped=0 sinTilt=0
YAWED detId=443327585 signRow=0 signCol=0 flipped=1 sinTilt=0
YAWED detId=443328521 signRow=0 signCol=0 flipped=1 sinTilt=0
YAWED detId=443328525 signRow=1 signCol=0 flipped=0 sinTilt=0
YAWED detId=443328529 signRow=0 signCol=0 flipped=1 sinTilt=0
YAWED detId=443328533 signRow=1 signCol=0 flipped=0 sinTilt=0
YAWED detId=443328537 signRow=0 signCol=0 flipped=1 sinTilt=0
YAWED detId=443328541 signRow=1 signCol=0 flipped=0 sinTilt=0
YAWED detId=443328545 signRow=0 signCol=0 flipped=1 sinTilt=0
YAWED detId=443328549 signRow=1 signCol=0 flipped=0 sinTilt=0
YAWED detId=443328553 signRow=0 signCol=0 flipped=1 sinTilt=0
YAWED detId=443328557 signRow=1 signCol=0 flipped=0 sinTilt=0
YAWED detId=443328565 signRow=1 signCol=0 flipped=0 sinTilt=0
YAWED detId=443328609 signRow=0 signCol=0 flipped=1 sinTilt=0
YAWED detId=443329545 signRow=0 signCol=0 flipped=1 sinTilt=0
YAWED detId=443329549 signRow=1 signCol=0 flipped=0 sinTilt=0
YAWED detId=443329553 signRow=0 signCol=0 flipped=1 sinTilt=0
YAWED detId=443329557 signRow=1 signCol=0 flipped=0 sinTilt=0
YAWED detId=443329561 signRow=0 signCol=0 flipped=1 sinTilt=0
YAWED detId=443329565 signRow=1 signCol=0 flipped=0 sinTilt=0
YAWED detId=443329569 signRow=0 signCol=0 flipped=1 sinTilt=0
YAWED detId=443329573 signRow=1 signCol=0 flipped=0 sinTilt=0
YAWED detId=443329577 signRow=0 signCol=0 flipped=1 sinTilt=0
YAWED detId=443329581 signRow=1 signCol=0 flipped=0 sinTilt=0
YAWED detId=443329589 signRow=1 signCol=0 flipped=0 sinTilt=0
YAWED detId=443329633 signRow=0 signCol=0 flipped=1 sinTilt=0
YAWED detId=443330569 signRow=0 signCol=0 flipped=1 sinTilt=0
YAWED detId=443330573 signRow=1 signCol=0 flipped=0 sinTilt=0
YAWED detId=443330577 signRow=0 signCol=0 flipped=1 sinTilt=0
YAWED detId=443330581 signRow=1 signCol=0 flipped=0 sinTilt=0
YAWED detId=443330585 signRow=0 signCol=0 flipped=1 sinTilt=0
YAWED detId=443330589 signRow=1 signCol=0 flipped=0 sinTilt=0
YAWED detId=443330593 signRow=0 signCol=0 flipped=1 sinTilt=0
YAWED detId=443330597 signRow=1 signCol=0 flipped=0 sinTilt=0
YAWED detId=443330601 signRow=0 signCol=0 flipped=1 sinTilt=0
YAWED detId=443330605 signRow=1 signCol=0 flipped=0 sinTilt=0
YAWED detId=443330613 signRow=1 signCol=0 flipped=0 sinTilt=0
YAWED detId=443330657 signRow=0 signCol=0 flipped=1 sinTilt=0
YAWED detId=443331593 signRow=0 signCol=0 flipped=1 sinTilt=0
YAWED detId=443331597 signRow=1 signCol=0 flipped=0 sinTilt=0
YAWED detId=443331601 signRow=0 signCol=0 flipped=1 sinTilt=0
YAWED detId=443331605 signRow=1 signCol=0 flipped=0 sinTilt=0
YAWED detId=443331609 signRow=0 signCol=0 flipped=1 sinTilt=0
YAWED detId=443331613 signRow=1 signCol=0 flipped=0 sinTilt=0
YAWED detId=443331617 signRow=0 signCol=0 flipped=1 sinTilt=0
YAWED detId=443331621 signRow=1 signCol=0 flipped=0 sinTilt=0
YAWED detId=443331625 signRow=0 signCol=0 flipped=1 sinTilt=0
YAWED detId=443331629 signRow=1 signCol=0 flipped=0 sinTilt=0
YAWED detId=443331637 signRow=1 signCol=0 flipped=0 sinTilt=0
YAWED detId=443331681 signRow=0 signCol=0 flipped=1 sinTilt=0
YAWED detId=443332617 signRow=0 signCol=0 flipped=1 sinTilt=0
YAWED detId=443332621 signRow=1 signCol=0 flipped=0 sinTilt=0
YAWED detId=443332625 signRow=0 signCol=0 flipped=1 sinTilt=0
YAWED detId=443332629 signRow=1 signCol=0 flipped=0 sinTilt=0
YAWED detId=443332633 signRow=0 signCol=0 flipped=1 sinTilt=0
YAWED detId=443332637 signRow=1 signCol=0 flipped=0 sinTilt=0
YAWED detId=443332641 signRow=0 signCol=0 flipped=1 sinTilt=0
YAWED detId=443332645 signRow=1 signCol=0 flipped=0 sinTilt=0
YAWED detId=443332649 signRow=0 signCol=0 flipped=1 sinTilt=0
YAWED detId=443332653 signRow=1 signCol=0 flipped=0 sinTilt=0
YAWED detId=443332661 signRow=1 signCol=0 flipped=0 sinTilt=0
YAWED detId=443332705 signRow=0 signCol=0 flipped=1 sinTilt=0
YAWED detId=443333641 signRow=0 signCol=0 flipped=1 sinTilt=0
YAWED detId=443333645 signRow=1 signCol=0 flipped=0 sinTilt=0
YAWED detId=443333649 signRow=0 signCol=0 flipped=1 sinTilt=0
YAWED detId=443333653 signRow=1 signCol=0 flipped=0 sinTilt=0
YAWED detId=443333657 signRow=0 signCol=0 flipped=1 sinTilt=0
YAWED detId=443333661 signRow=1 signCol=0 flipped=0 sinTilt=0
YAWED detId=443333665 signRow=0 signCol=0 flipped=1 sinTilt=0
YAWED detId=443333669 signRow=1 signCol=0 flipped=0 sinTilt=0
YAWED detId=443333673 signRow=0 signCol=0 flipped=1 sinTilt=0
YAWED detId=443333677 signRow=1 signCol=0 flipped=0 sinTilt=0
YAWED detId=443333685 signRow=1 signCol=0 flipped=0 sinTilt=0
YAWED detId=443333729 signRow=0 signCol=0 flipped=1 sinTilt=0
YAWED detId=443334665 signRow=0 signCol=0 flipped=1 sinTilt=0
YAWED detId=443334669 signRow=1 signCol=0 flipped=0 sinTilt=0
YAWED detId=443334673 signRow=0 signCol=0 flipped=1 sinTilt=0
YAWED detId=443334677 signRow=1 signCol=0 flipped=0 sinTilt=0
YAWED detId=443334681 signRow=0 signCol=0 flipped=1 sinTilt=0
YAWED detId=443334685 signRow=1 signCol=0 flipped=0 sinTilt=0
YAWED detId=443334689 signRow=0 signCol=0 flipped=1 sinTilt=0
YAWED detId=443334693 signRow=1 signCol=0 flipped=0 sinTilt=0
YAWED detId=443334697 signRow=0 signCol=0 flipped=1 sinTilt=0
YAWED detId=443334701 signRow=1 signCol=0 flipped=0 sinTilt=0
YAWED detId=443334709 signRow=1 signCol=0 flipped=0 sinTilt=0
YAWED detId=443334753 signRow=0 signCol=0 flipped=1 sinTilt=0
YAWED detId=443335689 signRow=0 signCol=0 flipped=1 sinTilt=0
YAWED detId=443335693 signRow=1 signCol=0 flipped=0 sinTilt=0
YAWED detId=443335697 signRow=0 signCol=0 flipped=1 sinTilt=0
YAWED detId=443335701 signRow=1 signCol=0 flipped=0 sinTilt=0
YAWED detId=443335705 signRow=0 signCol=0 flipped=1 sinTilt=0
YAWED detId=443335709 signRow=1 signCol=0 flipped=0 sinTilt=0
YAWED detId=443335713 signRow=0 signCol=0 flipped=1 sinTilt=0
YAWED detId=443335717 signRow=1 signCol=0 flipped=0 sinTilt=0
YAWED detId=443335721 signRow=0 signCol=0 flipped=1 sinTilt=0
YAWED detId=443335725 signRow=1 signCol=0 flipped=0 sinTilt=0
YAWED detId=443335733 signRow=1 signCol=0 flipped=0 sinTilt=0
YAWED detId=443335777 signRow=0 signCol=0 flipped=1 sinTilt=0
YAWED detId=443336713 signRow=0 signCol=0 flipped=1 sinTilt=0
YAWED detId=443336717 signRow=1 signCol=0 flipped=0 sinTilt=0
YAWED detId=443336721 signRow=0 signCol=0 flipped=1 sinTilt=0
YAWED detId=443336725 signRow=1 signCol=0 flipped=0 sinTilt=0
YAWED detId=443336729 signRow=0 signCol=0 flipped=1 sinTilt=0
YAWED detId=443336733 signRow=1 signCol=0 flipped=0 sinTilt=0
YAWED detId=443336737 signRow=0 signCol=0 flipped=1 sinTilt=0
YAWED detId=443336741 signRow=1 signCol=0 flipped=0 sinTilt=0
YAWED detId=443336745 signRow=0 signCol=0 flipped=1 sinTilt=0
YAWED detId=443336749 signRow=1 signCol=0 flipped=0 sinTilt=0
YAWED detId=443336757 signRow=1 signCol=0 flipped=0 sinTilt=0
YAWED detId=443336801 signRow=0 signCol=0 flipped=1 sinTilt=0
YAWED detId=443337737 signRow=0 signCol=0 flipped=1 sinTilt=0
YAWED detId=443337741 signRow=1 signCol=0 flipped=0 sinTilt=0
YAWED detId=443337745 signRow=0 signCol=0 flipped=1 sinTilt=0
YAWED detId=443337749 signRow=1 signCol=0 flipped=0 sinTilt=0
YAWED detId=443337753 signRow=0 signCol=0 flipped=1 sinTilt=0
YAWED detId=443337757 signRow=1 signCol=0 flipped=0 sinTilt=0
YAWED detId=443337761 signRow=0 signCol=0 flipped=1 sinTilt=0
YAWED detId=443337765 signRow=1 signCol=0 flipped=0 sinTilt=0
YAWED detId=443337769 signRow=0 signCol=0 flipped=1 sinTilt=0
YAWED detId=443337773 signRow=1 signCol=0 flipped=0 sinTilt=0
YAWED detId=443337781 signRow=1 signCol=0 flipped=0 sinTilt=0
YAWED detId=443337825 signRow=0 signCol=0 flipped=1 sinTilt=0
YAWED detId=443338761 signRow=0 signCol=0 flipped=1 sinTilt=0
YAWED detId=443338765 signRow=1 signCol=0 flipped=0 sinTilt=0
YAWED detId=443338769 signRow=0 signCol=0 flipped=1 sinTilt=0
YAWED detId=443338773 signRow=1 signCol=0 flipped=0 sinTilt=0
YAWED detId=443338777 signRow=0 signCol=0 flipped=1 sinTilt=0
YAWED detId=443338781 signRow=1 signCol=0 flipped=0 sinTilt=0
YAWED detId=443338785 signRow=0 signCol=0 flipped=1 sinTilt=0
YAWED detId=443338789 signRow=1 signCol=0 flipped=0 sinTilt=0
YAWED detId=443338793 signRow=0 signCol=0 flipped=1 sinTilt=0
YAWED detId=443338797 signRow=1 signCol=0 flipped=0 sinTilt=0
YAWED detId=443338805 signRow=1 signCol=0 flipped=0 sinTilt=0
YAWED detId=443338849 signRow=0 signCol=0 flipped=1 sinTilt=0
YAWED detId=443339785 signRow=0 signCol=0 flipped=1 sinTilt=0
YAWED detId=443339789 signRow=1 signCol=0 flipped=0 sinTilt=0
YAWED detId=443339793 signRow=0 signCol=0 flipped=1 sinTilt=0
YAWED detId=443339797 signRow=1 signCol=0 flipped=0 sinTilt=0
YAWED detId=443339801 signRow=0 signCol=0 flipped=1 sinTilt=0
YAWED detId=443339805 signRow=1 signCol=0 flipped=0 sinTilt=0
YAWED detId=443339809 signRow=0 signCol=0 flipped=1 sinTilt=0
YAWED detId=443339813 signRow=1 signCol=0 flipped=0 sinTilt=0
YAWED detId=443339817 signRow=0 signCol=0 flipped=1 sinTilt=0
YAWED detId=443339821 signRow=1 signCol=0 flipped=0 sinTilt=0
YAWED detId=443339829 signRow=1 signCol=0 flipped=0 sinTilt=0
YAWED detId=443339873 signRow=0 signCol=0 flipped=1 sinTilt=0
YAWED detId=443340809 signRow=0 signCol=0 flipped=1 sinTilt=0
YAWED detId=443340813 signRow=1 signCol=0 flipped=0 sinTilt=0
YAWED detId=443340817 signRow=0 signCol=0 flipped=1 sinTilt=0
YAWED detId=443340821 signRow=1 signCol=0 flipped=0 sinTilt=0
YAWED detId=443340825 signRow=0 signCol=0 flipped=1 sinTilt=0
YAWED detId=443340829 signRow=1 signCol=0 flipped=0 sinTilt=0
YAWED detId=443340833 signRow=0 signCol=0 flipped=1 sinTilt=0
YAWED detId=443340837 signRow=1 signCol=0 flipped=0 sinTilt=0
YAWED detId=443340841 signRow=0 signCol=0 flipped=1 sinTilt=0
YAWED detId=443340845 signRow=1 signCol=0 flipped=0 sinTilt=0
YAWED detId=443340853 signRow=1 signCol=0 flipped=0 sinTilt=0
YAWED detId=443340897 signRow=0 signCol=0 flipped=1 sinTilt=0
YAWED detId=443341833 signRow=0 signCol=0 flipped=1 sinTilt=0
YAWED detId=443341837 signRow=1 signCol=0 flipped=0 sinTilt=0
YAWED detId=443341841 signRow=0 signCol=0 flipped=1 sinTilt=0
YAWED detId=443341845 signRow=1 signCol=0 flipped=0 sinTilt=0
YAWED detId=443341849 signRow=0 signCol=0 flipped=1 sinTilt=0
YAWED detId=443341853 signRow=1 signCol=0 flipped=0 sinTilt=0
YAWED detId=443341857 signRow=0 signCol=0 flipped=1 sinTilt=0
YAWED detId=443341861 signRow=1 signCol=0 flipped=0 sinTilt=0
YAWED detId=443341865 signRow=0 signCol=0 flipped=1 sinTilt=0
YAWED detId=443341869 signRow=1 signCol=0 flipped=0 sinTilt=0
YAWED detId=443341877 signRow=1 signCol=0 flipped=0 sinTilt=0
YAWED detId=443341921 signRow=0 signCol=0 flipped=1 sinTilt=0
YAWED detId=443342857 signRow=0 signCol=0 flipped=1 sinTilt=0
YAWED detId=443342861 signRow=1 signCol=0 flipped=0 sinTilt=0
YAWED detId=443342865 signRow=0 signCol=0 flipped=1 sinTilt=0
YAWED detId=443342869 signRow=1 signCol=0 flipped=0 sinTilt=0
YAWED detId=443342873 signRow=0 signCol=0 flipped=1 sinTilt=0
YAWED detId=443342877 signRow=1 signCol=0 flipped=0 sinTilt=0
YAWED detId=443342881 signRow=0 signCol=0 flipped=1 sinTilt=0
YAWED detId=443342885 signRow=1 signCol=0 flipped=0 sinTilt=0
YAWED detId=443342889 signRow=0 signCol=0 flipped=1 sinTilt=0
YAWED detId=443342893 signRow=1 signCol=0 flipped=0 sinTilt=0
YAWED detId=443342901 signRow=1 signCol=0 flipped=0 sinTilt=0
YAWED detId=443342945 signRow=0 signCol=0 flipped=1 sinTilt=0
YAWED detId=443343881 signRow=0 signCol=0 flipped=1 sinTilt=0
YAWED detId=443343885 signRow=1 signCol=0 flipped=0 sinTilt=0
YAWED detId=443343889 signRow=0 signCol=0 flipped=1 sinTilt=0
YAWED detId=443343893 signRow=1 signCol=0 flipped=0 sinTilt=0
YAWED detId=443343897 signRow=0 signCol=0 flipped=1 sinTilt=0
YAWED detId=443343901 signRow=1 signCol=0 flipped=0 sinTilt=0
YAWED detId=443343905 signRow=0 signCol=0 flipped=1 sinTilt=0
YAWED detId=443343909 signRow=1 signCol=0 flipped=0 sinTilt=0
YAWED detId=443343913 signRow=0 signCol=0 flipped=1 sinTilt=0
YAWED detId=443343917 signRow=1 signCol=0 flipped=0 sinTilt=0
YAWED detId=443343925 signRow=1 signCol=0 flipped=0 sinTilt=0
YAWED detId=443343969 signRow=0 signCol=0 flipped=1 sinTilt=0
YAWED detId=443344905 signRow=0 signCol=0 flipped=1 sinTilt=0
YAWED detId=443344909 signRow=1 signCol=0 flipped=0 sinTilt=0
YAWED detId=443344913 signRow=0 signCol=0 flipped=1 sinTilt=0
YAWED detId=443344917 signRow=1 signCol=0 flipped=0 sinTilt=0
YAWED detId=443344921 signRow=0 signCol=0 flipped=1 sinTilt=0
YAWED detId=443344925 signRow=1 signCol=0 flipped=0 sinTilt=0
YAWED detId=443344929 signRow=0 signCol=0 flipped=1 sinTilt=0
YAWED detId=443344933 signRow=1 signCol=0 flipped=0 sinTilt=0
YAWED detId=443344937 signRow=0 signCol=0 flipped=1 sinTilt=0
YAWED detId=443344941 signRow=1 signCol=0 flipped=0 sinTilt=0
YAWED detId=443344949 signRow=1 signCol=0 flipped=0 sinTilt=0
YAWED detId=443344993 signRow=0 signCol=0 flipped=1 sinTilt=0
YAWED detId=443345929 signRow=0 signCol=0 flipped=1 sinTilt=0
YAWED detId=443345933 signRow=1 signCol=0 flipped=0 sinTilt=0
YAWED detId=443345937 signRow=0 signCol=0 flipped=1 sinTilt=0
YAWED detId=443345941 signRow=1 signCol=0 flipped=0 sinTilt=0
YAWED detId=443345945 signRow=0 signCol=0 flipped=1 sinTilt=0
YAWED detId=443345949 signRow=1 signCol=0 flipped=0 sinTilt=0
YAWED detId=443345953 signRow=0 signCol=0 flipped=1 sinTilt=0
YAWED detId=443345957 signRow=1 signCol=0 flipped=0 sinTilt=0
YAWED detId=443345961 signRow=0 signCol=0 flipped=1 sinTilt=0
YAWED detId=443345965 signRow=1 signCol=0 flipped=0 sinTilt=0
YAWED detId=443345973 signRow=1 signCol=0 flipped=0 sinTilt=0
YAWED detId=443346017 signRow=0 signCol=0 flipped=1 sinTilt=0
YAWED detId=443346953 signRow=0 signCol=0 flipped=1 sinTilt=0
YAWED detId=443346957 signRow=1 signCol=0 flipped=0 sinTilt=0
YAWED detId=443346961 signRow=0 signCol=0 flipped=1 sinTilt=0
YAWED detId=443346965 signRow=1 signCol=0 flipped=0 sinTilt=0
YAWED detId=443346969 signRow=0 signCol=0 flipped=1 sinTilt=0
YAWED detId=443346973 signRow=1 signCol=0 flipped=0 sinTilt=0
YAWED detId=443346977 signRow=0 signCol=0 flipped=1 sinTilt=0
YAWED detId=443346981 signRow=1 signCol=0 flipped=0 sinTilt=0
YAWED detId=443346985 signRow=0 signCol=0 flipped=1 sinTilt=0
YAWED detId=443346989 signRow=1 signCol=0 flipped=0 sinTilt=0
YAWED detId=443346997 signRow=1 signCol=0 flipped=0 sinTilt=0
YAWED detId=443347041 signRow=0 signCol=0 flipped=1 sinTilt=0
YAWED detId=443347977 signRow=0 signCol=0 flipped=1 sinTilt=0
YAWED detId=443347981 signRow=1 signCol=0 flipped=0 sinTilt=0
YAWED detId=443347985 signRow=0 signCol=0 flipped=1 sinTilt=0
YAWED detId=443347989 signRow=1 signCol=0 flipped=0 sinTilt=0
YAWED detId=443347993 signRow=0 signCol=0 flipped=1 sinTilt=0
YAWED detId=443347997 signRow=1 signCol=0 flipped=0 sinTilt=0
YAWED detId=443348001 signRow=0 signCol=0 flipped=1 sinTilt=0
YAWED detId=443348005 signRow=1 signCol=0 flipped=0 sinTilt=0
YAWED detId=443348009 signRow=0 signCol=0 flipped=1 sinTilt=0
YAWED detId=443348013 signRow=1 signCol=0 flipped=0 sinTilt=0
YAWED detId=443348021 signRow=1 signCol=0 flipped=0 sinTilt=0
YAWED detId=443348065 signRow=0 signCol=0 flipped=1 sinTilt=0
YAWED detId=443349001 signRow=0 signCol=0 flipped=1 sinTilt=0
YAWED detId=443349005 signRow=1 signCol=0 flipped=0 sinTilt=0
YAWED detId=443349009 signRow=0 signCol=0 flipped=1 sinTilt=0
YAWED detId=443349013 signRow=1 signCol=0 flipped=0 sinTilt=0
YAWED detId=443349017 signRow=0 signCol=0 flipped=1 sinTilt=0
YAWED detId=443349021 signRow=1 signCol=0 flipped=0 sinTilt=0
YAWED detId=443349025 signRow=0 signCol=0 flipped=1 sinTilt=0
YAWED detId=443349029 signRow=1 signCol=0 flipped=0 sinTilt=0
YAWED detId=443349033 signRow=0 signCol=0 flipped=1 sinTilt=0
YAWED detId=443349037 signRow=1 signCol=0 flipped=0 sinTilt=0
YAWED detId=443349045 signRow=1 signCol=0 flipped=0 sinTilt=0
YAWED detId=443349089 signRow=0 signCol=0 flipped=1 sinTilt=0
YAWED detId=443350025 signRow=0 signCol=0 flipped=1 sinTilt=0
YAWED detId=443350029 signRow=1 signCol=0 flipped=0 sinTilt=0
YAWED detId=443350033 signRow=0 signCol=0 flipped=1 sinTilt=0
YAWED detId=443350037 signRow=1 signCol=0 flipped=0 sinTilt=0
YAWED detId=443350041 signRow=0 signCol=0 flipped=1 sinTilt=0
YAWED detId=443350045 signRow=1 signCol=0 flipped=0 sinTilt=0
YAWED detId=443350049 signRow=0 signCol=0 flipped=1 sinTilt=0
YAWED detId=443350053 signRow=1 signCol=0 flipped=0 sinTilt=0
YAWED detId=443350057 signRow=0 signCol=0 flipped=1 sinTilt=0
YAWED detId=443350061 signRow=1 signCol=0 flipped=0 sinTilt=0
YAWED detId=443350069 signRow=1 signCol=0 flipped=0 sinTilt=0
YAWED detId=443350113 signRow=0 signCol=0 flipped=1 sinTilt=0
YAWED detId=443351049 signRow=0 signCol=0 flipped=1 sinTilt=0
YAWED detId=443351053 signRow=1 signCol=0 flipped=0 sinTilt=0
YAWED detId=443351057 signRow=0 signCol=0 flipped=1 sinTilt=0
YAWED detId=443351061 signRow=1 signCol=0 flipped=0 sinTilt=0
YAWED detId=443351065 signRow=0 signCol=0 flipped=1 sinTilt=0
YAWED detId=443351069 signRow=1 signCol=0 flipped=0 sinTilt=0
YAWED detId=443351073 signRow=0 signCol=0 flipped=1 sinTilt=0
YAWED detId=443351077 signRow=1 signCol=0 flipped=0 sinTilt=0
YAWED detId=443351081 signRow=0 signCol=0 flipped=1 sinTilt=0
YAWED detId=443351085 signRow=1 signCol=0 flipped=0 sinTilt=0
YAWED detId=443351093 signRow=1 signCol=0 flipped=0 sinTilt=0
YAWED detId=443351137 signRow=0 signCol=0 flipped=1 sinTilt=0
YAWED detId=443352073 signRow=0 signCol=0 flipped=1 sinTilt=0
YAWED detId=443352077 signRow=1 signCol=0 flipped=0 sinTilt=0
YAWED detId=443352081 signRow=0 signCol=0 flipped=1 sinTilt=0
YAWED detId=443352085 signRow=1 signCol=0 flipped=0 sinTilt=0
YAWED detId=443352089 signRow=0 signCol=0 flipped=1 sinTilt=0
YAWED detId=443352093 signRow=1 signCol=0 flipped=0 sinTilt=0
YAWED detId=443352097 signRow=0 signCol=0 flipped=1 sinTilt=0
YAWED detId=443352101 signRow=1 signCol=0 flipped=0 sinTilt=0
YAWED detId=443352105 signRow=0 signCol=0 flipped=1 sinTilt=0
YAWED detId=443352109 signRow=1 signCol=0 flipped=0 sinTilt=0
YAWED detId=443352117 signRow=1 signCol=0 flipped=0 sinTilt=0
YAWED detId=443352161 signRow=0 signCol=0 flipped=1 sinTilt=0
YAWED detId=443353097 signRow=0 signCol=0 flipped=1 sinTilt=0
YAWED detId=443353101 signRow=1 signCol=0 flipped=0 sinTilt=0
YAWED detId=443353105 signRow=0 signCol=0 flipped=1 sinTilt=0
YAWED detId=443353109 signRow=1 signCol=0 flipped=0 sinTilt=0
YAWED detId=443353113 signRow=0 signCol=0 flipped=1 sinTilt=0
YAWED detId=443353117 signRow=1 signCol=0 flipped=0 sinTilt=0
YAWED detId=443353121 signRow=0 signCol=0 flipped=1 sinTilt=0
YAWED detId=443353125 signRow=1 signCol=0 flipped=0 sinTilt=0
YAWED detId=443353129 signRow=0 signCol=0 flipped=1 sinTilt=0
YAWED detId=443353133 signRow=1 signCol=0 flipped=0 sinTilt=0
YAWED detId=443353141 signRow=1 signCol=0 flipped=0 sinTilt=0
YAWED detId=443353185 signRow=0 signCol=0 flipped=1 sinTilt=0
YAWED detId=443354121 signRow=0 signCol=0 flipped=1 sinTilt=0
YAWED detId=443354125 signRow=1 signCol=0 flipped=0 sinTilt=0
YAWED detId=443354129 signRow=0 signCol=0 flipped=1 sinTilt=0
YAWED detId=443354133 signRow=1 signCol=0 flipped=0 sinTilt=0
YAWED detId=443354137 signRow=0 signCol=0 flipped=1 sinTilt=0
YAWED detId=443354141 signRow=1 signCol=0 flipped=0 sinTilt=0
YAWED detId=443354145 signRow=0 signCol=0 flipped=1 sinTilt=0
YAWED detId=443354149 signRow=1 signCol=0 flipped=0 sinTilt=0
YAWED detId=443354153 signRow=0 signCol=0 flipped=1 sinTilt=0
YAWED detId=443354157 signRow=1 signCol=0 flipped=0 sinTilt=0
YAWED detId=443354165 signRow=1 signCol=0 flipped=0 sinTilt=0
YAWED detId=443354209 signRow=0 signCol=0 flipped=1 sinTilt=0
YAWED detId=443355145 signRow=0 signCol=0 flipped=1 sinTilt=0
YAWED detId=443355149 signRow=1 signCol=0 flipped=0 sinTilt=0
YAWED detId=443355153 signRow=0 signCol=0 flipped=1 sinTilt=0
YAWED detId=443355157 signRow=1 signCol=0 flipped=0 sinTilt=0
YAWED detId=443355161 signRow=0 signCol=0 flipped=1 sinTilt=0
YAWED detId=443355165 signRow=1 signCol=0 flipped=0 sinTilt=0
YAWED detId=443355169 signRow=0 signCol=0 flipped=1 sinTilt=0
YAWED detId=443355173 signRow=1 signCol=0 flipped=0 sinTilt=0
YAWED detId=443355177 signRow=0 signCol=0 flipped=1 sinTilt=0
YAWED detId=443355181 signRow=1 signCol=0 flipped=0 sinTilt=0
YAWED detId=443355189 signRow=1 signCol=0 flipped=0 sinTilt=0
YAWED detId=443355233 signRow=0 signCol=0 flipped=1 sinTilt=0
YAWED detId=443356169 signRow=0 signCol=0 flipped=1 sinTilt=0
YAWED detId=443356173 signRow=1 signCol=0 flipped=0 sinTilt=0
YAWED detId=443356177 signRow=0 signCol=0 flipped=1 sinTilt=0
YAWED detId=443356181 signRow=1 signCol=0 flipped=0 sinTilt=0
YAWED detId=443356185 signRow=0 signCol=0 flipped=1 sinTilt=0
YAWED detId=443356189 signRow=1 signCol=0 flipped=0 sinTilt=0
YAWED detId=443356193 signRow=0 signCol=0 flipped=1 sinTilt=0
YAWED detId=443356197 signRow=1 signCol=0 flipped=0 sinTilt=0
YAWED detId=443356201 signRow=0 signCol=0 flipped=1 sinTilt=0
YAWED detId=443356205 signRow=1 signCol=0 flipped=0 sinTilt=0
YAWED detId=443356213 signRow=1 signCol=0 flipped=0 sinTilt=0
YAWED detId=443356257 signRow=0 signCol=0 flipped=1 sinTilt=0
YAWED detId=443357193 signRow=0 signCol=0 flipped=1 sinTilt=0
YAWED detId=443357197 signRow=1 signCol=0 flipped=0 sinTilt=0
YAWED detId=443357201 signRow=0 signCol=0 flipped=1 sinTilt=0
YAWED detId=443357205 signRow=1 signCol=0 flipped=0 sinTilt=0
YAWED detId=443357209 signRow=0 signCol=0 flipped=1 sinTilt=0
YAWED detId=443357213 signRow=1 signCol=0 flipped=0 sinTilt=0
YAWED detId=443357217 signRow=0 signCol=0 flipped=1 sinTilt=0
YAWED detId=443357221 signRow=1 signCol=0 flipped=0 sinTilt=0
YAWED detId=443357225 signRow=0 signCol=0 flipped=1 sinTilt=0
YAWED detId=443357229 signRow=1 signCol=0 flipped=0 sinTilt=0
YAWED detId=443357237 signRow=1 signCol=0 flipped=0 sinTilt=0
YAWED detId=443357281 signRow=0 signCol=0 flipped=1 sinTilt=0
YAWED detId=443358217 signRow=0 signCol=0 flipped=1 sinTilt=0
YAWED detId=443358221 signRow=1 signCol=0 flipped=0 sinTilt=0
YAWED detId=443358225 signRow=0 signCol=0 flipped=1 sinTilt=0
YAWED detId=443358229 signRow=1 signCol=0 flipped=0 sinTilt=0
YAWED detId=443358233 signRow=0 signCol=0 flipped=1 sinTilt=0
YAWED detId=443358237 signRow=1 signCol=0 flipped=0 sinTilt=0
YAWED detId=443358241 signRow=0 signCol=0 flipped=1 sinTilt=0
YAWED detId=443358245 signRow=1 signCol=0 flipped=0 sinTilt=0
YAWED detId=443358249 signRow=0 signCol=0 flipped=1 sinTilt=0
YAWED detId=443358253 signRow=1 signCol=0 flipped=0 sinTilt=0
YAWED detId=443358261 signRow=1 signCol=0 flipped=0 sinTilt=0
YAWED detId=443358305 signRow=0 signCol=0 flipped=1 sinTilt=0
YAWED detId=443359241 signRow=0 signCol=0 flipped=1 sinTilt=0
YAWED detId=443359245 signRow=1 signCol=0 flipped=0 sinTilt=0
YAWED detId=443359249 signRow=0 signCol=0 flipped=1 sinTilt=0
YAWED detId=443359253 signRow=1 signCol=0 flipped=0 sinTilt=0
YAWED detId=443359257 signRow=0 signCol=0 flipped=1 sinTilt=0
YAWED detId=443359261 signRow=1 signCol=0 flipped=0 sinTilt=0
YAWED detId=443359265 signRow=0 signCol=0 flipped=1 sinTilt=0
YAWED detId=443359269 signRow=1 signCol=0 flipped=0 sinTilt=0
YAWED detId=443359273 signRow=0 signCol=0 flipped=1 sinTilt=0
YAWED detId=443359277 signRow=1 signCol=0 flipped=0 sinTilt=0
YAWED detId=443359285 signRow=1 signCol=0 flipped=0 sinTilt=0
YAWED detId=443359329 signRow=0 signCol=0 flipped=1 sinTilt=0
YAWED detId=443360265 signRow=0 signCol=0 flipped=1 sinTilt=0
YAWED detId=443360269 signRow=1 signCol=0 flipped=0 sinTilt=0
YAWED detId=443360273 signRow=0 signCol=0 flipped=1 sinTilt=0
YAWED detId=443360277 signRow=1 signCol=0 flipped=0 sinTilt=0
YAWED detId=443360281 signRow=0 signCol=0 flipped=1 sinTilt=0
YAWED detId=443360285 signRow=1 signCol=0 flipped=0 sinTilt=0
YAWED detId=443360289 signRow=0 signCol=0 flipped=1 sinTilt=0
YAWED detId=443360293 signRow=1 signCol=0 flipped=0 sinTilt=0
YAWED detId=443360297 signRow=0 signCol=0 flipped=1 sinTilt=0
YAWED detId=443360301 signRow=1 signCol=0 flipped=0 sinTilt=0
YAWED detId=443360309 signRow=1 signCol=0 flipped=0 sinTilt=0
YAWED detId=443360353 signRow=0 signCol=0 flipped=1 sinTilt=0
YAWED detId=443361289 signRow=0 signCol=0 flipped=1 sinTilt=0
YAWED detId=443361293 signRow=1 signCol=0 flipped=0 sinTilt=0
YAWED detId=443361297 signRow=0 signCol=0 flipped=1 sinTilt=0
YAWED detId=443361301 signRow=1 signCol=0 flipped=0 sinTilt=0
YAWED detId=443361305 signRow=0 signCol=0 flipped=1 sinTilt=0
YAWED detId=443361309 signRow=1 signCol=0 flipped=0 sinTilt=0
YAWED detId=443361313 signRow=0 signCol=0 flipped=1 sinTilt=0
YAWED detId=443361317 signRow=1 signCol=0 flipped=0 sinTilt=0
YAWED detId=443361321 signRow=0 signCol=0 flipped=1 sinTilt=0
YAWED detId=443361325 signRow=1 signCol=0 flipped=0 sinTilt=0
YAWED detId=443361333 signRow=1 signCol=0 flipped=0 sinTilt=0
YAWED detId=443361377 signRow=0 signCol=0 flipped=1 sinTilt=0
YAWED detId=443362313 signRow=0 signCol=0 flipped=1 sinTilt=0
YAWED detId=443362317 signRow=1 signCol=0 flipped=0 sinTilt=0
YAWED detId=443362321 signRow=0 signCol=0 flipped=1 sinTilt=0
YAWED detId=443362325 signRow=1 signCol=0 flipped=0 sinTilt=0
YAWED detId=443362329 signRow=0 signCol=0 flipped=1 sinTilt=0
YAWED detId=443362333 signRow=1 signCol=0 flipped=0 sinTilt=0
YAWED detId=443362337 signRow=0 signCol=0 flipped=1 sinTilt=0
YAWED detId=443362341 signRow=1 signCol=0 flipped=0 sinTilt=0
YAWED detId=443362345 signRow=0 signCol=0 flipped=1 sinTilt=0
YAWED detId=443362349 signRow=1 signCol=0 flipped=0 sinTilt=0
YAWED detId=443362357 signRow=1 signCol=0 flipped=0 sinTilt=0
YAWED detId=443362401 signRow=0 signCol=0 flipped=1 sinTilt=0
YAWED detId=443363337 signRow=0 signCol=0 flipped=1 sinTilt=0
YAWED detId=443363341 signRow=1 signCol=0 flipped=0 sinTilt=0
YAWED detId=443363345 signRow=0 signCol=0 flipped=1 sinTilt=0
YAWED detId=443363349 signRow=1 signCol=0 flipped=0 sinTilt=0
YAWED detId=443363353 signRow=0 signCol=0 flipped=1 sinTilt=0
YAWED detId=443363357 signRow=1 signCol=0 flipped=0 sinTilt=0
YAWED detId=443363361 signRow=0 signCol=0 flipped=1 sinTilt=0
YAWED detId=443363365 signRow=1 signCol=0 flipped=0 sinTilt=0
YAWED detId=443363369 signRow=0 signCol=0 flipped=1 sinTilt=0
YAWED detId=443363373 signRow=1 signCol=0 flipped=0 sinTilt=0
YAWED detId=443363381 signRow=1 signCol=0 flipped=0 sinTilt=0
YAWED detId=443363425 signRow=0 signCol=0 flipped=1 sinTilt=0
Begin processing the 1st record. Run 1, Event 8, LumiSection 1 on stream 9 at 08-Sep-2026 16:50:13.136 CEST
Begin processing the 2nd record. Run 1, Event 7, LumiSection 1 on stream 10 at 08-Sep-2026 16:50:13.136 CEST
Begin processing the 3rd record. Run 1, Event 1, LumiSection 1 on stream 7 at 08-Sep-2026 16:50:13.137 CEST
Begin processing the 4th record. Run 1, Event 15, LumiSection 1 on stream 1 at 08-Sep-2026 16:50:13.137 CEST
Begin processing the 5th record. Run 1, Event 13, LumiSection 1 on stream 0 at 08-Sep-2026 16:50:13.138 CEST
Begin processing the 6th record. Run 1, Event 14, LumiSection 1 on stream 13 at 08-Sep-2026 16:50:13.138 CEST
Begin processing the 7th record. Run 1, Event 4, LumiSection 1 on stream 15 at 08-Sep-2026 16:50:13.138 CEST
Begin processing the 8th record. Run 1, Event 2, LumiSection 1 on stream 3 at 08-Sep-2026 16:50:13.139 CEST
Begin processing the 9th record. Run 1, Event 17, LumiSection 1 on stream 6 at 08-Sep-2026 16:50:13.140 CEST
Begin processing the 10th record. Run 1, Event 6, LumiSection 1 on stream 8 at 08-Sep-2026 16:50:13.140 CEST
Begin processing the 11th record. Run 1, Event 16, LumiSection 1 on stream 14 at 08-Sep-2026 16:50:13.141 CEST
Begin processing the 12th record. Run 1, Event 11, LumiSection 1 on stream 12 at 08-Sep-2026 16:50:13.142 CEST
Begin processing the 13th record. Run 1, Event 5, LumiSection 1 on stream 11 at 08-Sep-2026 16:50:13.142 CEST
Begin processing the 14th record. Run 1, Event 22, LumiSection 1 on stream 5 at 08-Sep-2026 16:50:13.142 CEST
Begin processing the 15th record. Run 1, Event 3, LumiSection 1 on stream 4 at 08-Sep-2026 16:50:13.143 CEST
Begin processing the 16th record. Run 1, Event 21, LumiSection 1 on stream 2 at 08-Sep-2026 16:50:13.143 CEST
#--------------------------------------------------------------------------
#                         FastJet release 3.4.1
#                 M. Cacciari, G.P. Salam and G. Soyez                  
#     A software package for jet finding and analysis at colliders      
#                           http://fastjet.fr                           
#	                                                                      
# Please cite EPJC72(2012)1896 [arXiv:1111.6097] if you use this package
# for scientific work and optionally PLB641(2006)57 [hep-ph/0512210].   
#                                                                       
# FastJet is provided without warranty under the GNU GPL v2 or higher.  
# It uses T. Chan's closest pair algorithm, S. Fortune's Voronoi code
# and 3rd party plugin jet algorithms. See COPYING file for details.
#--------------------------------------------------------------------------
%MSG-w GEMClusterProcessor:   CSCTriggerPrimitivesProducer:simCscTriggerPrimitiveDigis  08-Sep-2026 16:50:21 CEST Run: 1 Event: 15
Encountered unphysical GEM pads when making a coincidence cluster, resetting cluster to empty.
%MSG
%MSG-w GEMClusterProcessor:   CSCTriggerPrimitivesProducer:simCscTriggerPrimitiveDigis  08-Sep-2026 16:50:21 CEST Run: 1 Event: 15
Encountered unphysical GEM pads when making a single cluster, resetting cluster to empty.
%MSG
%MSG-w GEMClusterProcessor:   CSCTriggerPrimitivesProducer:simCscTriggerPrimitiveDigis  08-Sep-2026 16:50:21 CEST Run: 1 Event: 15
Encountered unphysical GEM pads when making a single cluster, resetting cluster to empty.
%MSG
%MSG-w GEMClusterProcessor:   CSCTriggerPrimitivesProducer:simCscTriggerPrimitiveDigis  08-Sep-2026 16:50:21 CEST Run: 1 Event: 14
Encountered unphysical GEM pads when making a coincidence cluster, resetting cluster to empty.
%MSG
%MSG-w GEMClusterProcessor:   CSCTriggerPrimitivesProducer:simCscTriggerPrimitiveDigis  08-Sep-2026 16:50:21 CEST Run: 1 Event: 14
Encountered unphysical GEM pads when making a single cluster, resetting cluster to empty.
%MSG
%MSG-w GEMClusterProcessor:   CSCTriggerPrimitivesProducer:simCscTriggerPrimitiveDigis  08-Sep-2026 16:50:21 CEST Run: 1 Event: 14
Encountered unphysical GEM pads when making a single cluster, resetting cluster to empty.
%MSG
%MSG-w GEMClusterProcessor:   CSCTriggerPrimitivesProducer:simCscTriggerPrimitiveDigis  08-Sep-2026 16:50:22 CEST Run: 1 Event: 3
Encountered unphysical GEM pads when making a single cluster, resetting cluster to empty.
%MSG
%MSG-w GEMClusterProcessor:   CSCTriggerPrimitivesProducer:simCscTriggerPrimitiveDigis  08-Sep-2026 16:50:22 CEST Run: 1 Event: 5
Encountered unphysical GEM pads when making a single cluster, resetting cluster to empty.
%MSG
%MSG-w GEMClusterProcessor:   CSCTriggerPrimitivesProducer:simCscTriggerPrimitiveDigis  08-Sep-2026 16:50:22 CEST Run: 1 Event: 5
Encountered unphysical GEM pads when making a single cluster, resetting cluster to empty.
%MSG
%MSG-e Tracklet:  L1FPGATrackProducer:l1tTTTracksFromTrackletEmulation  08-Sep-2026 16:50:22 CEST Run: 1 Event: 1
PHIRES detId=437783625 dphi=-0.00264135 tilted=1 flipped=1
%MSG
cmsRun: src/L1Trigger/TrackFindingTracklet/src/MatchProcessor.cc:526: bool trklet::MatchProcessor::matchCalculator(trklet::Tracklet*, const trklet::Stub*, bool, unsigned int): Assertion `std::abs(dphi) < 0.001' failed.


A fatal system signal has occurred: abort signal
The following is the call stack containing the origin of the signal.

Tue Sep  8 16:50:22 CEST 2026
Thread 20 (Thread 0x7f74e1bff640 (LWP 1186871) "cmsRun"):
#0  0x00007f75088da38f in wait4 () from /lib64/libc.so.6
#1  0x00007f7502847318 in edm::service::cmssw_stacktrace_fork() () from /cvmfs/cms.cern.ch/el9_amd64_gcc13/cms/cmssw/CMSSW_20_0_0/lib/el9_amd64_gcc13/pluginFWCoreServicesPlugins.so
#2  0x00007f7502848e12 in edm::service::InitRootHandlers::stacktraceHelperThread() () from /cvmfs/cms.cern.ch/el9_amd64_gcc13/cms/cmssw/CMSSW_20_0_0/lib/el9_amd64_gcc13/pluginFWCoreServicesPlugins.so
#3  0x00007f7508ce1c94 in std::execute_native_thread_routine (__p=0x7f74e4977f60) at ../../../../../libstdc++-v3/src/c++11/thread.cc:104
#4  0x00007f750888b569 in start_thread () from /lib64/libc.so.6
#5  0x00007f7508910760 in clone3 () from /lib64/libc.so.6
Thread 19 (Thread 0x7f74b4eb3640 (LWP 1186940) "cmsRun"):
#0  0x00007f75088d5b25 in clock_nanosleep@GLIBC_2.2.5 () from /lib64/libc.so.6
#1  0x00007f75088da5d7 in nanosleep () from /lib64/libc.so.6
#2  0x00007f75088da50e in sleep () from /lib64/libc.so.6
#3  0x00007f75028471ac in sig_pause_for_stacktrace () from /cvmfs/cms.cern.ch/el9_amd64_gcc13/cms/cmssw/CMSSW_20_0_0/lib/el9_amd64_gcc13/pluginFWCoreServicesPlugins.so
#4  <signal handler called>
#5  0x00007f74bb1dfff2 in alpaka::TaskKernelCpuSerial<std::integral_constant<unsigned long, 3ul>, unsigned int, alpaka_serial_sync::lst::CountMiniDoubletConnectionsT<false>, lst::ModulesSoALayout<128ul, false>::ConstViewTemplateFreeParams<128ul, false, true, true> const, lst::MiniDoubletsSoALayout<128ul, false>::ViewTemplateFreeParams<128ul, false, true, true>, lst::MiniDoubletsOccupancySoALayout<128ul, false>::ConstViewTemplateFreeParams<128ul, false, true, true> const, lst::ObjectRangesSoALayout<128ul, false>::ConstViewTemplateFreeParams<128ul, false, true, true> const&, float const&>::operator()() const () from /cvmfs/cms.cern.ch/el9_amd64_gcc13/cms/cmssw/CMSSW_20_0_0/lib/el9_amd64_gcc13/libRecoTrackerLSTCoreSerialSync.so
#6  0x00007f74bb1c1b77 in alpaka_serial_sync::lst::LSTEvent::createSegmentsWithModuleMap() () from /cvmfs/cms.cern.ch/el9_amd64_gcc13/cms/cmssw/CMSSW_20_0_0/lib/el9_amd64_gcc13/libRecoTrackerLSTCoreSerialSync.so
#7  0x00007f74bb1b7fc9 in alpaka_serial_sync::lst::LST::run(alpaka::QueueGenericThreadsBlocking<alpaka::DevCpu>&, bool, float, unsigned short, lst::LSTESData<alpaka::DevCpu> const*, PortableHostCollection<lst::LSTInputSoALayout<128ul, false> > const*, bool, bool, bool) () from /cvmfs/cms.cern.ch/el9_amd64_gcc13/cms/cmssw/CMSSW_20_0_0/lib/el9_amd64_gcc13/libRecoTrackerLSTCoreSerialSync.so
#8  0x00007f74bb2ff7c5 in alpaka_serial_sync::LSTProducer::produce(edm::StreamID, alpaka_serial_sync::device::Event&, alpaka_serial_sync::device::EventSetup const&) const () from /cvmfs/cms.cern.ch/el9_amd64_gcc13/cms/cmssw/CMSSW_20_0_0/lib/el9_amd64_gcc13/pluginRecoTrackerLSTPluginsPortableSerialSync.so
#9  0x00007f74bb2f674c in alpaka_serial_sync::global::EDProducer<>::produce(edm::StreamID, edm::Event&, edm::EventSetup const&) const [clone .lto_priv.0] () from /cvmfs/cms.cern.ch/el9_amd64_gcc13/cms/cmssw/CMSSW_20_0_0/lib/el9_amd64_gcc13/pluginRecoTrackerLSTPluginsPortableSerialSync.so
#10 0x00007f7509a42121 in edm::global::EDProducerBase::doEvent(edm::EventTransitionInfo const&, edm::ActivityRegistry*, edm::ModuleCallingContext const*) () from /cvmfs/cms.cern.ch/el9_amd64_gcc13/cms/cmssw/CMSSW_20_0_0/lib/el9_amd64_gcc13/libFWCoreFramework.so
#11 0x00007f7509a3ba57 in edm::WorkerT<edm::global::EDProducerBase>::implDo(edm::EventTransitionInfo const&, edm::ModuleCallingContext const*) () from /cvmfs/cms.cern.ch/el9_amd64_gcc13/cms/cmssw/CMSSW_20_0_0/lib/el9_amd64_gcc13/libFWCoreFramework.so
#12 0x00007f75099ccc52 in std::__exception_ptr::exception_ptr edm::Worker::runModuleAfterAsyncPrefetch<edm::OccurrenceTraits<edm::EventPrincipal, (edm::TransitionActionType)1> >(std::__exception_ptr::exception_ptr, edm::OccurrenceTraits<edm::EventPrincipal, (edm::TransitionActionType)1>::TransitionInfoType const&, edm::StreamID, edm::ParentContext const&, edm::OccurrenceTraits<edm::EventPrincipal, (edm::TransitionActionType)1>::Context const*) () from /cvmfs/cms.cern.ch/el9_amd64_gcc13/cms/cmssw/CMSSW_20_0_0/lib/el9_amd64_gcc13/libFWCoreFramework.so
#13 0x00007f75099cd164 in edm::Worker::RunModuleTask<edm::OccurrenceTraits<edm::EventPrincipal, (edm::TransitionActionType)1> >::execute() () from /cvmfs/cms.cern.ch/el9_amd64_gcc13/cms/cmssw/CMSSW_20_0_0/lib/el9_amd64_gcc13/libFWCoreFramework.so
#14 0x00007f7509b6ae64 in tbb::detail::d2::function_task<edm::WaitingTaskList::announce()::{lambda()#1}>::execute(tbb::detail::d1::execution_data&) () from /cvmfs/cms.cern.ch/el9_amd64_gcc13/cms/cmssw/CMSSW_20_0_0/lib/el9_amd64_gcc13/libFWCoreConcurrency.so
#15 0x00007f750954f19b in tbb::detail::r1::task_dispatcher::local_wait_for_all<false, tbb::detail::r1::outermost_worker_waiter> (t=<optimized out>, waiter=..., this=0x7f7503e78d80) at src/tbb/task_dispatcher.h:344
#16 tbb::detail::r1::task_dispatcher::local_wait_for_all<tbb::detail::r1::outermost_worker_waiter> (t=0x0, waiter=..., this=0x7f7503e78d80) at src/tbb/task_dispatcher.h:487
#17 tbb::detail::r1::arena::process (tls=..., this=<optimized out>) at src/tbb/arena.cpp:216
#18 tbb::detail::r1::thread_dispatcher_client::process (td=..., this=<optimized out>) at src/tbb/thread_dispatcher_client.h:41
#19 tbb::detail::r1::thread_dispatcher::process (this=<optimized out>, j=...) at src/tbb/thread_dispatcher.cpp:195
#20 0x00007f7509542c75 in tbb::detail::r1::rml::private_worker::run (this=0x7f7503e71080) at src/tbb/private_server.cpp:271
#21 tbb::detail::r1::rml::private_worker::thread_routine (arg=0x7f7503e71080) at src/tbb/private_server.cpp:221
#22 0x00007f750888b569 in start_thread () from /lib64/libc.so.6
#23 0x00007f7508910760 in clone3 () from /lib64/libc.so.6
Thread 18 (Thread 0x7f74b44b2640 (LWP 1186941) "cmsRun"):
#0  0x00007f75088d5b25 in clock_nanosleep@GLIBC_2.2.5 () from /lib64/libc.so.6
#1  0x00007f75088da5d7 in nanosleep () from /lib64/libc.so.6
#2  0x00007f75088da50e in sleep () from /lib64/libc.so.6
#3  0x00007f75028471ac in sig_pause_for_stacktrace () from /cvmfs/cms.cern.ch/el9_amd64_gcc13/cms/cmssw/CMSSW_20_0_0/lib/el9_amd64_gcc13/pluginFWCoreServicesPlugins.so
#4  <signal handler called>
#5  0x00007f74da5daaac in TrackerGeometry::getDetectorType(DetId) const () from /cvmfs/cms.cern.ch/el9_amd64_gcc13/cms/cmssw/CMSSW_20_0_0/lib/el9_amd64_gcc13/libGeometryTrackerGeometryBuilder.so
#6  0x00007f74b9f57f4b in TTClusterBuilder<edm::Ref<edm::DetSetVector<io_v1::Phase2TrackerDigi>, io_v1::Phase2TrackerDigi, edm::refhelper::FindForDetSetVector<io_v1::Phase2TrackerDigi> > >::produce(edm::Event&, edm::EventSetup const&) () from /home/garibeir/CMSSW_20_0_0_patch1/lib/el9_amd64_gcc13/pluginTrackTriggerPlugins.so
#7  0x00007f7509a55512 in edm::stream::EDProducerAdaptorBase::doEvent(edm::EventTransitionInfo const&, edm::ActivityRegistry*, edm::ModuleCallingContext const*) () from /cvmfs/cms.cern.ch/el9_amd64_gcc13/cms/cmssw/CMSSW_20_0_0/lib/el9_amd64_gcc13/libFWCoreFramework.so
#8  0x00007f7509a3c3f7 in edm::WorkerT<edm::stream::EDProducerAdaptorBase>::implDo(edm::EventTransitionInfo const&, edm::ModuleCallingContext const*) () from /cvmfs/cms.cern.ch/el9_amd64_gcc13/cms/cmssw/CMSSW_20_0_0/lib/el9_amd64_gcc13/libFWCoreFramework.so
#9  0x00007f75099ccc52 in std::__exception_ptr::exception_ptr edm::Worker::runModuleAfterAsyncPrefetch<edm::OccurrenceTraits<edm::EventPrincipal, (edm::TransitionActionType)1> >(std::__exception_ptr::exception_ptr, edm::OccurrenceTraits<edm::EventPrincipal, (edm::TransitionActionType)1>::TransitionInfoType const&, edm::StreamID, edm::ParentContext const&, edm::OccurrenceTraits<edm::EventPrincipal, (edm::TransitionActionType)1>::Context const*) () from /cvmfs/cms.cern.ch/el9_amd64_gcc13/cms/cmssw/CMSSW_20_0_0/lib/el9_amd64_gcc13/libFWCoreFramework.so
#10 0x00007f75099cd164 in edm::Worker::RunModuleTask<edm::OccurrenceTraits<edm::EventPrincipal, (edm::TransitionActionType)1> >::execute() () from /cvmfs/cms.cern.ch/el9_amd64_gcc13/cms/cmssw/CMSSW_20_0_0/lib/el9_amd64_gcc13/libFWCoreFramework.so
#11 0x00007f7509b6ae64 in tbb::detail::d2::function_task<edm::WaitingTaskList::announce()::{lambda()#1}>::execute(tbb::detail::d1::execution_data&) () from /cvmfs/cms.cern.ch/el9_amd64_gcc13/cms/cmssw/CMSSW_20_0_0/lib/el9_amd64_gcc13/libFWCoreConcurrency.so
#12 0x00007f750954f19b in tbb::detail::r1::task_dispatcher::local_wait_for_all<false, tbb::detail::r1::outermost_worker_waiter> (t=<optimized out>, waiter=..., this=0x7f7503e78e80) at src/tbb/task_dispatcher.h:344
#13 tbb::detail::r1::task_dispatcher::local_wait_for_all<tbb::detail::r1::outermost_worker_waiter> (t=0x0, waiter=..., this=0x7f7503e78e80) at src/tbb/task_dispatcher.h:487
#14 tbb::detail::r1::arena::process (tls=..., this=<optimized out>) at src/tbb/arena.cpp:216
#15 tbb::detail::r1::thread_dispatcher_client::process (td=..., this=<optimized out>) at src/tbb/thread_dispatcher_client.h:41
#16 tbb::detail::r1::thread_dispatcher::process (this=<optimized out>, j=...) at src/tbb/thread_dispatcher.cpp:195
#17 0x00007f7509542c75 in tbb::detail::r1::rml::private_worker::run (this=0x7f7503e71100) at src/tbb/private_server.cpp:271
#18 tbb::detail::r1::rml::private_worker::thread_routine (arg=0x7f7503e71100) at src/tbb/private_server.cpp:221
#19 0x00007f750888b569 in start_thread () from /lib64/libc.so.6
#20 0x00007f7508910760 in clone3 () from /lib64/libc.so.6
Thread 17 (Thread 0x7f74b33ff640 (LWP 1186942) "cmsRun"):
#0  0x00007f75088d5b25 in clock_nanosleep@GLIBC_2.2.5 () from /lib64/libc.so.6
#1  0x00007f75088da5d7 in nanosleep () from /lib64/libc.so.6
#2  0x00007f75088da50e in sleep () from /lib64/libc.so.6
#3  0x00007f75028471ac in sig_pause_for_stacktrace () from /cvmfs/cms.cern.ch/el9_amd64_gcc13/cms/cmssw/CMSSW_20_0_0/lib/el9_amd64_gcc13/pluginFWCoreServicesPlugins.so
#4  <signal handler called>
#5  0x00007f74f4143ca2 in BasicTrajectoryState::BasicTrajectoryState(LocalTrajectoryParameters const&, LocalTrajectoryError const&, Surface const&, MagneticField const*, SurfaceSideDefinition::SurfaceSide) () from /cvmfs/cms.cern.ch/el9_amd64_gcc13/cms/cmssw/CMSSW_20_0_0/lib/el9_amd64_gcc13/libTrackingToolsTrajectoryState.so
#6  0x00007f74d9728a47 in TrajectoryStateCombiner::combine(TrajectoryStateOnSurface const&, TrajectoryStateOnSurface const&) const () from /cvmfs/cms.cern.ch/el9_amd64_gcc13/cms/cmssw/CMSSW_20_0_0/lib/el9_amd64_gcc13/libTrackingToolsTrackFitters.so
#7  0x00007f7492adf074 in trajectoryToResiduals(Trajectory const&) () from /cvmfs/cms.cern.ch/el9_amd64_gcc13/cms/cmssw-patch/CMSSW_20_0_0_patch1/lib/el9_amd64_gcc13/libRecoTrackerTrackProducer.so
#8  0x00007f7492ae39fd in KfTrackProducerBase::putInEvt(edm::Event&, Propagator const*, MeasurementTracker const*, std::unique_ptr<edm::OwnVector<io_v1::TrackingRecHit, edm::ClonePolicy<io_v1::TrackingRecHit> >, std::default_delete<edm::OwnVector<io_v1::TrackingRecHit, edm::ClonePolicy<io_v1::TrackingRecHit> > > >&, std::unique_ptr<std::vector<reco::io_v1::Track, std::allocator<reco::io_v1::Track> >, std::default_delete<std::vector<reco::io_v1::Track, std::allocator<reco::io_v1::Track> > > >&, std::unique_ptr<std::vector<reco::io_v1::TrackExtra, std::allocator<reco::io_v1::TrackExtra> >, std::default_delete<std::vector<reco::io_v1::TrackExtra, std::allocator<reco::io_v1::TrackExtra> > > >&, std::unique_ptr<std::vector<Trajectory, std::allocator<Trajectory> >, std::default_delete<std::vector<Trajectory, std::allocator<Trajectory> > > >&, std::unique_ptr<std::vector<int, std::allocator<int> >, std::default_delete<std::vector<int, std::allocator<int> > > >&, std::vector<AlgoProductTraits<reco::io_v1::Track>::AlgoProduct, std::allocator<AlgoProductTraits<reco::io_v1::Track>::AlgoProduct> >&, TransientTrackingRecHitBuilder const*, TrackerTopology const*, int) () from /cvmfs/cms.cern.ch/el9_amd64_gcc13/cms/cmssw-patch/CMSSW_20_0_0_patch1/lib/el9_amd64_gcc13/libRecoTrackerTrackProducer.so
#9  0x00007f7492b6ba5b in TrackProducer::produce(edm::Event&, edm::EventSetup const&) () from /cvmfs/cms.cern.ch/el9_amd64_gcc13/cms/cmssw-patch/CMSSW_20_0_0_patch1/lib/el9_amd64_gcc13/pluginRecoTrackerTrackProducerPlugins.so
#10 0x00007f7509a55512 in edm::stream::EDProducerAdaptorBase::doEvent(edm::EventTransitionInfo const&, edm::ActivityRegistry*, edm::ModuleCallingContext const*) () from /cvmfs/cms.cern.ch/el9_amd64_gcc13/cms/cmssw/CMSSW_20_0_0/lib/el9_amd64_gcc13/libFWCoreFramework.so
#11 0x00007f7509a3c3f7 in edm::WorkerT<edm::stream::EDProducerAdaptorBase>::implDo(edm::EventTransitionInfo const&, edm::ModuleCallingContext const*) () from /cvmfs/cms.cern.ch/el9_amd64_gcc13/cms/cmssw/CMSSW_20_0_0/lib/el9_amd64_gcc13/libFWCoreFramework.so
#12 0x00007f75099ccc52 in std::__exception_ptr::exception_ptr edm::Worker::runModuleAfterAsyncPrefetch<edm::OccurrenceTraits<edm::EventPrincipal, (edm::TransitionActionType)1> >(std::__exception_ptr::exception_ptr, edm::OccurrenceTraits<edm::EventPrincipal, (edm::TransitionActionType)1>::TransitionInfoType const&, edm::StreamID, edm::ParentContext const&, edm::OccurrenceTraits<edm::EventPrincipal, (edm::TransitionActionType)1>::Context const*) () from /cvmfs/cms.cern.ch/el9_amd64_gcc13/cms/cmssw/CMSSW_20_0_0/lib/el9_amd64_gcc13/libFWCoreFramework.so
#13 0x00007f75099cd164 in edm::Worker::RunModuleTask<edm::OccurrenceTraits<edm::EventPrincipal, (edm::TransitionActionType)1> >::execute() () from /cvmfs/cms.cern.ch/el9_amd64_gcc13/cms/cmssw/CMSSW_20_0_0/lib/el9_amd64_gcc13/libFWCoreFramework.so
#14 0x00007f7509b6ae64 in tbb::detail::d2::function_task<edm::WaitingTaskList::announce()::{lambda()#1}>::execute(tbb::detail::d1::execution_data&) () from /cvmfs/cms.cern.ch/el9_amd64_gcc13/cms/cmssw/CMSSW_20_0_0/lib/el9_amd64_gcc13/libFWCoreConcurrency.so
#15 0x00007f750954f19b in tbb::detail::r1::task_dispatcher::local_wait_for_all<false, tbb::detail::r1::outermost_worker_waiter> (t=<optimized out>, waiter=..., this=0x7f7503e79080) at src/tbb/task_dispatcher.h:344
#16 tbb::detail::r1::task_dispatcher::local_wait_for_all<tbb::detail::r1::outermost_worker_waiter> (t=0x0, waiter=..., this=0x7f7503e79080) at src/tbb/task_dispatcher.h:487
#17 tbb::detail::r1::arena::process (tls=..., this=<optimized out>) at src/tbb/arena.cpp:216
#18 tbb::detail::r1::thread_dispatcher_client::process (td=..., this=<optimized out>) at src/tbb/thread_dispatcher_client.h:41
#19 tbb::detail::r1::thread_dispatcher::process (this=<optimized out>, j=...) at src/tbb/thread_dispatcher.cpp:195
#20 0x00007f7509542c75 in tbb::detail::r1::rml::private_worker::run (this=0x7f7503e70f80) at src/tbb/private_server.cpp:271
#21 tbb::detail::r1::rml::private_worker::thread_routine (arg=0x7f7503e70f80) at src/tbb/private_server.cpp:221
#22 0x00007f750888b569 in start_thread () from /lib64/libc.so.6
#23 0x00007f7508910760 in clone3 () from /lib64/libc.so.6
Thread 16 (Thread 0x7f74b25ff640 (LWP 1186943) "cmsRun"):
#0  0x00007f75088d5b25 in clock_nanosleep@GLIBC_2.2.5 () from /lib64/libc.so.6
#1  0x00007f75088da5d7 in nanosleep () from /lib64/libc.so.6
#2  0x00007f75088da50e in sleep () from /lib64/libc.so.6
#3  0x00007f75028471ac in sig_pause_for_stacktrace () from /cvmfs/cms.cern.ch/el9_amd64_gcc13/cms/cmssw/CMSSW_20_0_0/lib/el9_amd64_gcc13/pluginFWCoreServicesPlugins.so
#4  <signal handler called>
#5  0x00007f73e2a346dc in emtf::phase2::algo::PatternMatchingLayer::apply(std::vector<std::array<ap_uint<288>, 8ul>, std::allocator<std::array<ap_uint<288>, 8ul> > > const&, bool const&, std::vector<std::array<emtf::phase2::road_t, 288ul>, std::allocator<std::array<emtf::phase2::road_t, 288ul> > >&) const () from /cvmfs/cms.cern.ch/el9_amd64_gcc13/cms/cmssw/CMSSW_20_0_0/lib/el9_amd64_gcc13/libL1TriggerL1TMuonEndCapPhase2.so
#6  0x00007f73e2a9c3f2 in emtf::phase2::SectorProcessor::buildTracks(std::map<int, int, std::less<int>, std::allocator<std::pair<int const, int> > > const&, std::array<emtf::phase2::segment_t, 230ul> const&, bool const&, std::vector<l1t::phase2::EMTFTrack, std::allocator<l1t::phase2::EMTFTrack> >&) () from /cvmfs/cms.cern.ch/el9_amd64_gcc13/cms/cmssw/CMSSW_20_0_0/lib/el9_amd64_gcc13/libL1TriggerL1TMuonEndCapPhase2.so
#7  0x00007f73e2a9d9f0 in emtf::phase2::SectorProcessor::process(std::vector<l1t::phase2::EMTFHit, std::allocator<l1t::phase2::EMTFHit> >&, std::vector<l1t::phase2::EMTFTrack, std::allocator<l1t::phase2::EMTFTrack> >&, std::vector<l1t::phase2::EMTFInput, std::allocator<l1t::phase2::EMTFInput> >&) () from /cvmfs/cms.cern.ch/el9_amd64_gcc13/cms/cmssw/CMSSW_20_0_0/lib/el9_amd64_gcc13/libL1TriggerL1TMuonEndCapPhase2.so
#8  0x00007f73e2a9f1c5 in emtf::phase2::TrackFinder::process(edm::Event const&, edm::EventSetup const&, std::vector<l1t::phase2::EMTFHit, std::allocator<l1t::phase2::EMTFHit> >&, std::vector<l1t::phase2::EMTFTrack, std::allocator<l1t::phase2::EMTFTrack> >&, std::vector<l1t::phase2::EMTFInput, std::allocator<l1t::phase2::EMTFInput> >&) () from /cvmfs/cms.cern.ch/el9_amd64_gcc13/cms/cmssw/CMSSW_20_0_0/lib/el9_amd64_gcc13/libL1TriggerL1TMuonEndCapPhase2.so
#9  0x00007f7281ae09c0 in L1TMuonEndCapPhase2TrackProducer::produce(edm::Event&, edm::EventSetup const&) () from /cvmfs/cms.cern.ch/el9_amd64_gcc13/cms/cmssw/CMSSW_20_0_0/lib/el9_amd64_gcc13/pluginL1TriggerL1TMuonEndCapPhase2Plugins.so
#10 0x00007f7509a55512 in edm::stream::EDProducerAdaptorBase::doEvent(edm::EventTransitionInfo const&, edm::ActivityRegistry*, edm::ModuleCallingContext const*) () from /cvmfs/cms.cern.ch/el9_amd64_gcc13/cms/cmssw/CMSSW_20_0_0/lib/el9_amd64_gcc13/libFWCoreFramework.so
#11 0x00007f7509a3c3f7 in edm::WorkerT<edm::stream::EDProducerAdaptorBase>::implDo(edm::EventTransitionInfo const&, edm::ModuleCallingContext const*) () from /cvmfs/cms.cern.ch/el9_amd64_gcc13/cms/cmssw/CMSSW_20_0_0/lib/el9_amd64_gcc13/libFWCoreFramework.so
#12 0x00007f75099ccc52 in std::__exception_ptr::exception_ptr edm::Worker::runModuleAfterAsyncPrefetch<edm::OccurrenceTraits<edm::EventPrincipal, (edm::TransitionActionType)1> >(std::__exception_ptr::exception_ptr, edm::OccurrenceTraits<edm::EventPrincipal, (edm::TransitionActionType)1>::TransitionInfoType const&, edm::StreamID, edm::ParentContext const&, edm::OccurrenceTraits<edm::EventPrincipal, (edm::TransitionActionType)1>::Context const*) () from /cvmfs/cms.cern.ch/el9_amd64_gcc13/cms/cmssw/CMSSW_20_0_0/lib/el9_amd64_gcc13/libFWCoreFramework.so
#13 0x00007f75099cd164 in edm::Worker::RunModuleTask<edm::OccurrenceTraits<edm::EventPrincipal, (edm::TransitionActionType)1> >::execute() () from /cvmfs/cms.cern.ch/el9_amd64_gcc13/cms/cmssw/CMSSW_20_0_0/lib/el9_amd64_gcc13/libFWCoreFramework.so
#14 0x00007f7509b6ae64 in tbb::detail::d2::function_task<edm::WaitingTaskList::announce()::{lambda()#1}>::execute(tbb::detail::d1::execution_data&) () from /cvmfs/cms.cern.ch/el9_amd64_gcc13/cms/cmssw/CMSSW_20_0_0/lib/el9_amd64_gcc13/libFWCoreConcurrency.so
#15 0x00007f750954f19b in tbb::detail::r1::task_dispatcher::local_wait_for_all<false, tbb::detail::r1::outermost_worker_waiter> (t=<optimized out>, waiter=..., this=0x7f7503e79380) at src/tbb/task_dispatcher.h:344
#16 tbb::detail::r1::task_dispatcher::local_wait_for_all<tbb::detail::r1::outermost_worker_waiter> (t=0x0, waiter=..., this=0x7f7503e79380) at src/tbb/task_dispatcher.h:487
#17 tbb::detail::r1::arena::process (tls=..., this=<optimized out>) at src/tbb/arena.cpp:216
#18 tbb::detail::r1::thread_dispatcher_client::process (td=..., this=<optimized out>) at src/tbb/thread_dispatcher_client.h:41
#19 tbb::detail::r1::thread_dispatcher::process (this=<optimized out>, j=...) at src/tbb/thread_dispatcher.cpp:195
#20 0x00007f7509542c75 in tbb::detail::r1::rml::private_worker::run (this=0x7f7503e70e80) at src/tbb/private_server.cpp:271
#21 tbb::detail::r1::rml::private_worker::thread_routine (arg=0x7f7503e70e80) at src/tbb/private_server.cpp:221
#22 0x00007f750888b569 in start_thread () from /lib64/libc.so.6
#23 0x00007f7508910760 in clone3 () from /lib64/libc.so.6
Thread 15 (Thread 0x7f74b1bfe640 (LWP 1186944) "cmsRun"):
#0  0x00007f75088d5b25 in clock_nanosleep@GLIBC_2.2.5 () from /lib64/libc.so.6
#1  0x00007f75088da5d7 in nanosleep () from /lib64/libc.so.6
#2  0x00007f75088da50e in sleep () from /lib64/libc.so.6
#3  0x00007f75028471ac in sig_pause_for_stacktrace () from /cvmfs/cms.cern.ch/el9_amd64_gcc13/cms/cmssw/CMSSW_20_0_0/lib/el9_amd64_gcc13/pluginFWCoreServicesPlugins.so
#4  <signal handler called>
#5  0x00007f74b9f585db in TTClusterBuilder<edm::Ref<edm::DetSetVector<io_v1::Phase2TrackerDigi>, io_v1::Phase2TrackerDigi, edm::refhelper::FindForDetSetVector<io_v1::Phase2TrackerDigi> > >::produce(edm::Event&, edm::EventSetup const&) () from /home/garibeir/CMSSW_20_0_0_patch1/lib/el9_amd64_gcc13/pluginTrackTriggerPlugins.so
#6  0x00007f7509a55512 in edm::stream::EDProducerAdaptorBase::doEvent(edm::EventTransitionInfo const&, edm::ActivityRegistry*, edm::ModuleCallingContext const*) () from /cvmfs/cms.cern.ch/el9_amd64_gcc13/cms/cmssw/CMSSW_20_0_0/lib/el9_amd64_gcc13/libFWCoreFramework.so
#7  0x00007f7509a3c3f7 in edm::WorkerT<edm::stream::EDProducerAdaptorBase>::implDo(edm::EventTransitionInfo const&, edm::ModuleCallingContext const*) () from /cvmfs/cms.cern.ch/el9_amd64_gcc13/cms/cmssw/CMSSW_20_0_0/lib/el9_amd64_gcc13/libFWCoreFramework.so
#8  0x00007f75099ccc52 in std::__exception_ptr::exception_ptr edm::Worker::runModuleAfterAsyncPrefetch<edm::OccurrenceTraits<edm::EventPrincipal, (edm::TransitionActionType)1> >(std::__exception_ptr::exception_ptr, edm::OccurrenceTraits<edm::EventPrincipal, (edm::TransitionActionType)1>::TransitionInfoType const&, edm::StreamID, edm::ParentContext const&, edm::OccurrenceTraits<edm::EventPrincipal, (edm::TransitionActionType)1>::Context const*) () from /cvmfs/cms.cern.ch/el9_amd64_gcc13/cms/cmssw/CMSSW_20_0_0/lib/el9_amd64_gcc13/libFWCoreFramework.so
#9  0x00007f75099cd164 in edm::Worker::RunModuleTask<edm::OccurrenceTraits<edm::EventPrincipal, (edm::TransitionActionType)1> >::execute() () from /cvmfs/cms.cern.ch/el9_amd64_gcc13/cms/cmssw/CMSSW_20_0_0/lib/el9_amd64_gcc13/libFWCoreFramework.so
#10 0x00007f7509b6ae64 in tbb::detail::d2::function_task<edm::WaitingTaskList::announce()::{lambda()#1}>::execute(tbb::detail::d1::execution_data&) () from /cvmfs/cms.cern.ch/el9_amd64_gcc13/cms/cmssw/CMSSW_20_0_0/lib/el9_amd64_gcc13/libFWCoreConcurrency.so
#11 0x00007f750954f19b in tbb::detail::r1::task_dispatcher::local_wait_for_all<false, tbb::detail::r1::outermost_worker_waiter> (t=<optimized out>, waiter=..., this=0x7f7503e79680) at src/tbb/task_dispatcher.h:344
#12 tbb::detail::r1::task_dispatcher::local_wait_for_all<tbb::detail::r1::outermost_worker_waiter> (t=0x0, waiter=..., this=0x7f7503e79680) at src/tbb/task_dispatcher.h:487
#13 tbb::detail::r1::arena::process (tls=..., this=<optimized out>) at src/tbb/arena.cpp:216
#14 tbb::detail::r1::thread_dispatcher_client::process (td=..., this=<optimized out>) at src/tbb/thread_dispatcher_client.h:41
#15 tbb::detail::r1::thread_dispatcher::process (this=<optimized out>, j=...) at src/tbb/thread_dispatcher.cpp:195
#16 0x00007f7509542c75 in tbb::detail::r1::rml::private_worker::run (this=0x7f7503e71000) at src/tbb/private_server.cpp:271
#17 tbb::detail::r1::rml::private_worker::thread_routine (arg=0x7f7503e71000) at src/tbb/private_server.cpp:221
#18 0x00007f750888b569 in start_thread () from /lib64/libc.so.6
#19 0x00007f7508910760 in clone3 () from /lib64/libc.so.6
Thread 14 (Thread 0x7f74b11fd640 (LWP 1186945) "cmsRun"):
#0  0x00007f75088d5b25 in clock_nanosleep@GLIBC_2.2.5 () from /lib64/libc.so.6
#1  0x00007f75088da5d7 in nanosleep () from /lib64/libc.so.6
#2  0x00007f75088da50e in sleep () from /lib64/libc.so.6
#3  0x00007f75028471ac in sig_pause_for_stacktrace () from /cvmfs/cms.cern.ch/el9_amd64_gcc13/cms/cmssw/CMSSW_20_0_0/lib/el9_amd64_gcc13/pluginFWCoreServicesPlugins.so
#4  <signal handler called>
#5  0x00007f74b8c67d2e in trklet::Settings::maxStep(std::__cxx11::basic_string<char, std::char_traits<char>, std::allocator<char> >) const () from /home/garibeir/CMSSW_20_0_0_patch1/lib/el9_amd64_gcc13/libL1TriggerTrackFindingTracklet.so
#6  0x00007f74b8cbcb4d in trklet::MatchProcessor::execute(unsigned int, double) () from /home/garibeir/CMSSW_20_0_0_patch1/lib/el9_amd64_gcc13/libL1TriggerTrackFindingTracklet.so
#7  0x00007f74b8cc940f in trklet::Sector::executeMP() () from /home/garibeir/CMSSW_20_0_0_patch1/lib/el9_amd64_gcc13/libL1TriggerTrackFindingTracklet.so
#8  0x00007f74b8d2fa42 in trklet::TrackletEventProcessor::event(trklet::SLHCEvent&, std::vector<std::vector<std::__cxx11::basic_string<char, std::char_traits<char>, std::allocator<char> >, std::allocator<std::__cxx11::basic_string<char, std::char_traits<char>, std::allocator<char> > > >, std::allocator<std::vector<std::__cxx11::basic_string<char, std::char_traits<char>, std::allocator<char> >, std::allocator<std::__cxx11::basic_string<char, std::char_traits<char>, std::allocator<char> > > > > >&, std::vector<std::vector<trklet::StubStreamData, std::allocator<trklet::StubStreamData> >, std::allocator<std::vector<trklet::StubStreamData, std::allocator<trklet::StubStreamData> > > >&) () from /home/garibeir/CMSSW_20_0_0_patch1/lib/el9_amd64_gcc13/libL1TriggerTrackFindingTracklet.so
#9  0x00007f74b8df7302 in L1FPGATrackProducer::produce(edm::Event&, edm::EventSetup const&) () from /home/garibeir/CMSSW_20_0_0_patch1/lib/el9_amd64_gcc13/pluginTrackFindingTrackletPlugins.so
#10 0x00007f7509a49f48 in edm::one::EDProducerBase::doEvent(edm::EventTransitionInfo const&, edm::ActivityRegistry*, edm::ModuleCallingContext const*) () from /cvmfs/cms.cern.ch/el9_amd64_gcc13/cms/cmssw/CMSSW_20_0_0/lib/el9_amd64_gcc13/libFWCoreFramework.so
#11 0x00007f7509a3ae77 in edm::WorkerT<edm::one::EDProducerBase>::implDo(edm::EventTransitionInfo const&, edm::ModuleCallingContext const*) () from /cvmfs/cms.cern.ch/el9_amd64_gcc13/cms/cmssw/CMSSW_20_0_0/lib/el9_amd64_gcc13/libFWCoreFramework.so
#12 0x00007f75099ccc52 in std::__exception_ptr::exception_ptr edm::Worker::runModuleAfterAsyncPrefetch<edm::OccurrenceTraits<edm::EventPrincipal, (edm::TransitionActionType)1> >(std::__exception_ptr::exception_ptr, edm::OccurrenceTraits<edm::EventPrincipal, (edm::TransitionActionType)1>::TransitionInfoType const&, edm::StreamID, edm::ParentContext const&, edm::OccurrenceTraits<edm::EventPrincipal, (edm::TransitionActionType)1>::Context const*) () from /cvmfs/cms.cern.ch/el9_amd64_gcc13/cms/cmssw/CMSSW_20_0_0/lib/el9_amd64_gcc13/libFWCoreFramework.so
#13 0x00007f75099cda34 in edm::SerialTaskQueue::QueuedTask<edm::SerialTaskQueueChain::push<edm::Worker::RunModuleTask<edm::OccurrenceTraits<edm::EventPrincipal, (edm::TransitionActionType)1> >::execute()::{lambda()#1}&>(tbb::detail::d2::task_group&, edm::Worker::RunModuleTask<edm::OccurrenceTraits<edm::EventPrincipal, (edm::TransitionActionType)1> >::execute()::{lambda()#1}&)::{lambda()#1}>::execute() () from /cvmfs/cms.cern.ch/el9_amd64_gcc13/cms/cmssw/CMSSW_20_0_0/lib/el9_amd64_gcc13/libFWCoreFramework.so
#14 0x00007f7509b6d427 in tbb::detail::d2::function_task<edm::SerialTaskQueue::spawn(edm::SerialTaskQueue::TaskBase&)::{lambda()#1}>::execute(tbb::detail::d1::execution_data&) () from /cvmfs/cms.cern.ch/el9_amd64_gcc13/cms/cmssw/CMSSW_20_0_0/lib/el9_amd64_gcc13/libFWCoreConcurrency.so
#15 0x00007f750954f19b in tbb::detail::r1::task_dispatcher::local_wait_for_all<false, tbb::detail::r1::outermost_worker_waiter> (t=<optimized out>, waiter=..., this=0x7f7503e79980) at src/tbb/task_dispatcher.h:344
#16 tbb::detail::r1::task_dispatcher::local_wait_for_all<tbb::detail::r1::outermost_worker_waiter> (t=0x0, waiter=..., this=0x7f7503e79980) at src/tbb/task_dispatcher.h:487
#17 tbb::detail::r1::arena::process (tls=..., this=<optimized out>) at src/tbb/arena.cpp:216
#18 tbb::detail::r1::thread_dispatcher_client::process (td=..., this=<optimized out>) at src/tbb/thread_dispatcher_client.h:41
#19 tbb::detail::r1::thread_dispatcher::process (this=<optimized out>, j=...) at src/tbb/thread_dispatcher.cpp:195
#20 0x00007f7509542c75 in tbb::detail::r1::rml::private_worker::run (this=0x7f7503e70f00) at src/tbb/private_server.cpp:271
#21 tbb::detail::r1::rml::private_worker::thread_routine (arg=0x7f7503e70f00) at src/tbb/private_server.cpp:221
#22 0x00007f750888b569 in start_thread () from /lib64/libc.so.6
#23 0x00007f7508910760 in clone3 () from /lib64/libc.so.6
Thread 13 (Thread 0x7f74affff640 (LWP 1186946) "cmsRun"):
#0  0x00007f75088d5b25 in clock_nanosleep@GLIBC_2.2.5 () from /lib64/libc.so.6
#1  0x00007f75088da5d7 in nanosleep () from /lib64/libc.so.6
#2  0x00007f75088da50e in sleep () from /lib64/libc.so.6
#3  0x00007f75028471ac in sig_pause_for_stacktrace () from /cvmfs/cms.cern.ch/el9_amd64_gcc13/cms/cmssw/CMSSW_20_0_0/lib/el9_amd64_gcc13/pluginFWCoreServicesPlugins.so
#4  <signal handler called>
#5  0x00007f74da5daaa8 in TrackerGeometry::getDetectorType(DetId) const () from /cvmfs/cms.cern.ch/el9_amd64_gcc13/cms/cmssw/CMSSW_20_0_0/lib/el9_amd64_gcc13/libGeometryTrackerGeometryBuilder.so
#6  0x00007f74b9f5bf21 in TTStubBuilder<edm::Ref<edm::DetSetVector<io_v1::Phase2TrackerDigi>, io_v1::Phase2TrackerDigi, edm::refhelper::FindForDetSetVector<io_v1::Phase2TrackerDigi> > >::produce(edm::Event&, edm::EventSetup const&) () from /home/garibeir/CMSSW_20_0_0_patch1/lib/el9_amd64_gcc13/pluginTrackTriggerPlugins.so
#7  0x00007f7509a49f48 in edm::one::EDProducerBase::doEvent(edm::EventTransitionInfo const&, edm::ActivityRegistry*, edm::ModuleCallingContext const*) () from /cvmfs/cms.cern.ch/el9_amd64_gcc13/cms/cmssw/CMSSW_20_0_0/lib/el9_amd64_gcc13/libFWCoreFramework.so
#8  0x00007f7509a3ae77 in edm::WorkerT<edm::one::EDProducerBase>::implDo(edm::EventTransitionInfo const&, edm::ModuleCallingContext const*) () from /cvmfs/cms.cern.ch/el9_amd64_gcc13/cms/cmssw/CMSSW_20_0_0/lib/el9_amd64_gcc13/libFWCoreFramework.so
#9  0x00007f75099ccc52 in std::__exception_ptr::exception_ptr edm::Worker::runModuleAfterAsyncPrefetch<edm::OccurrenceTraits<edm::EventPrincipal, (edm::TransitionActionType)1> >(std::__exception_ptr::exception_ptr, edm::OccurrenceTraits<edm::EventPrincipal, (edm::TransitionActionType)1>::TransitionInfoType const&, edm::StreamID, edm::ParentContext const&, edm::OccurrenceTraits<edm::EventPrincipal, (edm::TransitionActionType)1>::Context const*) () from /cvmfs/cms.cern.ch/el9_amd64_gcc13/cms/cmssw/CMSSW_20_0_0/lib/el9_amd64_gcc13/libFWCoreFramework.so
#10 0x00007f75099cda34 in edm::SerialTaskQueue::QueuedTask<edm::SerialTaskQueueChain::push<edm::Worker::RunModuleTask<edm::OccurrenceTraits<edm::EventPrincipal, (edm::TransitionActionType)1> >::execute()::{lambda()#1}&>(tbb::detail::d2::task_group&, edm::Worker::RunModuleTask<edm::OccurrenceTraits<edm::EventPrincipal, (edm::TransitionActionType)1> >::execute()::{lambda()#1}&)::{lambda()#1}>::execute() () from /cvmfs/cms.cern.ch/el9_amd64_gcc13/cms/cmssw/CMSSW_20_0_0/lib/el9_amd64_gcc13/libFWCoreFramework.so
#11 0x00007f7509b6d427 in tbb::detail::d2::function_task<edm::SerialTaskQueue::spawn(edm::SerialTaskQueue::TaskBase&)::{lambda()#1}>::execute(tbb::detail::d1::execution_data&) () from /cvmfs/cms.cern.ch/el9_amd64_gcc13/cms/cmssw/CMSSW_20_0_0/lib/el9_amd64_gcc13/libFWCoreConcurrency.so
#12 0x00007f750954f19b in tbb::detail::r1::task_dispatcher::local_wait_for_all<false, tbb::detail::r1::outermost_worker_waiter> (t=<optimized out>, waiter=..., this=0x7f7503e78f80) at src/tbb/task_dispatcher.h:344
#13 tbb::detail::r1::task_dispatcher::local_wait_for_all<tbb::detail::r1::outermost_worker_waiter> (t=0x0, waiter=..., this=0x7f7503e78f80) at src/tbb/task_dispatcher.h:487
#14 tbb::detail::r1::arena::process (tls=..., this=<optimized out>) at src/tbb/arena.cpp:216
#15 tbb::detail::r1::thread_dispatcher_client::process (td=..., this=<optimized out>) at src/tbb/thread_dispatcher_client.h:41
#16 tbb::detail::r1::thread_dispatcher::process (this=<optimized out>, j=...) at src/tbb/thread_dispatcher.cpp:195
#17 0x00007f7509542c75 in tbb::detail::r1::rml::private_worker::run (this=0x7f7503e70d80) at src/tbb/private_server.cpp:271
#18 tbb::detail::r1::rml::private_worker::thread_routine (arg=0x7f7503e70d80) at src/tbb/private_server.cpp:221
#19 0x00007f750888b569 in start_thread () from /lib64/libc.so.6
#20 0x00007f7508910760 in clone3 () from /lib64/libc.so.6
Thread 12 (Thread 0x7f74af5fe640 (LWP 1186947) "cmsRun"):
#0  0x00007f75088d5b25 in clock_nanosleep@GLIBC_2.2.5 () from /lib64/libc.so.6
#1  0x00007f75088da5d7 in nanosleep () from /lib64/libc.so.6
#2  0x00007f75088da50e in sleep () from /lib64/libc.so.6
#3  0x00007f75028471ac in sig_pause_for_stacktrace () from /cvmfs/cms.cern.ch/el9_amd64_gcc13/cms/cmssw/CMSSW_20_0_0/lib/el9_amd64_gcc13/pluginFWCoreServicesPlugins.so
#4  <signal handler called>
#5  do_lookup_x (undef_name=undef_name@entry=0x7f74932eed10 "_ZNK5io_v17EBDetId10tower_iphiEv", new_hash=new_hash@entry=3109461384, old_hash=old_hash@entry=0x7f74af5f7ca0, ref=0x7f74932e1850, result=result@entry=0x7f74af5f7cb0, scope=<optimized out>, i=141, version=0x0, flags=5, skip=0x0, type_class=<optimized out>, undef_map=0x7f749cd5c200) at ../sysdeps/generic/ldsodefs.h:80
#6  0x00007f7509bf95e1 in _dl_lookup_symbol_x (undef_name=0x7f74932eed10 "_ZNK5io_v17EBDetId10tower_iphiEv", undef_map=undef_map@entry=0x7f749cd5c200, ref=ref@entry=0x7f74af5f7d40, symbol_scope=<optimized out>, version=0x0, type_class=type_class@entry=1, flags=5, skip_map=0x0) at dl-lookup.c:882
#7  0x00007f7509bfff02 in _dl_fixup (l=0x7f749cd5c200, reloc_arg=413) at dl-runtime.c:95
#8  0x00007f7509c031ee in _dl_runtime_resolve_xsavec () at ../sysdeps/x86_64/dl-trampoline.h:126
#9  0x00007f749333c641 in io_v1::EBDetId::tower() const () from /cvmfs/cms.cern.ch/el9_amd64_gcc13/cms/cmssw/CMSSW_20_0_0/lib/el9_amd64_gcc13/pluginRecoLocalCaloEcalRecProducersPlugins.so
#10 0x00007f749333efc3 in EcalDetIdToBeRecoveredProducer::produce(edm::Event&, edm::EventSetup const&) () from /cvmfs/cms.cern.ch/el9_amd64_gcc13/cms/cmssw/CMSSW_20_0_0/lib/el9_amd64_gcc13/pluginRecoLocalCaloEcalRecProducersPlugins.so
#11 0x00007f7509a55512 in edm::stream::EDProducerAdaptorBase::doEvent(edm::EventTransitionInfo const&, edm::ActivityRegistry*, edm::ModuleCallingContext const*) () from /cvmfs/cms.cern.ch/el9_amd64_gcc13/cms/cmssw/CMSSW_20_0_0/lib/el9_amd64_gcc13/libFWCoreFramework.so
#12 0x00007f7509a3c3f7 in edm::WorkerT<edm::stream::EDProducerAdaptorBase>::implDo(edm::EventTransitionInfo const&, edm::ModuleCallingContext const*) () from /cvmfs/cms.cern.ch/el9_amd64_gcc13/cms/cmssw/CMSSW_20_0_0/lib/el9_amd64_gcc13/libFWCoreFramework.so
#13 0x00007f75099ccc52 in std::__exception_ptr::exception_ptr edm::Worker::runModuleAfterAsyncPrefetch<edm::OccurrenceTraits<edm::EventPrincipal, (edm::TransitionActionType)1> >(std::__exception_ptr::exception_ptr, edm::OccurrenceTraits<edm::EventPrincipal, (edm::TransitionActionType)1>::TransitionInfoType const&, edm::StreamID, edm::ParentContext const&, edm::OccurrenceTraits<edm::EventPrincipal, (edm::TransitionActionType)1>::Context const*) () from /cvmfs/cms.cern.ch/el9_amd64_gcc13/cms/cmssw/CMSSW_20_0_0/lib/el9_amd64_gcc13/libFWCoreFramework.so
#14 0x00007f75099cd164 in edm::Worker::RunModuleTask<edm::OccurrenceTraits<edm::EventPrincipal, (edm::TransitionActionType)1> >::execute() () from /cvmfs/cms.cern.ch/el9_amd64_gcc13/cms/cmssw/CMSSW_20_0_0/lib/el9_amd64_gcc13/libFWCoreFramework.so
#15 0x00007f7509b6ae64 in tbb::detail::d2::function_task<edm::WaitingTaskList::announce()::{lambda()#1}>::execute(tbb::detail::d1::execution_data&) () from /cvmfs/cms.cern.ch/el9_amd64_gcc13/cms/cmssw/CMSSW_20_0_0/lib/el9_amd64_gcc13/libFWCoreConcurrency.so
#16 0x00007f750954f19b in tbb::detail::r1::task_dispatcher::local_wait_for_all<false, tbb::detail::r1::outermost_worker_waiter> (t=<optimized out>, waiter=..., this=0x7f7503e79180) at src/tbb/task_dispatcher.h:344
#17 tbb::detail::r1::task_dispatcher::local_wait_for_all<tbb::detail::r1::outermost_worker_waiter> (t=0x0, waiter=..., this=0x7f7503e79180) at src/tbb/task_dispatcher.h:487
#18 tbb::detail::r1::arena::process (tls=..., this=<optimized out>) at src/tbb/arena.cpp:216
#19 tbb::detail::r1::thread_dispatcher_client::process (td=..., this=<optimized out>) at src/tbb/thread_dispatcher_client.h:41
#20 tbb::detail::r1::thread_dispatcher::process (this=<optimized out>, j=...) at src/tbb/thread_dispatcher.cpp:195
#21 0x00007f7509542c75 in tbb::detail::r1::rml::private_worker::run (this=0x7f7503e70e00) at src/tbb/private_server.cpp:271
#22 tbb::detail::r1::rml::private_worker::thread_routine (arg=0x7f7503e70e00) at src/tbb/private_server.cpp:221
#23 0x00007f750888b569 in start_thread () from /lib64/libc.so.6
#24 0x00007f7508910760 in clone3 () from /lib64/libc.so.6
Thread 11 (Thread 0x7f74ae3ff640 (LWP 1186948) "cmsRun"):
#0  0x00007f75088d5b25 in clock_nanosleep@GLIBC_2.2.5 () from /lib64/libc.so.6
#1  0x00007f75088da5d7 in nanosleep () from /lib64/libc.so.6
#2  0x00007f75088da50e in sleep () from /lib64/libc.so.6
#3  0x00007f75028471ac in sig_pause_for_stacktrace () from /cvmfs/cms.cern.ch/el9_amd64_gcc13/cms/cmssw/CMSSW_20_0_0/lib/el9_amd64_gcc13/pluginFWCoreServicesPlugins.so
#4  <signal handler called>
#5  0x00007f7281b5cb04 in EcalFenixStripFormatEB::process() () from /cvmfs/cms.cern.ch/el9_amd64_gcc13/cms/cmssw/CMSSW_20_0_0/lib/el9_amd64_gcc13/libSimCalorimetryEcalTrigPrimAlgos.so
#6  0x00007f7281b5cd19 in EcalFenixStripFormatEB::process(std::vector<int, std::allocator<int> >&, std::vector<int, std::allocator<int> >&, std::vector<int, std::allocator<int> >&, std::vector<int, std::allocator<int> >&, std::vector<int, std::allocator<int> >&, std::vector<int, std::allocator<int> >&) () from /cvmfs/cms.cern.ch/el9_amd64_gcc13/cms/cmssw/CMSSW_20_0_0/lib/el9_amd64_gcc13/libSimCalorimetryEcalTrigPrimAlgos.so
#7  0x00007f7281b5cefd in EcalFenixStrip::process_part2_barrel(unsigned int, EcalTPGSlidingWindow const*, EcalTPGFineGrainStripEE const*) () from /cvmfs/cms.cern.ch/el9_amd64_gcc13/cms/cmssw/CMSSW_20_0_0/lib/el9_amd64_gcc13/libSimCalorimetryEcalTrigPrimAlgos.so
#8  0x00007f7281b6176b in EcalFenixStrip::process(std::vector<EBDataFrame, std::allocator<EBDataFrame> >&, int, std::vector<int, std::allocator<int> >&) () from /cvmfs/cms.cern.ch/el9_amd64_gcc13/cms/cmssw/CMSSW_20_0_0/lib/el9_amd64_gcc13/libSimCalorimetryEcalTrigPrimAlgos.so
#9  0x00007f7281b689f4 in void EcalTrigPrimFunctionalAlgo::run_part2<io_v1::EBDigiCollection>(io_v1::EBDigiCollection const*, std::vector<std::vector<std::pair<int, std::vector<io_v1::EBDigiCollection::Digi, std::allocator<io_v1::EBDigiCollection::Digi> > >, std::allocator<std::pair<int, std::vector<io_v1::EBDigiCollection::Digi, std::allocator<io_v1::EBDigiCollection::Digi> > > > >, std::allocator<std::vector<std::pair<int, std::vector<io_v1::EBDigiCollection::Digi, std::allocator<io_v1::EBDigiCollection::Digi> > >, std::allocator<std::pair<int, std::vector<io_v1::EBDigiCollection::Digi, std::allocator<io_v1::EBDigiCollection::Digi> > > > > > >&, edm::SortedCollection<io_v1::EcalTriggerPrimitiveDigi, edm::StrictWeakOrdering<io_v1::EcalTriggerPrimitiveDigi> >&, edm::SortedCollection<io_v1::EcalTriggerPrimitiveDigi, edm::StrictWeakOrdering<io_v1::EcalTriggerPrimitiveDigi> >&) [clone .isra.0] () from /cvmfs/cms.cern.ch/el9_amd64_gcc13/cms/cmssw/CMSSW_20_0_0/lib/el9_amd64_gcc13/libSimCalorimetryEcalTrigPrimAlgos.so
#10 0x00007f7281c32064 in EcalTrigPrimProducer::produce(edm::Event&, edm::EventSetup const&) () from /cvmfs/cms.cern.ch/el9_amd64_gcc13/cms/cmssw/CMSSW_20_0_0/lib/el9_amd64_gcc13/pluginSimCalorimetryEcalTrigPrimProducersPlugins.so
#11 0x00007f7509a55512 in edm::stream::EDProducerAdaptorBase::doEvent(edm::EventTransitionInfo const&, edm::ActivityRegistry*, edm::ModuleCallingContext const*) () from /cvmfs/cms.cern.ch/el9_amd64_gcc13/cms/cmssw/CMSSW_20_0_0/lib/el9_amd64_gcc13/libFWCoreFramework.so
#12 0x00007f7509a3c3f7 in edm::WorkerT<edm::stream::EDProducerAdaptorBase>::implDo(edm::EventTransitionInfo const&, edm::ModuleCallingContext const*) () from /cvmfs/cms.cern.ch/el9_amd64_gcc13/cms/cmssw/CMSSW_20_0_0/lib/el9_amd64_gcc13/libFWCoreFramework.so
#13 0x00007f75099ccc52 in std::__exception_ptr::exception_ptr edm::Worker::runModuleAfterAsyncPrefetch<edm::OccurrenceTraits<edm::EventPrincipal, (edm::TransitionActionType)1> >(std::__exception_ptr::exception_ptr, edm::OccurrenceTraits<edm::EventPrincipal, (edm::TransitionActionType)1>::TransitionInfoType const&, edm::StreamID, edm::ParentContext const&, edm::OccurrenceTraits<edm::EventPrincipal, (edm::TransitionActionType)1>::Context const*) () from /cvmfs/cms.cern.ch/el9_amd64_gcc13/cms/cmssw/CMSSW_20_0_0/lib/el9_amd64_gcc13/libFWCoreFramework.so
#14 0x00007f75099cd164 in edm::Worker::RunModuleTask<edm::OccurrenceTraits<edm::EventPrincipal, (edm::TransitionActionType)1> >::execute() () from /cvmfs/cms.cern.ch/el9_amd64_gcc13/cms/cmssw/CMSSW_20_0_0/lib/el9_amd64_gcc13/libFWCoreFramework.so
#15 0x00007f7509b6ae64 in tbb::detail::d2::function_task<edm::WaitingTaskList::announce()::{lambda()#1}>::execute(tbb::detail::d1::execution_data&) () from /cvmfs/cms.cern.ch/el9_amd64_gcc13/cms/cmssw/CMSSW_20_0_0/lib/el9_amd64_gcc13/libFWCoreConcurrency.so
#16 0x00007f750954f19b in tbb::detail::r1::task_dispatcher::local_wait_for_all<false, tbb::detail::r1::outermost_worker_waiter> (t=<optimized out>, waiter=..., this=0x7f7503e79280) at src/tbb/task_dispatcher.h:344
#17 tbb::detail::r1::task_dispatcher::local_wait_for_all<tbb::detail::r1::outermost_worker_waiter> (t=0x0, waiter=..., this=0x7f7503e79280) at src/tbb/task_dispatcher.h:487
#18 tbb::detail::r1::arena::process (tls=..., this=<optimized out>) at src/tbb/arena.cpp:216
#19 tbb::detail::r1::thread_dispatcher_client::process (td=..., this=<optimized out>) at src/tbb/thread_dispatcher_client.h:41
#20 tbb::detail::r1::thread_dispatcher::process (this=<optimized out>, j=...) at src/tbb/thread_dispatcher.cpp:195
#21 0x00007f7509542c75 in tbb::detail::r1::rml::private_worker::run (this=0x7f7503e70c80) at src/tbb/private_server.cpp:271
#22 tbb::detail::r1::rml::private_worker::thread_routine (arg=0x7f7503e70c80) at src/tbb/private_server.cpp:221
#23 0x00007f750888b569 in start_thread () from /lib64/libc.so.6
#24 0x00007f7508910760 in clone3 () from /lib64/libc.so.6
Thread 10 (Thread 0x7f74ad5ff640 (LWP 1186949) "cmsRun"):
#0  0x00007f75088d5b25 in clock_nanosleep@GLIBC_2.2.5 () from /lib64/libc.so.6
#1  0x00007f75088da5d7 in nanosleep () from /lib64/libc.so.6
#2  0x00007f75088da50e in sleep () from /lib64/libc.so.6
#3  0x00007f75028471ac in sig_pause_for_stacktrace () from /cvmfs/cms.cern.ch/el9_amd64_gcc13/cms/cmssw/CMSSW_20_0_0/lib/el9_amd64_gcc13/pluginFWCoreServicesPlugins.so
#4  <signal handler called>
#5  0x00007f7497926a23 in EcalElectronicsMapper::fillMaps() () from /cvmfs/cms.cern.ch/el9_amd64_gcc13/cms/cmssw/CMSSW_20_0_0/lib/el9_amd64_gcc13/libEventFilterEcalRawToDigi.so
#6  0x00007f74975ac5e3 in EcalRawToDigi::produce(edm::Event&, edm::EventSetup const&) () from /cvmfs/cms.cern.ch/el9_amd64_gcc13/cms/cmssw/CMSSW_20_0_0/lib/el9_amd64_gcc13/pluginEventFilterEcalRawToDigiPlugins.so
#7  0x00007f7509a55512 in edm::stream::EDProducerAdaptorBase::doEvent(edm::EventTransitionInfo const&, edm::ActivityRegistry*, edm::ModuleCallingContext const*) () from /cvmfs/cms.cern.ch/el9_amd64_gcc13/cms/cmssw/CMSSW_20_0_0/lib/el9_amd64_gcc13/libFWCoreFramework.so
#8  0x00007f7509a3c3f7 in edm::WorkerT<edm::stream::EDProducerAdaptorBase>::implDo(edm::EventTransitionInfo const&, edm::ModuleCallingContext const*) () from /cvmfs/cms.cern.ch/el9_amd64_gcc13/cms/cmssw/CMSSW_20_0_0/lib/el9_amd64_gcc13/libFWCoreFramework.so
#9  0x00007f75099ccc52 in std::__exception_ptr::exception_ptr edm::Worker::runModuleAfterAsyncPrefetch<edm::OccurrenceTraits<edm::EventPrincipal, (edm::TransitionActionType)1> >(std::__exception_ptr::exception_ptr, edm::OccurrenceTraits<edm::EventPrincipal, (edm::TransitionActionType)1>::TransitionInfoType const&, edm::StreamID, edm::ParentContext const&, edm::OccurrenceTraits<edm::EventPrincipal, (edm::TransitionActionType)1>::Context const*) () from /cvmfs/cms.cern.ch/el9_amd64_gcc13/cms/cmssw/CMSSW_20_0_0/lib/el9_amd64_gcc13/libFWCoreFramework.so
#10 0x00007f75099cd164 in edm::Worker::RunModuleTask<edm::OccurrenceTraits<edm::EventPrincipal, (edm::TransitionActionType)1> >::execute() () from /cvmfs/cms.cern.ch/el9_amd64_gcc13/cms/cmssw/CMSSW_20_0_0/lib/el9_amd64_gcc13/libFWCoreFramework.so
#11 0x00007f7509b6ae64 in tbb::detail::d2::function_task<edm::WaitingTaskList::announce()::{lambda()#1}>::execute(tbb::detail::d1::execution_data&) () from /cvmfs/cms.cern.ch/el9_amd64_gcc13/cms/cmssw/CMSSW_20_0_0/lib/el9_amd64_gcc13/libFWCoreConcurrency.so
#12 0x00007f750954f19b in tbb::detail::r1::task_dispatcher::local_wait_for_all<false, tbb::detail::r1::outermost_worker_waiter> (t=<optimized out>, waiter=..., this=0x7f7503e79480) at src/tbb/task_dispatcher.h:344
#13 tbb::detail::r1::task_dispatcher::local_wait_for_all<tbb::detail::r1::outermost_worker_waiter> (t=0x0, waiter=..., this=0x7f7503e79480) at src/tbb/task_dispatcher.h:487
#14 tbb::detail::r1::arena::process (tls=..., this=<optimized out>) at src/tbb/arena.cpp:216
#15 tbb::detail::r1::thread_dispatcher_client::process (td=..., this=<optimized out>) at src/tbb/thread_dispatcher_client.h:41
#16 tbb::detail::r1::thread_dispatcher::process (this=<optimized out>, j=...) at src/tbb/thread_dispatcher.cpp:195
#17 0x00007f7509542c75 in tbb::detail::r1::rml::private_worker::run (this=0x7f7503e70d00) at src/tbb/private_server.cpp:271
#18 tbb::detail::r1::rml::private_worker::thread_routine (arg=0x7f7503e70d00) at src/tbb/private_server.cpp:221
#19 0x00007f750888b569 in start_thread () from /lib64/libc.so.6
#20 0x00007f7508910760 in clone3 () from /lib64/libc.so.6
Thread 9 (Thread 0x7f74acbfe640 (LWP 1186950) "cmsRun"):
#0  0x00007f75088d5b25 in clock_nanosleep@GLIBC_2.2.5 () from /lib64/libc.so.6
#1  0x00007f75088da5d7 in nanosleep () from /lib64/libc.so.6
#2  0x00007f75088da50e in sleep () from /lib64/libc.so.6
#3  0x00007f75028471ac in sig_pause_for_stacktrace () from /cvmfs/cms.cern.ch/el9_amd64_gcc13/cms/cmssw/CMSSW_20_0_0/lib/el9_amd64_gcc13/pluginFWCoreServicesPlugins.so
#4  <signal handler called>
#5  0x00007f7508d4085b in std::basic_ostream<char, std::char_traits<char> >::sentry::~sentry (this=0x7f74acbf7fb0, __in_chrg=<optimized out>) at /data/cmsbld/jenkins/workspace/build-any-ib/w/BUILD/el9_amd64_gcc13/external/gcc/13.4.0-6908cfdf803923e783448096ca4f0923/gcc-13.4.0/obj/x86_64-redhat-linux-gnu/libstdc++-v3/include/ostream:513
#6  std::__ostream_insert<char, std::char_traits<char> > (__out=..., __s=0x7f74dc88e12a " ", __n=<optimized out>) at /data/cmsbld/jenkins/workspace/build-any-ib/w/BUILD/el9_amd64_gcc13/external/gcc/13.4.0-6908cfdf803923e783448096ca4f0923/gcc-13.4.0/obj/x86_64-redhat-linux-gnu/libstdc++-v3/include/bits/ostream_insert.h:116
#7  0x00007f7509b87b53 in edm::ErrorObj::opltlt(char const*) () from /cvmfs/cms.cern.ch/el9_amd64_gcc13/cms/cmssw/CMSSW_20_0_0/lib/el9_amd64_gcc13/libFWCoreMessageLogger.so
#8  0x00007f74dc87909e in EcalTrigTowerConstituentsMap::towerOf(DetId const&) const () from /cvmfs/cms.cern.ch/el9_amd64_gcc13/cms/cmssw-patch/CMSSW_20_0_0_patch1/lib/el9_amd64_gcc13/libGeometryCaloTopology.so
#9  0x00007f7281dafbe0 in EcalSelectiveReadout::runSelectiveReadout0(EcalSelectiveReadout::ttFlag_t const (*) [72]) () from /cvmfs/cms.cern.ch/el9_amd64_gcc13/cms/cmssw/CMSSW_20_0_0/lib/el9_amd64_gcc13/libSimCalorimetryEcalSelectiveReadoutAlgos.so
#10 0x00007f7281db2f2b in EcalSelectiveReadoutSuppressor::run(edm::EventSetup const&, edm::SortedCollection<io_v1::EcalTriggerPrimitiveDigi, edm::StrictWeakOrdering<io_v1::EcalTriggerPrimitiveDigi> > const&, io_v1::EBDigiCollection const&, io_v1::EEDigiCollection const&, io_v1::EBDigiCollection*, io_v1::EEDigiCollection*, edm::SortedCollection<io_v1::EBSrFlag, edm::StrictWeakOrdering<io_v1::EBSrFlag> >*, edm::SortedCollection<io_v1::EESrFlag, edm::StrictWeakOrdering<io_v1::EESrFlag> >*) () from /cvmfs/cms.cern.ch/el9_amd64_gcc13/cms/cmssw/CMSSW_20_0_0/lib/el9_amd64_gcc13/libSimCalorimetryEcalSelectiveReadoutAlgos.so
#11 0x00007f7281ddf338 in EcalSelectiveReadoutProducer::produce(edm::Event&, edm::EventSetup const&) () from /cvmfs/cms.cern.ch/el9_amd64_gcc13/cms/cmssw/CMSSW_20_0_0/lib/el9_amd64_gcc13/pluginEcalSelectiveReadoutProducersPlugin.so
#12 0x00007f7509a55512 in edm::stream::EDProducerAdaptorBase::doEvent(edm::EventTransitionInfo const&, edm::ActivityRegistry*, edm::ModuleCallingContext const*) () from /cvmfs/cms.cern.ch/el9_amd64_gcc13/cms/cmssw/CMSSW_20_0_0/lib/el9_amd64_gcc13/libFWCoreFramework.so
#13 0x00007f7509a3c3f7 in edm::WorkerT<edm::stream::EDProducerAdaptorBase>::implDo(edm::EventTransitionInfo const&, edm::ModuleCallingContext const*) () from /cvmfs/cms.cern.ch/el9_amd64_gcc13/cms/cmssw/CMSSW_20_0_0/lib/el9_amd64_gcc13/libFWCoreFramework.so
#14 0x00007f75099ccc52 in std::__exception_ptr::exception_ptr edm::Worker::runModuleAfterAsyncPrefetch<edm::OccurrenceTraits<edm::EventPrincipal, (edm::TransitionActionType)1> >(std::__exception_ptr::exception_ptr, edm::OccurrenceTraits<edm::EventPrincipal, (edm::TransitionActionType)1>::TransitionInfoType const&, edm::StreamID, edm::ParentContext const&, edm::OccurrenceTraits<edm::EventPrincipal, (edm::TransitionActionType)1>::Context const*) () from /cvmfs/cms.cern.ch/el9_amd64_gcc13/cms/cmssw/CMSSW_20_0_0/lib/el9_amd64_gcc13/libFWCoreFramework.so
#15 0x00007f75099cd164 in edm::Worker::RunModuleTask<edm::OccurrenceTraits<edm::EventPrincipal, (edm::TransitionActionType)1> >::execute() () from /cvmfs/cms.cern.ch/el9_amd64_gcc13/cms/cmssw/CMSSW_20_0_0/lib/el9_amd64_gcc13/libFWCoreFramework.so
#16 0x00007f7509b6ae64 in tbb::detail::d2::function_task<edm::WaitingTaskList::announce()::{lambda()#1}>::execute(tbb::detail::d1::execution_data&) () from /cvmfs/cms.cern.ch/el9_amd64_gcc13/cms/cmssw/CMSSW_20_0_0/lib/el9_amd64_gcc13/libFWCoreConcurrency.so
#17 0x00007f750954f19b in tbb::detail::r1::task_dispatcher::local_wait_for_all<false, tbb::detail::r1::outermost_worker_waiter> (t=<optimized out>, waiter=..., this=0x7f7503e79580) at src/tbb/task_dispatcher.h:344
#18 tbb::detail::r1::task_dispatcher::local_wait_for_all<tbb::detail::r1::outermost_worker_waiter> (t=0x0, waiter=..., this=0x7f7503e79580) at src/tbb/task_dispatcher.h:487
#19 tbb::detail::r1::arena::process (tls=..., this=<optimized out>) at src/tbb/arena.cpp:216
#20 tbb::detail::r1::thread_dispatcher_client::process (td=..., this=<optimized out>) at src/tbb/thread_dispatcher_client.h:41
#21 tbb::detail::r1::thread_dispatcher::process (this=<optimized out>, j=...) at src/tbb/thread_dispatcher.cpp:195
#22 0x00007f7509542c75 in tbb::detail::r1::rml::private_worker::run (this=0x7f7503e70b80) at src/tbb/private_server.cpp:271
#23 tbb::detail::r1::rml::private_worker::thread_routine (arg=0x7f7503e70b80) at src/tbb/private_server.cpp:221
#24 0x00007f750888b569 in start_thread () from /lib64/libc.so.6
#25 0x00007f7508910760 in clone3 () from /lib64/libc.so.6
Thread 8 (Thread 0x7f74abdff640 (LWP 1186951) "cmsRun"):
#0  0x00007f75088d5b25 in clock_nanosleep@GLIBC_2.2.5 () from /lib64/libc.so.6
#1  0x00007f75088da5d7 in nanosleep () from /lib64/libc.so.6
#2  0x00007f75088da50e in sleep () from /lib64/libc.so.6
#3  0x00007f75028471ac in sig_pause_for_stacktrace () from /cvmfs/cms.cern.ch/el9_amd64_gcc13/cms/cmssw/CMSSW_20_0_0/lib/el9_amd64_gcc13/pluginFWCoreServicesPlugins.so
#4  <signal handler called>
#5  0x00007f74b9f585db in TTClusterBuilder<edm::Ref<edm::DetSetVector<io_v1::Phase2TrackerDigi>, io_v1::Phase2TrackerDigi, edm::refhelper::FindForDetSetVector<io_v1::Phase2TrackerDigi> > >::produce(edm::Event&, edm::EventSetup const&) () from /home/garibeir/CMSSW_20_0_0_patch1/lib/el9_amd64_gcc13/pluginTrackTriggerPlugins.so
#6  0x00007f7509a55512 in edm::stream::EDProducerAdaptorBase::doEvent(edm::EventTransitionInfo const&, edm::ActivityRegistry*, edm::ModuleCallingContext const*) () from /cvmfs/cms.cern.ch/el9_amd64_gcc13/cms/cmssw/CMSSW_20_0_0/lib/el9_amd64_gcc13/libFWCoreFramework.so
#7  0x00007f7509a3c3f7 in edm::WorkerT<edm::stream::EDProducerAdaptorBase>::implDo(edm::EventTransitionInfo const&, edm::ModuleCallingContext const*) () from /cvmfs/cms.cern.ch/el9_amd64_gcc13/cms/cmssw/CMSSW_20_0_0/lib/el9_amd64_gcc13/libFWCoreFramework.so
#8  0x00007f75099ccc52 in std::__exception_ptr::exception_ptr edm::Worker::runModuleAfterAsyncPrefetch<edm::OccurrenceTraits<edm::EventPrincipal, (edm::TransitionActionType)1> >(std::__exception_ptr::exception_ptr, edm::OccurrenceTraits<edm::EventPrincipal, (edm::TransitionActionType)1>::TransitionInfoType const&, edm::StreamID, edm::ParentContext const&, edm::OccurrenceTraits<edm::EventPrincipal, (edm::TransitionActionType)1>::Context const*) () from /cvmfs/cms.cern.ch/el9_amd64_gcc13/cms/cmssw/CMSSW_20_0_0/lib/el9_amd64_gcc13/libFWCoreFramework.so
#9  0x00007f75099cd164 in edm::Worker::RunModuleTask<edm::OccurrenceTraits<edm::EventPrincipal, (edm::TransitionActionType)1> >::execute() () from /cvmfs/cms.cern.ch/el9_amd64_gcc13/cms/cmssw/CMSSW_20_0_0/lib/el9_amd64_gcc13/libFWCoreFramework.so
#10 0x00007f7509b6ae64 in tbb::detail::d2::function_task<edm::WaitingTaskList::announce()::{lambda()#1}>::execute(tbb::detail::d1::execution_data&) () from /cvmfs/cms.cern.ch/el9_amd64_gcc13/cms/cmssw/CMSSW_20_0_0/lib/el9_amd64_gcc13/libFWCoreConcurrency.so
#11 0x00007f750954f19b in tbb::detail::r1::task_dispatcher::local_wait_for_all<false, tbb::detail::r1::outermost_worker_waiter> (t=<optimized out>, waiter=..., this=0x7f7503e79780) at src/tbb/task_dispatcher.h:344
#12 tbb::detail::r1::task_dispatcher::local_wait_for_all<tbb::detail::r1::outermost_worker_waiter> (t=0x0, waiter=..., this=0x7f7503e79780) at src/tbb/task_dispatcher.h:487
#13 tbb::detail::r1::arena::process (tls=..., this=<optimized out>) at src/tbb/arena.cpp:216
#14 tbb::detail::r1::thread_dispatcher_client::process (td=..., this=<optimized out>) at src/tbb/thread_dispatcher_client.h:41
#15 tbb::detail::r1::thread_dispatcher::process (this=<optimized out>, j=...) at src/tbb/thread_dispatcher.cpp:195
#16 0x00007f7509542c75 in tbb::detail::r1::rml::private_worker::run (this=0x7f7503e70c00) at src/tbb/private_server.cpp:271
#17 tbb::detail::r1::rml::private_worker::thread_routine (arg=0x7f7503e70c00) at src/tbb/private_server.cpp:221
#18 0x00007f750888b569 in start_thread () from /lib64/libc.so.6
#19 0x00007f7508910760 in clone3 () from /lib64/libc.so.6
Thread 7 (Thread 0x7f74ab3fe640 (LWP 1186952) "cmsRun"):
#0  0x00007f75088d5b25 in clock_nanosleep@GLIBC_2.2.5 () from /lib64/libc.so.6
#1  0x00007f75088da5d7 in nanosleep () from /lib64/libc.so.6
#2  0x00007f75088da50e in sleep () from /lib64/libc.so.6
#3  0x00007f75028471ac in sig_pause_for_stacktrace () from /cvmfs/cms.cern.ch/el9_amd64_gcc13/cms/cmssw/CMSSW_20_0_0/lib/el9_amd64_gcc13/pluginFWCoreServicesPlugins.so
#4  <signal handler called>
#5  0x00007f74bad5f039 in Phase2TrackerRecHits::produce(edm::StreamID, edm::Event&, edm::EventSetup const&) const () from /cvmfs/cms.cern.ch/el9_amd64_gcc13/cms/cmssw/CMSSW_20_0_0/lib/el9_amd64_gcc13/pluginRecoLocalTrackerPhase2TrackerRecHitsPlugins.so
#6  0x00007f7509a42121 in edm::global::EDProducerBase::doEvent(edm::EventTransitionInfo const&, edm::ActivityRegistry*, edm::ModuleCallingContext const*) () from /cvmfs/cms.cern.ch/el9_amd64_gcc13/cms/cmssw/CMSSW_20_0_0/lib/el9_amd64_gcc13/libFWCoreFramework.so
#7  0x00007f7509a3ba57 in edm::WorkerT<edm::global::EDProducerBase>::implDo(edm::EventTransitionInfo const&, edm::ModuleCallingContext const*) () from /cvmfs/cms.cern.ch/el9_amd64_gcc13/cms/cmssw/CMSSW_20_0_0/lib/el9_amd64_gcc13/libFWCoreFramework.so
#8  0x00007f75099ccc52 in std::__exception_ptr::exception_ptr edm::Worker::runModuleAfterAsyncPrefetch<edm::OccurrenceTraits<edm::EventPrincipal, (edm::TransitionActionType)1> >(std::__exception_ptr::exception_ptr, edm::OccurrenceTraits<edm::EventPrincipal, (edm::TransitionActionType)1>::TransitionInfoType const&, edm::StreamID, edm::ParentContext const&, edm::OccurrenceTraits<edm::EventPrincipal, (edm::TransitionActionType)1>::Context const*) () from /cvmfs/cms.cern.ch/el9_amd64_gcc13/cms/cmssw/CMSSW_20_0_0/lib/el9_amd64_gcc13/libFWCoreFramework.so
#9  0x00007f75099cd164 in edm::Worker::RunModuleTask<edm::OccurrenceTraits<edm::EventPrincipal, (edm::TransitionActionType)1> >::execute() () from /cvmfs/cms.cern.ch/el9_amd64_gcc13/cms/cmssw/CMSSW_20_0_0/lib/el9_amd64_gcc13/libFWCoreFramework.so
#10 0x00007f7509b6ae64 in tbb::detail::d2::function_task<edm::WaitingTaskList::announce()::{lambda()#1}>::execute(tbb::detail::d1::execution_data&) () from /cvmfs/cms.cern.ch/el9_amd64_gcc13/cms/cmssw/CMSSW_20_0_0/lib/el9_amd64_gcc13/libFWCoreConcurrency.so
#11 0x00007f750954f19b in tbb::detail::r1::task_dispatcher::local_wait_for_all<false, tbb::detail::r1::outermost_worker_waiter> (t=<optimized out>, waiter=..., this=0x7f7503e79880) at src/tbb/task_dispatcher.h:344
#12 tbb::detail::r1::task_dispatcher::local_wait_for_all<tbb::detail::r1::outermost_worker_waiter> (t=0x0, waiter=..., this=0x7f7503e79880) at src/tbb/task_dispatcher.h:487
#13 tbb::detail::r1::arena::process (tls=..., this=<optimized out>) at src/tbb/arena.cpp:216
#14 tbb::detail::r1::thread_dispatcher_client::process (td=..., this=<optimized out>) at src/tbb/thread_dispatcher_client.h:41
#15 tbb::detail::r1::thread_dispatcher::process (this=<optimized out>, j=...) at src/tbb/thread_dispatcher.cpp:195
#16 0x00007f7509542c75 in tbb::detail::r1::rml::private_worker::run (this=0x7f7503e70a80) at src/tbb/private_server.cpp:271
#17 tbb::detail::r1::rml::private_worker::thread_routine (arg=0x7f7503e70a80) at src/tbb/private_server.cpp:221
#18 0x00007f750888b569 in start_thread () from /lib64/libc.so.6
#19 0x00007f7508910760 in clone3 () from /lib64/libc.so.6
Thread 6 (Thread 0x7f74aa9fd640 (LWP 1186953) "cmsRun"):
#0  0x00007f75088d5b25 in clock_nanosleep@GLIBC_2.2.5 () from /lib64/libc.so.6
#1  0x00007f75088da5d7 in nanosleep () from /lib64/libc.so.6
#2  0x00007f75088da50e in sleep () from /lib64/libc.so.6
#3  0x00007f75028471ac in sig_pause_for_stacktrace () from /cvmfs/cms.cern.ch/el9_amd64_gcc13/cms/cmssw/CMSSW_20_0_0/lib/el9_amd64_gcc13/pluginFWCoreServicesPlugins.so
#4  <signal handler called>
#5  0x00007f74b9f585db in TTClusterBuilder<edm::Ref<edm::DetSetVector<io_v1::Phase2TrackerDigi>, io_v1::Phase2TrackerDigi, edm::refhelper::FindForDetSetVector<io_v1::Phase2TrackerDigi> > >::produce(edm::Event&, edm::EventSetup const&) () from /home/garibeir/CMSSW_20_0_0_patch1/lib/el9_amd64_gcc13/pluginTrackTriggerPlugins.so
#6  0x00007f7509a55512 in edm::stream::EDProducerAdaptorBase::doEvent(edm::EventTransitionInfo const&, edm::ActivityRegistry*, edm::ModuleCallingContext const*) () from /cvmfs/cms.cern.ch/el9_amd64_gcc13/cms/cmssw/CMSSW_20_0_0/lib/el9_amd64_gcc13/libFWCoreFramework.so
#7  0x00007f7509a3c3f7 in edm::WorkerT<edm::stream::EDProducerAdaptorBase>::implDo(edm::EventTransitionInfo const&, edm::ModuleCallingContext const*) () from /cvmfs/cms.cern.ch/el9_amd64_gcc13/cms/cmssw/CMSSW_20_0_0/lib/el9_amd64_gcc13/libFWCoreFramework.so
#8  0x00007f75099ccc52 in std::__exception_ptr::exception_ptr edm::Worker::runModuleAfterAsyncPrefetch<edm::OccurrenceTraits<edm::EventPrincipal, (edm::TransitionActionType)1> >(std::__exception_ptr::exception_ptr, edm::OccurrenceTraits<edm::EventPrincipal, (edm::TransitionActionType)1>::TransitionInfoType const&, edm::StreamID, edm::ParentContext const&, edm::OccurrenceTraits<edm::EventPrincipal, (edm::TransitionActionType)1>::Context const*) () from /cvmfs/cms.cern.ch/el9_amd64_gcc13/cms/cmssw/CMSSW_20_0_0/lib/el9_amd64_gcc13/libFWCoreFramework.so
#9  0x00007f75099cd164 in edm::Worker::RunModuleTask<edm::OccurrenceTraits<edm::EventPrincipal, (edm::TransitionActionType)1> >::execute() () from /cvmfs/cms.cern.ch/el9_amd64_gcc13/cms/cmssw/CMSSW_20_0_0/lib/el9_amd64_gcc13/libFWCoreFramework.so
#10 0x00007f7509b6ae64 in tbb::detail::d2::function_task<edm::WaitingTaskList::announce()::{lambda()#1}>::execute(tbb::detail::d1::execution_data&) () from /cvmfs/cms.cern.ch/el9_amd64_gcc13/cms/cmssw/CMSSW_20_0_0/lib/el9_amd64_gcc13/libFWCoreConcurrency.so
#11 0x00007f750954f19b in tbb::detail::r1::task_dispatcher::local_wait_for_all<false, tbb::detail::r1::outermost_worker_waiter> (t=<optimized out>, waiter=..., this=0x7f7503e79a80) at src/tbb/task_dispatcher.h:344
#12 tbb::detail::r1::task_dispatcher::local_wait_for_all<tbb::detail::r1::outermost_worker_waiter> (t=0x0, waiter=..., this=0x7f7503e79a80) at src/tbb/task_dispatcher.h:487
#13 tbb::detail::r1::arena::process (tls=..., this=<optimized out>) at src/tbb/arena.cpp:216
#14 tbb::detail::r1::thread_dispatcher_client::process (td=..., this=<optimized out>) at src/tbb/thread_dispatcher_client.h:41
#15 tbb::detail::r1::thread_dispatcher::process (this=<optimized out>, j=...) at src/tbb/thread_dispatcher.cpp:195
#16 0x00007f7509542c75 in tbb::detail::r1::rml::private_worker::run (this=0x7f7503e70b00) at src/tbb/private_server.cpp:271
#17 tbb::detail::r1::rml::private_worker::thread_routine (arg=0x7f7503e70b00) at src/tbb/private_server.cpp:221
#18 0x00007f750888b569 in start_thread () from /lib64/libc.so.6
#19 0x00007f7508910760 in clone3 () from /lib64/libc.so.6
Thread 5 (Thread 0x7f7499fff640 (LWP 1186978) "cmsRun"):
#0  0x00007f75088d5b25 in clock_nanosleep@GLIBC_2.2.5 () from /lib64/libc.so.6
#1  0x00007f75088da5d7 in nanosleep () from /lib64/libc.so.6
#2  0x00007f75088da50e in sleep () from /lib64/libc.so.6
#3  0x00007f75028471ac in sig_pause_for_stacktrace () from /cvmfs/cms.cern.ch/el9_amd64_gcc13/cms/cmssw/CMSSW_20_0_0/lib/el9_amd64_gcc13/pluginFWCoreServicesPlugins.so
#4  <signal handler called>
#5  0x00007f74d97f86d1 in Eigen::internal::general_matrix_vector_product<long, double, Eigen::internal::const_blas_data_mapper<double, long, 0>, 0, false, double, Eigen::internal::const_blas_data_mapper<double, long, 1>, false, 0>::run(long, long, Eigen::internal::const_blas_data_mapper<double, long, 0> const&, Eigen::internal::const_blas_data_mapper<double, long, 1> const&, double*, long, double) [clone .constprop.1] () from /cvmfs/cms.cern.ch/el9_amd64_gcc13/cms/cmssw/CMSSW_20_0_0/lib/el9_amd64_gcc13/libRecoLocalCaloEcalRecAlgos.so
#6  0x00007f74d97dc073 in PulseChiSqSNNLS::updateCov(Eigen::Matrix<double, 10, 10, 0, 10, 10> const&, Eigen::Matrix<double, 19, 19, 0, 19, 19> const&) () from /cvmfs/cms.cern.ch/el9_amd64_gcc13/cms/cmssw/CMSSW_20_0_0/lib/el9_amd64_gcc13/libRecoLocalCaloEcalRecAlgos.so
#7  0x00007f74d97e030d in PulseChiSqSNNLS::Minimize(Eigen::Matrix<double, 10, 10, 0, 10, 10> const&, Eigen::Matrix<double, 19, 19, 0, 19, 19> const&) () from /cvmfs/cms.cern.ch/el9_amd64_gcc13/cms/cmssw/CMSSW_20_0_0/lib/el9_amd64_gcc13/libRecoLocalCaloEcalRecAlgos.so
#8  0x00007f74d97e08da in PulseChiSqSNNLS::DoFit(Eigen::Matrix<double, 10, 1, 0, 10, 1> const&, Eigen::Matrix<double, 10, 10, 0, 10, 10> const&, Eigen::Matrix<char, -1, 1, 0, 12, 1> const&, Eigen::Matrix<double, 19, 1, 0, 19, 1> const&, Eigen::Matrix<double, 19, 19, 0, 19, 19> const&, Eigen::Matrix<char, 10, 1, 0, 10, 1> const&, Eigen::Matrix<char, 10, 1, 0, 10, 1> const&) () from /cvmfs/cms.cern.ch/el9_amd64_gcc13/cms/cmssw/CMSSW_20_0_0/lib/el9_amd64_gcc13/libRecoLocalCaloEcalRecAlgos.so
#9  0x00007f74d97e18fe in EcalUncalibRecHitMultiFitAlgo::makeRecHit(EcalDataFrame const&, EcalPedestal const*, EcalMGPAGainRatio const*, std::array<Eigen::Matrix<double, 10, 10, 0, 10, 10>, 3ul> const&, Eigen::Matrix<double, 19, 1, 0, 19, 1> const&, Eigen::Matrix<double, 19, 19, 0, 19, 19> const&, Eigen::Matrix<char, -1, 1, 0, 12, 1> const&) () from /cvmfs/cms.cern.ch/el9_amd64_gcc13/cms/cmssw/CMSSW_20_0_0/lib/el9_amd64_gcc13/libRecoLocalCaloEcalRecAlgos.so
#10 0x00007f749338425d in EcalUncalibRecHitWorkerMultiFit::run(edm::Event const&, EcalDigiCollection const&, edm::SortedCollection<EcalUncalibratedRecHit, edm::StrictWeakOrdering<EcalUncalibratedRecHit> >&) () from /cvmfs/cms.cern.ch/el9_amd64_gcc13/cms/cmssw/CMSSW_20_0_0/lib/el9_amd64_gcc13/pluginRecoLocalCaloEcalRecProducersPlugins.so
#11 0x00007f749336b546 in EcalUncalibRecHitProducer::produce(edm::Event&, edm::EventSetup const&) () from /cvmfs/cms.cern.ch/el9_amd64_gcc13/cms/cmssw/CMSSW_20_0_0/lib/el9_amd64_gcc13/pluginRecoLocalCaloEcalRecProducersPlugins.so
#12 0x00007f7509a55512 in edm::stream::EDProducerAdaptorBase::doEvent(edm::EventTransitionInfo const&, edm::ActivityRegistry*, edm::ModuleCallingContext const*) () from /cvmfs/cms.cern.ch/el9_amd64_gcc13/cms/cmssw/CMSSW_20_0_0/lib/el9_amd64_gcc13/libFWCoreFramework.so
#13 0x00007f7509a3c3f7 in edm::WorkerT<edm::stream::EDProducerAdaptorBase>::implDo(edm::EventTransitionInfo const&, edm::ModuleCallingContext const*) () from /cvmfs/cms.cern.ch/el9_amd64_gcc13/cms/cmssw/CMSSW_20_0_0/lib/el9_amd64_gcc13/libFWCoreFramework.so
#14 0x00007f75099ccc52 in std::__exception_ptr::exception_ptr edm::Worker::runModuleAfterAsyncPrefetch<edm::OccurrenceTraits<edm::EventPrincipal, (edm::TransitionActionType)1> >(std::__exception_ptr::exception_ptr, edm::OccurrenceTraits<edm::EventPrincipal, (edm::TransitionActionType)1>::TransitionInfoType const&, edm::StreamID, edm::ParentContext const&, edm::OccurrenceTraits<edm::EventPrincipal, (edm::TransitionActionType)1>::Context const*) () from /cvmfs/cms.cern.ch/el9_amd64_gcc13/cms/cmssw/CMSSW_20_0_0/lib/el9_amd64_gcc13/libFWCoreFramework.so
#15 0x00007f75099cd164 in edm::Worker::RunModuleTask<edm::OccurrenceTraits<edm::EventPrincipal, (edm::TransitionActionType)1> >::execute() () from /cvmfs/cms.cern.ch/el9_amd64_gcc13/cms/cmssw/CMSSW_20_0_0/lib/el9_amd64_gcc13/libFWCoreFramework.so
#16 0x00007f7509b6ae64 in tbb::detail::d2::function_task<edm::WaitingTaskList::announce()::{lambda()#1}>::execute(tbb::detail::d1::execution_data&) () from /cvmfs/cms.cern.ch/el9_amd64_gcc13/cms/cmssw/CMSSW_20_0_0/lib/el9_amd64_gcc13/libFWCoreConcurrency.so
#17 0x00007f750954f19b in tbb::detail::r1::task_dispatcher::local_wait_for_all<false, tbb::detail::r1::outermost_worker_waiter> (t=<optimized out>, waiter=..., this=0x7f7503e79b80) at src/tbb/task_dispatcher.h:344
#18 tbb::detail::r1::task_dispatcher::local_wait_for_all<tbb::detail::r1::outermost_worker_waiter> (t=0x0, waiter=..., this=0x7f7503e79b80) at src/tbb/task_dispatcher.h:487
#19 tbb::detail::r1::arena::process (tls=..., this=<optimized out>) at src/tbb/arena.cpp:216
#20 tbb::detail::r1::thread_dispatcher_client::process (td=..., this=<optimized out>) at src/tbb/thread_dispatcher_client.h:41
#21 tbb::detail::r1::thread_dispatcher::process (this=<optimized out>, j=...) at src/tbb/thread_dispatcher.cpp:195
#22 0x00007f7509542c75 in tbb::detail::r1::rml::private_worker::run (this=0x7f7503e70a00) at src/tbb/private_server.cpp:271
#23 tbb::detail::r1::rml::private_worker::thread_routine (arg=0x7f7503e70a00) at src/tbb/private_server.cpp:221
#24 0x00007f750888b569 in start_thread () from /lib64/libc.so.6
#25 0x00007f7508910760 in clone3 () from /lib64/libc.so.6
Thread 4 (Thread 0x7f74377ff640 (LWP 1187099) "cmsRun"):
#0  0x00007f750888854a in __futex_abstimed_wait_common () from /lib64/libc.so.6
#1  0x00007f750888ab32 in pthread_cond_wait@@GLIBC_2.3.2 () from /lib64/libc.so.6
#2  0x00007f74d497aec3 in Eigen::ThreadPoolTempl<tsl::thread::EigenEnvironment>::WaitForWork(Eigen::EventCount::Waiter*, tsl::thread::EigenEnvironment::Task*) () from /cvmfs/cms.cern.ch/el9_amd64_gcc13/cms/cmssw-patch/CMSSW_20_0_0_patch1/external/el9_amd64_gcc13/lib/libtensorflow_cc.so.2
#3  0x00007f74d497b4bd in Eigen::ThreadPoolTempl<tsl::thread::EigenEnvironment>::WorkerLoop(int) () from /cvmfs/cms.cern.ch/el9_amd64_gcc13/cms/cmssw-patch/CMSSW_20_0_0_patch1/external/el9_amd64_gcc13/lib/libtensorflow_cc.so.2
#4  0x00007f74d49793d8 in void absl::lts_20230802::internal_any_invocable::RemoteInvoker<false, void, tsl::thread::EigenEnvironment::CreateThread(std::function<void ()>)::{lambda()#1}&>(absl::lts_20230802::internal_any_invocable::TypeErasedState*) () from /cvmfs/cms.cern.ch/el9_amd64_gcc13/cms/cmssw-patch/CMSSW_20_0_0_patch1/external/el9_amd64_gcc13/lib/libtensorflow_cc.so.2
#5  0x00007f74bf4abab2 in tsl::(anonymous namespace)::PThread::ThreadFn(void*) () from /cvmfs/cms.cern.ch/el9_amd64_gcc13/cms/cmssw-patch/CMSSW_20_0_0_patch1/external/el9_amd64_gcc13/lib/libtensorflow_framework.so.2
#6  0x00007f750888b569 in start_thread () from /lib64/libc.so.6
#7  0x00007f7508910760 in clone3 () from /lib64/libc.so.6
Thread 3 (Thread 0x7f7436bff640 (LWP 1187100) "cmsRun"):
#0  0x00007f750888854a in __futex_abstimed_wait_common () from /lib64/libc.so.6
#1  0x00007f750888ab32 in pthread_cond_wait@@GLIBC_2.3.2 () from /lib64/libc.so.6
#2  0x00007f74d497aec3 in Eigen::ThreadPoolTempl<tsl::thread::EigenEnvironment>::WaitForWork(Eigen::EventCount::Waiter*, tsl::thread::EigenEnvironment::Task*) () from /cvmfs/cms.cern.ch/el9_amd64_gcc13/cms/cmssw-patch/CMSSW_20_0_0_patch1/external/el9_amd64_gcc13/lib/libtensorflow_cc.so.2
#3  0x00007f74d497b4bd in Eigen::ThreadPoolTempl<tsl::thread::EigenEnvironment>::WorkerLoop(int) () from /cvmfs/cms.cern.ch/el9_amd64_gcc13/cms/cmssw-patch/CMSSW_20_0_0_patch1/external/el9_amd64_gcc13/lib/libtensorflow_cc.so.2
#4  0x00007f74d49793d8 in void absl::lts_20230802::internal_any_invocable::RemoteInvoker<false, void, tsl::thread::EigenEnvironment::CreateThread(std::function<void ()>)::{lambda()#1}&>(absl::lts_20230802::internal_any_invocable::TypeErasedState*) () from /cvmfs/cms.cern.ch/el9_amd64_gcc13/cms/cmssw-patch/CMSSW_20_0_0_patch1/external/el9_amd64_gcc13/lib/libtensorflow_cc.so.2
#5  0x00007f74bf4abab2 in tsl::(anonymous namespace)::PThread::ThreadFn(void*) () from /cvmfs/cms.cern.ch/el9_amd64_gcc13/cms/cmssw-patch/CMSSW_20_0_0_patch1/external/el9_amd64_gcc13/lib/libtensorflow_framework.so.2
#6  0x00007f750888b569 in start_thread () from /lib64/libc.so.6
#7  0x00007f7508910760 in clone3 () from /lib64/libc.so.6
Thread 2 (Thread 0x7f7435bff640 (LWP 1187101) "cmsRun"):
#0  0x00007f750888854a in __futex_abstimed_wait_common () from /lib64/libc.so.6
#1  0x00007f750888ab32 in pthread_cond_wait@@GLIBC_2.3.2 () from /lib64/libc.so.6
#2  0x00007f74d497aec3 in Eigen::ThreadPoolTempl<tsl::thread::EigenEnvironment>::WaitForWork(Eigen::EventCount::Waiter*, tsl::thread::EigenEnvironment::Task*) () from /cvmfs/cms.cern.ch/el9_amd64_gcc13/cms/cmssw-patch/CMSSW_20_0_0_patch1/external/el9_amd64_gcc13/lib/libtensorflow_cc.so.2
#3  0x00007f74d497b4bd in Eigen::ThreadPoolTempl<tsl::thread::EigenEnvironment>::WorkerLoop(int) () from /cvmfs/cms.cern.ch/el9_amd64_gcc13/cms/cmssw-patch/CMSSW_20_0_0_patch1/external/el9_amd64_gcc13/lib/libtensorflow_cc.so.2
#4  0x00007f74d49793d8 in void absl::lts_20230802::internal_any_invocable::RemoteInvoker<false, void, tsl::thread::EigenEnvironment::CreateThread(std::function<void ()>)::{lambda()#1}&>(absl::lts_20230802::internal_any_invocable::TypeErasedState*) () from /cvmfs/cms.cern.ch/el9_amd64_gcc13/cms/cmssw-patch/CMSSW_20_0_0_patch1/external/el9_amd64_gcc13/lib/libtensorflow_cc.so.2
#5  0x00007f74bf4abab2 in tsl::(anonymous namespace)::PThread::ThreadFn(void*) () from /cvmfs/cms.cern.ch/el9_amd64_gcc13/cms/cmssw-patch/CMSSW_20_0_0_patch1/external/el9_amd64_gcc13/lib/libtensorflow_framework.so.2
#6  0x00007f750888b569 in start_thread () from /lib64/libc.so.6
#7  0x00007f7508910760 in clone3 () from /lib64/libc.so.6
Thread 1 (Thread 0x7f7508e63300 (LWP 1186772) "cmsRun"):
#0  0x00007f750890345f in poll () from /lib64/libc.so.6
#1  0x00007f750284903e in edm::service::InitRootHandlers::stacktraceFromThread() () from /cvmfs/cms.cern.ch/el9_amd64_gcc13/cms/cmssw/CMSSW_20_0_0/lib/el9_amd64_gcc13/pluginFWCoreServicesPlugins.so
#2  0x00007f7502849243 in sig_dostack_then_abort () from /cvmfs/cms.cern.ch/el9_amd64_gcc13/cms/cmssw/CMSSW_20_0_0/lib/el9_amd64_gcc13/pluginFWCoreServicesPlugins.so
#3  <signal handler called>
#4  0x00007f750888d38c in __pthread_kill_implementation () from /lib64/libc.so.6
#5  0x00007f750883fa86 in raise () from /lib64/libc.so.6
#6  0x00007f7508829873 in abort () from /lib64/libc.so.6
#7  0x00007f750882979b in __assert_fail_base.cold () from /lib64/libc.so.6
#8  0x00007f75088387c6 in __assert_fail () from /lib64/libc.so.6
#9  0x00007f74b8cbbf27 in trklet::MatchProcessor::matchCalculator(trklet::Tracklet*, trklet::Stub const*, bool, unsigned int) () from /home/garibeir/CMSSW_20_0_0_patch1/lib/el9_amd64_gcc13/libL1TriggerTrackFindingTracklet.so
#10 0x00007f74b8cbc54a in trklet::MatchProcessor::execute(unsigned int, double) () from /home/garibeir/CMSSW_20_0_0_patch1/lib/el9_amd64_gcc13/libL1TriggerTrackFindingTracklet.so
#11 0x00007f74b8cc940f in trklet::Sector::executeMP() () from /home/garibeir/CMSSW_20_0_0_patch1/lib/el9_amd64_gcc13/libL1TriggerTrackFindingTracklet.so
#12 0x00007f74b8d2fa42 in trklet::TrackletEventProcessor::event(trklet::SLHCEvent&, std::vector<std::vector<std::__cxx11::basic_string<char, std::char_traits<char>, std::allocator<char> >, std::allocator<std::__cxx11::basic_string<char, std::char_traits<char>, std::allocator<char> > > >, std::allocator<std::vector<std::__cxx11::basic_string<char, std::char_traits<char>, std::allocator<char> >, std::allocator<std::__cxx11::basic_string<char, std::char_traits<char>, std::allocator<char> > > > > >&, std::vector<std::vector<trklet::StubStreamData, std::allocator<trklet::StubStreamData> >, std::allocator<std::vector<trklet::StubStreamData, std::allocator<trklet::StubStreamData> > > >&) () from /home/garibeir/CMSSW_20_0_0_patch1/lib/el9_amd64_gcc13/libL1TriggerTrackFindingTracklet.so
#13 0x00007f74b8df7302 in L1FPGATrackProducer::produce(edm::Event&, edm::EventSetup const&) () from /home/garibeir/CMSSW_20_0_0_patch1/lib/el9_amd64_gcc13/pluginTrackFindingTrackletPlugins.so
#14 0x00007f7509a49f48 in edm::one::EDProducerBase::doEvent(edm::EventTransitionInfo const&, edm::ActivityRegistry*, edm::ModuleCallingContext const*) () from /cvmfs/cms.cern.ch/el9_amd64_gcc13/cms/cmssw/CMSSW_20_0_0/lib/el9_amd64_gcc13/libFWCoreFramework.so
#15 0x00007f7509a3ae77 in edm::WorkerT<edm::one::EDProducerBase>::implDo(edm::EventTransitionInfo const&, edm::ModuleCallingContext const*) () from /cvmfs/cms.cern.ch/el9_amd64_gcc13/cms/cmssw/CMSSW_20_0_0/lib/el9_amd64_gcc13/libFWCoreFramework.so
#16 0x00007f75099ccc52 in std::__exception_ptr::exception_ptr edm::Worker::runModuleAfterAsyncPrefetch<edm::OccurrenceTraits<edm::EventPrincipal, (edm::TransitionActionType)1> >(std::__exception_ptr::exception_ptr, edm::OccurrenceTraits<edm::EventPrincipal, (edm::TransitionActionType)1>::TransitionInfoType const&, edm::StreamID, edm::ParentContext const&, edm::OccurrenceTraits<edm::EventPrincipal, (edm::TransitionActionType)1>::Context const*) () from /cvmfs/cms.cern.ch/el9_amd64_gcc13/cms/cmssw/CMSSW_20_0_0/lib/el9_amd64_gcc13/libFWCoreFramework.so
#17 0x00007f75099cda34 in edm::SerialTaskQueue::QueuedTask<edm::SerialTaskQueueChain::push<edm::Worker::RunModuleTask<edm::OccurrenceTraits<edm::EventPrincipal, (edm::TransitionActionType)1> >::execute()::{lambda()#1}&>(tbb::detail::d2::task_group&, edm::Worker::RunModuleTask<edm::OccurrenceTraits<edm::EventPrincipal, (edm::TransitionActionType)1> >::execute()::{lambda()#1}&)::{lambda()#1}>::execute() () from /cvmfs/cms.cern.ch/el9_amd64_gcc13/cms/cmssw/CMSSW_20_0_0/lib/el9_amd64_gcc13/libFWCoreFramework.so
#18 0x00007f7509b6d427 in tbb::detail::d2::function_task<edm::SerialTaskQueue::spawn(edm::SerialTaskQueue::TaskBase&)::{lambda()#1}>::execute(tbb::detail::d1::execution_data&) () from /cvmfs/cms.cern.ch/el9_amd64_gcc13/cms/cmssw/CMSSW_20_0_0/lib/el9_amd64_gcc13/libFWCoreConcurrency.so
#19 0x00007f7509547243 in tbb::detail::r1::task_dispatcher::local_wait_for_all<false, tbb::detail::r1::external_waiter> (waiter=..., t=0x7f74ac129600, this=<optimized out>) at src/tbb/task_dispatcher.h:344
#20 tbb::detail::r1::task_dispatcher::local_wait_for_all<tbb::detail::r1::external_waiter> (waiter=..., t=<optimized out>, this=<optimized out>) at src/tbb/task_dispatcher.h:487
#21 tbb::detail::r1::task_dispatcher::execute_and_wait (t=<optimized out>, wait_ctx=..., w_ctx=...) at src/tbb/task_dispatcher.cpp:169
#22 0x00007f7509947ddf in edm::FinalWaitingTask::wait() () from /cvmfs/cms.cern.ch/el9_amd64_gcc13/cms/cmssw/CMSSW_20_0_0/lib/el9_amd64_gcc13/libFWCoreFramework.so
#23 0x00007f750995bcab in edm::EventProcessor::processRuns() () from /cvmfs/cms.cern.ch/el9_amd64_gcc13/cms/cmssw/CMSSW_20_0_0/lib/el9_amd64_gcc13/libFWCoreFramework.so
#24 0x00007f7509955c51 in edm::EventProcessor::runToCompletion() () from /cvmfs/cms.cern.ch/el9_amd64_gcc13/cms/cmssw/CMSSW_20_0_0/lib/el9_amd64_gcc13/libFWCoreFramework.so
#25 0x00000000004091b3 in tbb::detail::d1::task_arena_function<main::{lambda()#1}::operator()() const::{lambda()#1}, void>::operator()() const ()
#26 0x00007f7509536832 in tbb::detail::r1::task_arena_impl::execute (ta=..., d=...) at src/tbb/arena.cpp:860
#27 0x000000000040ac27 in main::{lambda()#1}::operator()() const ()
#28 0x0000000000405288 in main ()

Current Modules:

Module: L1FPGATrackProducer:l1tTTTracksFromTrackletEmulation (crashed)
Module: EcalDetIdToBeRecoveredProducer:hltEcalDetIdToBeRecovered
Module: TTClusterBuilder_Phase2TrackerDigi_:TTClustersFromPhase2TrackerDigis
Module: TTClusterBuilder_Phase2TrackerDigi_:TTClustersFromPhase2TrackerDigis
Module: LSTProducer@alpaka:hltLST
Module: L1TMuonEndCapPhase2TrackProducer:simEmtfDigisPhase2
Module: EcalRawToDigi:hltEcalDigis
Module: TTClusterBuilder_Phase2TrackerDigi_:TTClustersFromPhase2TrackerDigis
Module: EcalTrigPrimProducer:simEcalTriggerPrimitiveDigis
Module: TrackProducer:hltInitialStepTracks
Module: EcalUncalibRecHitProducer:hltEcalMultiFitUncalibRecHit
Module: TTStubBuilder_Phase2TrackerDigi_:TTStubsFromPhase2TrackerDigis
Module: EcalSelectiveReadoutProducer:simEcalDigis
Module: Phase2TrackerRecHits:hltSiPhase2RecHits
Module: TTClusterBuilder_Phase2TrackerDigi_:TTClustersFromPhase2TrackerDigis
Module: L1FPGATrackProducer:l1tTTTracksFromExtendedTrackletEmulation

A fatal system signal has occurred: abort signal
